name,description,level,character_class,subclass,is_choice,uses,source,source_file
Base Features,"Hit Points:
Hit Dice: 1d8 per artificer level Hit Points at 1st Level: 8 + your Constitution modifier Hit Points at Higher Levels: 1d8 (or 5) + your Constitution modifier per artificer level after 1st

Proficiencies:
Armor: Light armor, medium armor, shields Weapons: Simple weapons Tools: Thieves’ tools, tinker’s tools, one type of artisan’s tools of your choice Saving Throws: Constitution, Intelligence Skills: Choose two from Arcana, History, Investigation, Medicine, Nature, Perception, Sleight of Hand

Equipment:
You start with the following equipment, in addition to the equipment granted by your background:

• any two simple weapons

• a light crossbow and 20 bolts

• (a) studded leather armor or (b) scale mail

• thieves’ tools and a dungeoneer’s pack

Alternatively, you may start with 5d4x10 starting gold

Optional Rule: Firearm Proficiency:
The secrets of gunpowder weapons have been discovered in various corners of the D&D multiverse. If your Dungeon Master uses the rules on firearms in the Dungeon Master's Guide and your artificer has been exposed to the operation of such weapons, your artificer is proficient with them.",1,Artificer,,False,,,artificer_features.json
Magical Tinkering,"At 1st level, you've learned how to invest a spark of magic into mundane objects. To use this ability, you must have thieves' tools or artisan's tools in hand. You then touch a Tiny nonmagical object as an action and give it one of the following magical properties of your choice:

• The object sheds bright light in a 5-foot radius and dim light for an additional 5 feet.

• Whenever tapped by a creature, the object emits a recorded message that can be heard up to 10 feet away. You utter the message when you bestow this property on the object, and the recording can be no more than 6 seconds long.

• The object continuously emits your choice of an odor or a nonverbal sound (wind, waves, chirping, or the like). The chosen phenomenon is perceivable up to 10 feet away.

• A static visual effect appears on one of the object's surfaces. This effect can be a picture, up to 25 words of text, lines and shapes, or a mixture of these elements, as you like.

The chosen property lasts indefinitely. As an action, you can touch the object and end the property early.

You can bestow magic on multiple objects, touching one object each time you use this feature, though a single object can only bear one property at a time. The maximum number of objects you can affect with this feature at one time is equal to your Intelligence modifier (minimum of one object). If you try to exceed your maximum, the oldest property immediately ends, and then the new property applies.",1,Artificer,,False,,,artificer_features.json
Spellcasting,"Spellcasting:
You've studied the workings of magic and how to cast spells, channeling the magic through objects. To observers, you don't appear to be casting spells in a conventional way; you appear to produce wonders from mundane items and outlandish inventions.

Tools Required

You produce your artificer spell effects through your tools. You must have a spellcasting focus - specifically thieves' tools or some kind of artisan's tool - in hand when you cast any spell with this Spellcasting feature (meaning the spell has an ""M"" component when you cast it). You must be proficient with the tool to use it in this way. See the equipment chapter in the Player's Handbook for descriptions of these tools.

After you gain the Infuse Item feature at 2nd level, you can also use any item bearing one of your infusions as a spellcasting focus.

Cantrips (0-Level Spells)

At 1st level, you know two cantrips of your choice from the artificer spell list. At higher levels, you learn additional artificer cantrips of your choice, as shown in the Cantrips Known column of the Artificer table.

When you gain a level in this class, you can replace one of the artificer cantrips you know with another cantrip from the artificer spell list.

Preparing and Casting Spells

The Artificer table shows how many spell slots you have to cast your artificer spells. To cast one of your artificer spells of 1st level or higher, you must expend a slot of the spell's level or higher. You regain all expended spell slots when you finish a long rest.

You prepare the list of artificer spells that are available for you to cast, choosing from the artificer spell list. When you do so, choose a number of artificer spells equal to your Intelligence modifier + half your artificer level, rounded down (minimum of one spell). The spells must be of a level for which you have spell slots.

For example, if you are a 5th-level artificer, you have four 1st-level and two 2nd-level spell slots. With an Intelligence of 14, your list of prepared spells can include four spells of 1st or 2nd level, in any combination. If you prepare the 1st-level spell Cure Wounds, you can cast it using a lst-level or a 2nd-level slot. Casting the spell doesn't remove it from your list of prepared spells.

You can change your list of prepared spells when you finish a long rest. Preparing a new list of artificer spells requires time spent tinkering with your spellcasting focuses: at least 1 minute per spell level for each spell on your list.

Spellcasting Ability

Intelligence is your spellcasting ability for your artificer spells; your understanding of the theory behind magic allows you to wield these spells with superior skill. You use your Intelligence whenever an artificer spell refers to your spellcasting ability. In addition, you use your Intelligence modifier when setting the saving throw DC for an artificer spell you cast and when making an attack roll with one.

Spell save DC = 8 + your proficiency bonus + your Intelligence modifier

Spell attack modifier = your proficiency bonus + your Intelligence modifier

Ritual Casting

You can cast an artificer spell as a ritual if that spell has the ritual tag and you have the spell prepared.",1,Artificer,,False,,,artificer_features.json
Infuse Item,"At 2nd level, you've gained the ability to imbue mundane items with certain magical infusions, turning those objects into magic items.

Infusions Known

When you gain this feature, pick four artificer infusions to learn. You learn additional infusions of your choice when you reach certain levels in this class, as shown in the Infusions Known column of the Artificer table.

Whenever you gain a level in this class, you can replace one of the artificer infusions you learned with a new one.

Infusing an Item

Whenever you finish a long rest, you can touch a nonmagical object and imbue it with one of your artificer infusions, turning it into a magic item. An infusion works on only certain kinds of objects, as specified in the infusion's description. If the item requires attunement, you can attune yourself to it the instant you infuse the item. If you decide to attune to the item later, you must do so using the normal process for attunement (see the attunement rules in the Dungeon Master's Guide).

Your infusion remains in an item indefinitely, but when you die, the infusion vanishes after a number of days equal to your Intelligence modifier (minimum of 1 day). The infusion also vanishes if you replace your knowledge of the infusion.

You can infuse more than one nonmagical object at the end of a long rest; the maximum number of objects appears in the Infused Items column of the Artificer table. You must touch each of the objects, and each of your infusions can be in only one object at a time. Moreover, no object can bear more than one of your infusions at a time. If you try to exceed your maximum number of infusions, the oldest infusion ends, and then the new infusion applies.

If an infusion ends on an item that contains other things, like a bag of holding, its contents harmlessly appear in and around its space.",2,Artificer,,False,,,artificer_features.json
Artificer Specialist,"At 3rd level, you choose the type of specialist you are. Your choice grants you features at 5th level and again at 9th and 15th level.",3,Artificer,Pick your subclass where you set your class (top left),True,,,artificer_features.json
The Right Tool for the Job,"At 3rd level, you've learned how to produce exactly the tool you need: with thieves' tools or artisan's tools in hand, you can magically create one set of artisan's tools in an unoccupied space within 5 feet of you. This creation requires 1 hour of uninterrupted work, which can coincide with a short or long rest. Though the product of magic, the tools are nonmagical, and they vanish when you use this feature again.",3,Artificer,,False,,,artificer_features.json
Tool Expertise,"At 6th level, your proficiency bonus is now doubled for any ability check you make that uses your proficiency with a tool.",6,Artificer,,False,,,artificer_features.json
Flash of Genius,"At 7th level, you've gained the ability to come up with solutions under pressure. When you or another creature you can see within 30 feet of you makes an ability check or a saving throw, you can use your reaction to add your Intelligence modifier to the roll.

You can use this feature a number of times equal to your Intelligence modifier (minimum of once). You regain all expended uses when you finish a long rest.",7,Artificer,,False,,,artificer_features.json
Magic Item Adept,"When you reach 10th level, you achieve a profound understanding of how to use and make magic items:

• You can attune to up to four magic items at once.

• If you craft a magic item with a rarity of common or uncommon, it takes you a quarter of the normal time, and it costs you half as much of the usual gold.",10,Artificer,,False,,,artificer_features.json
Spell-Storing Item,"At 11th level, you can now store a spell in an object. Whenever you finish a long rest, you can touch one simple or martial weapon or one item that you can use as a spellcasting focus, and you store a spell in it, choosing a 1st- or 2nd-level spell from the artificer spell list that requires 1 action to cast (you needn't have it prepared).

While holding the object, a creature can take an action to produce the spell's effect from it, using your spellcasting ability modifier. If the spell requires concentration, the creature must concentrate. The spell stays in the object until it's been used a number of times equal to twice your Intelligence modifier (minimum of twice) or until you use this feature again to store a spell in an object.",11,Artificer,,False,,,artificer_features.json
Magic Item Savant,"At 14th level, your skill with magic items deepens more:

• You can attune to up to five magic items at once.

• You ignore all class, race, spell and level requirements on attuning to or using a magic item.",14,Artificer,,False,,,artificer_features.json
Magic Item Master,"Starting at 18th level, you can attune up to six magic items at once.",18,Artificer,,False,,,artificer_features.json
Soul of Artifice,"At 20th level, you develop a mystical connection to your magic items, which you can draw on for protection:

• You gain a +1 bonus to all saving throws per magic item you are currently attuned to.

• If you're reduced to 0 hit points but not killed out-right, you can use your reaction to end one of your artificer infusions, causing you to drop to 1 hit point instead of 0.",20,Artificer,,False,,,artificer_features.json
Arcane Propulsion Armor,"Prerequisite: 14th-level artificer Item: A suit of armor (requires attunement)

The wearer of this armor gains these benefits:

• The wearer's walking speed increases by 5 feet.

• The armor includes gauntlets, each of which is a magic melee weapon that can be wielded only when the hand is holding nothing. The wearer is proficient with the gauntlets, and each one deals 1d8 force damage on a hit and has the thrown property, with a normal range of 20 feet and a long range of 60 feet. When thrown, the gauntlet detaches and flies at the attack's target, then immediately returns to the wearer and reattaches.

• The armor can't be removed against the wearer's will.

• If the wearer is missing any limbs, the armor replaces those limbs - hands, arms, feet, legs, or similar appendages. The replacements function identically to the body parts they replace.",3,Artificer,Artificer Infusions,False,,,artificer_features.json
Armor of Magical Strength,"Item: A suit of armor (requires attunement)

This armor has 6 charges. The wearer can expend the armor's charges in the following ways:

• When the wearer makes a Strength check or a Strength saving throw, it can expend 1 charge to add a bonus to the roll equal to its Intelligence modifier.

• If the creature would be knocked prone, it can use its reaction to expend 1 charge to avoid being knocked prone.

The armor regains 1d6 expended charges daily at dawn.",3,Artificer,Artificer Infusions,False,,,artificer_features.json
Armor of Tools (UA),"Item: A suit of armor

As an action, a creature wearing this infused armor can integrate into it artisan’s tools or thieves’ tools. The tools remain integrated in the armor for 8 hours or until the wearer removes the tools as an action. The armor can have only one tool integrated at a time. The wearer can add its Intelligence modifier to any ability checks it makes with the integrated tool. The wearer must have a hand free to use the tool.",3,Artificer,Artificer Infusions,False,,,artificer_features.json
Boots of the Winding Path,"Prerequisite: 6th-level artificer Item: A pair of boots (requires attunement)

While wearing these boots, a creature can teleport up to 15 feet as a bonus action to an unoccupied space the creature can see. The creature must have occupied that space at some point during the current turn.",3,Artificer,Artificer Infusions,False,,,artificer_features.json
Enhanced Arcane Focus,"Item: A rod, staff or wand (requires attunement)

While holding this item, a creature gains +1 bonus to spell attack rolls. In addition, the creature ignores half cover when making a spell attack.

The bonus increases to +2 when you reach 10th level in this class.",10,Artificer,Artificer Infusions,False,,,artificer_features.json
Enhanced Defense,"Item: A suit of armor or a shield

A creature gains a +1 bonus to Armor Class while wearing (armor) or wielding (shield) the infused item.

The bonus increases to +2 when you reach 10th level in this class.",10,Artificer,Artificer Infusions,False,,,artificer_features.json
Enhanced Weapon,"Item: A simple or martial weapon

This magic weapon grants a +1 bonus to attack and damage rolls made with it.

The bonus increases to +2 when you reach 10th level in this class.",10,Artificer,Artificer Infusions,False,,,artificer_features.json
Helm of Awareness,"Prerequisite: 10th-level artificer Item: A helmet (requires attunement)

While wearing this helmet, a creature has advantage on initiative rolls. In addition, the wearer can’t be surprised, provided it isn’t incapacitated.",3,Artificer,Artificer Infusions,False,,,artificer_features.json
Homunculus Servant,"Item: A gem or crystal worth at least 100 gp

You learn intricate methods for magically creating a special homunculus that serves you. The item you infuse serves as the creature's heart, around which the creature's body instantly forms.

You determine the homunculus's appearance. Some artificers prefer mechanical-looking birds, whereas some like winged vials or miniature, animate cauldrons.

The homunculus is friendly to you and your companions, and it obeys your commands. See this creature's game statistics in the Homunculus Servant stat block, which uses your proficiency bonus (PB) in several places.

In combat, the homunculus shares your initiative count, but it takes its turn immediately after yours. It can move and use its reaction on its own, but the only action it takes on its turn is the Dodge action, unless you take a bonus action on your turn to command it to take another action. That action can be one in its stat block or some other action. If you are incapacitated, the homunculus can take any action of its choice, not just Dodge.

The homunculus regains 2d6 hit points if the mending spell is cast on it. If you or the homunculus dies, it vanishes, leaving its heart in its space.",3,Artificer,Artificer Infusions,False,,,artificer_features.json
Mind Sharpener,"Item: A suit of armor or robes

The infused item can send a jolt to the wearer to refocus their mind. The item has 4 charges. When the wearer fails a Constitution saving throw to maintain concentration on a spell, the wearer can use its reaction to expend 1 of the item's charges to succeed instead. The item regains 1d4 expended charges daily at dawn.",3,Artificer,Artificer Infusions,False,,,artificer_features.json
Radiant Weapon,"Prerequisite: 6th-level artificer Item: A simple or martial weapon (requires attunement)

This magic weapon grants a +1 bonus to attack and damage rolls made with it. While holding it, the wielder can take a bonus action to cause it to shed bright light in a 30-foot radius and dim light for an additional 30 feet. The wielder can extinguish the light as a bonus action.

The weapon has 4 charges. As a reaction immediately after being hit by an attack, the wielder can expend 1 charge and cause the attacker to be blinded until the end of the attacker's next turn, unless the attacker succeeds on a Constitution saving throw against your spell save DC. The weapon regains 1d4 expended charges daily at dawn.",3,Artificer,Artificer Infusions,False,,,artificer_features.json
Repeating Shot,"Item: A simple or martial weapon with the ammunition property (requires attunement)

This magic weapon grants a +1 bonus to attack and damage rolls made with it when it's used to make a ranged attack, and it ignores the loading property if it has it.

If the weapon lacks ammunition, it produces its own, automatically creating one piece of magic ammunition when the wielder makes a ranged attack with it. The ammunition created by the weapon vanishes the instant after it hits or misses a target.",3,Artificer,Artificer Infusions,False,,,artificer_features.json
Replicate Magic Item,"Using this infusion, you replicate a particular magic item. You can learn this infusion multiple times; each time you do so, choose a magic item that you can make with it, picking from the Replicable Items tables. A table's title tells you the level you must be in the class to choose an item from the table. Alternatively, you can choose the magic item from among the common magic items in the game, not including potions or scrolls.

In the tables, an item's entry tells you whether the item requires attunement. See the item's description in the Dungeon Master's Guide for more information about it, including the type of object required for its making.

If you have Xanathar's Guide to Everything, you can choose from among the common magic items in that book when you pick a magic item you can replicate with this infusion.",3,Artificer,Artificer Infusions,False,,,artificer_features.json
Repulsion Shield,"Prerequisite: 6th-level artificer Item: A shield (requires attunement)

A creature gains a +1 bonus to Armor Class while wielding this shield.

The shield has 4 charges. While holding it, the wielder can use a reaction immediately after being hit by a melee attack to expend 1 of the shield's charges and push the attacker up to 15 feet away. The shield regains 1d4 expended charges daily at dawn.",3,Artificer,Artificer Infusions,False,,,artificer_features.json
Resistant Armor,"Prerequisite: 6th-level artificer Item: A suit of armor (requires attunement)

While wearing this armor, a creature has resistance to one of the following damage types, which you choose when you infuse the item: acid, cold, fire, force, lightning, necrotic, poison, psychic, radiant, or thunder.",3,Artificer,Artificer Infusions,False,,,artificer_features.json
Returning Weapon,"Item: A simple or martial weapon with the thrown property

This magic weapon grants a +1 bonus to attack and damage rolls made with it, and it returns to the wielder’s hand immediately after it is used to make a ranged attack.",3,Artificer,Artificer Infusions,False,,,artificer_features.json
Spell-Refueling Ring,"Prerequisite: 6th-level artificer Item: A ring (requires attunement)

While wearing this ring, the creature can recover one expended spell slot as an action. The recovered slot can be of 3rd level or lower. Once used, the ring can't be used again until the next dawn.",3,Artificer,Artificer Infusions,False,,,artificer_features.json
Tool Proficiency,"When you adopt this specialization at 3rd level, you gain proficiency with alchemist's supplies. If you already have this proficiency, you gain proficiency with one other type of artisan's tools of your choice.",3,Artificer,Alchemist,False,,Tasha's Cauldron of Everything/Eberron: Rising from the Last War,artificer_features.json
Alchemist Spells,"Starting at 3rd level, you always have certain spells prepared after you reach particular levels in this class, as shown in the Alchemist Spells table. These spells count as artificer spells for you, but they don’t count against the number of artificer spells you prepare.",3,Artificer,Alchemist,False,,Tasha's Cauldron of Everything/Eberron: Rising from the Last War,artificer_features.json
Experimental Elixir,"Beginning at 3rd level, whenever you finish a long rest, you can magically produce an experimental elixir in an empty flask you touch. Roll on the Experimental Elixir table for the elixir's effect, which is triggered when someone drinks the elixir. As an action, a creature can drink the elixir or administer it to an incapacitated creature.

You can create additional experimental elixirs by expending a spell slot of 1st level or higher for each one. When you do so, you use your action to create the elixir in an empty flask you touch, and you choose the elixir's effect from the Experimental Elixir table.

Creating an experimental elixir requires you to have alchemist supplies on your person, and any elixir you create with this feature lasts until it is drunk or until the end of your next long rest.

When you reach certain levels in this class, you can make more elixirs at the end of a long rest: two at 6th level and three at 15th level. Roll for each elixir's effect separately. Each elixir requires its own flask.",3,Artificer,Alchemist,False,,Tasha's Cauldron of Everything/Eberron: Rising from the Last War,artificer_features.json
Alchemical Savant,"At 5th level, you've developed masterful command of magical chemicals, enhancing the healing and damage you create through them. Whenever you cast a spell using your alchemist's supplies as the spellcasting focus, you gain a bonus to one roll of the spell. That roll must restore hit points or be a damage roll that deals acid, fire, necrotic, or poison damage, and the bonus equals your Intelligence modifier (minimum of +1).",5,Artificer,Alchemist,False,,Tasha's Cauldron of Everything/Eberron: Rising from the Last War,artificer_features.json
Restorative Reagents,"Starting at 9th level, you can incorporate restorative reagents into some of your works:

• Whenever a creature drinks an experimental elixir you created, the creature gains temporary hit points equal to 2d6 + your Intelligence modifier (minimum of 1 temporary hit point).

• You can cast Lesser Restoration without expending a spell slot and without preparing the spell, provided you use alchemist's supplies as the spellcasting focus. You can do so a number of times equal to your Intelligence modifier (minimum of once), and you regain all expended uses when you finish a long rest.",9,Artificer,Alchemist,False,,Tasha's Cauldron of Everything/Eberron: Rising from the Last War,artificer_features.json
Chemical Mastery,"By 15th level, you have been exposed to so many chemicals that they pose little risk to you, and you can use them to quickly end certain ailments:

• You gain resistance to acid damage and poison damage, and you are now immune to the poisoned condition.

• You can cast Greater Restoration and Heal without expending a spell slot, without preparing the spell, and without providing the material component, provided you use alchemist’s supplies as the spellcasting focus. Once you cast either spell with this feature, you can't cast that spell with it again until you finish a long rest.",15,Artificer,Alchemist,False,,Tasha's Cauldron of Everything/Eberron: Rising from the Last War,artificer_features.json
Tools of the Trade,"When you adopt this specialization at 3rd level, you gain proficiency with heavy armor. You also gain proficiency with smith's tools. If you already have this tool proficiency, you gain proficiency with one other type of artisan's tools of your choice.",3,Artificer,Armorer,False,,Tasha's Cauldron of Everything,artificer_features.json
Armorer Spells,"Starting at 3rd level, you always have certain spells prepared after you reach particular levels in this class, as shown in the Armorer Spells table. These spells count as artificer spells for you, but they don't count against the number of artificer spells you prepare.",3,Artificer,Armorer,False,,Tasha's Cauldron of Everything,artificer_features.json
Arcane Armor,"Beginning at 3rd level, your metallurgical pursuits have led to you making armor a conduit for your magic. As an action, you can turn a suit of armor you are wearing into Arcane Armor, provided you have smith's tools in hand.

You gain the following benefits while wearing this armor:

• If the armor normally has a Strength requirement, the arcane armor lacks this requirement for you.

• You can use the arcane armor as a spellcasting focus for your artificer spells.

• The armor attaches to you and can’t be removed against your will. It also expands to cover your entire body, although you can retract or deploy the helmet as a bonus action. The armor replaces any missing limbs, functioning identically to a body part it is replacing.

• You can doff or don the armor as an action.

The armor continues to be Arcane Armor until you don another suit of armor or you die.",3,Artificer,Armorer,False,,Tasha's Cauldron of Everything,artificer_features.json
Armor Model,"Beginning at 3rd level, you can customize your Arcane Armor. When you do so, choose one of the following armor models: Guardian or Infiltrator. The model you choose gives you special benefits while you wear it.

Each model includes a special weapon. When you attack with that weapon, you can add your Intelligence modifier, instead of Strength or Dexterity, to the attack and damage rolls.

You can change the armor's model whenever you finish a short or long rest, provided you have smith's tools in hand.

Guardian. You design your armor to be in the front line of conflict. It has the following features:

• Thunder Gauntlets. Each of the armor's gauntlets counts as a simple melee weapon while you aren't holding anything in it, and it deals 1d8 thunder damage on a hit. A creature hit by the gauntlet has disadvantage on attack rolls against targets other than you until the start of your next turn, as the armor magically emits a distracting pulse when the creature attacks someone else.

• Defensive Field. As a bonus action, you can gain temporary hit points equal to your level in this class, replacing any temporary hit points you already have. You lose these temporary hit points if you doff the armor. You can use this bonus action a number of times equal to your proficiency bonus, and you regain all expended uses when you finish a long rest.

Infiltrator. You customize your armor for subtle undertakings. It has the following features:

• Lightning Launcher. A gemlike node appears on one of your armored fists or on the chest (your choice). It counts as a simple ranged weapon, with a normal range of 90 feet and a long range of 300 feet, and it deals 1d6 lightning damage on a hit. Once on each of your turns when you hit a creature with it, you can deal an extra 1d6 lightning damage to that target.

• Powered Steps. Your walking speed increases by 5 feet.

• Dampening Field. You have advantage on Dexterity (Stealth) checks. If the armor normally imposes disadvantage on such checks, the advantage and disadvantage cancel each other, as normal.",3,Artificer,Armorer,False,,Tasha's Cauldron of Everything,artificer_features.json
Armor Modifications,"At 9th level, you learn how to use your artificer infusions to specially modify your Arcane Armor. That armor now counts as separate items for the purposes of your Infuse Items feature: armor (the chest piece), boots, helmet, and the armor's special weapon. Each of those items can bear one of your infusions, and the infusions transfer over if you change your armor's model with the Armor Model feature. In addition, the maximum number of items you can infuse at once increases by 2, but those extra items must be part of your Arcane Armor.",9,Artificer,Armorer,False,,Tasha's Cauldron of Everything,artificer_features.json
Perfected Armor,"At 15th level, your Arcane Armor gains additional benefits based on its model, as shown below.

Guardian. When a Huge or smaller creature you can see ends its turn within 30 feet of you, you can use your reaction to magically force it to make a Strength saving throw against your spell save DC. On a failed save, you pull the creature up to 25 feet directly to an unoccupied space. If you pull the target to a space within 5 feet of you, you can make a melee weapon attack against it as part of this reaction.

You can use this reaction a number of times equal to your proficiency bonus, and you regain all expended uses of it when you finish a long rest.

Infiltrator. Any creature that takes lightning damage from your Lightning Launcher glimmers with magical light until the start of your next turn. The glimmering creature sheds dim light in a 5-foot radius, and it has disadvantage on attack rolls against you, as the light jolts it if it attacks you. In addition, the next attack roll against it has advantage, and if that attack hits, the target takes an extra 1d6 lightning damage.",15,Artificer,Armorer,False,,Tasha's Cauldron of Everything,artificer_features.json
Tool Proficiency,"When you adopt this specialization at 3rd level, you gain proficiency with woodcarver's tools. If you already have this proficiency, you gain proficiency with one other type of artisan's tools of your choice.",3,Artificer,Artillerist,False,,Tasha's Cauldron of Everything/Eberron: Rising from the Last War,artificer_features.json
Artillerist Spells,"Starting at 3rd level, you always have certain spells prepared after you reach particular levels in this class, as shown in the Artillerist Spells table. These spells count as artificer spells for you, but they don’t count against the number of artificer spells you prepare.",3,Artificer,Artillerist,False,,Tasha's Cauldron of Everything/Eberron: Rising from the Last War,artificer_features.json
Eldritch Cannon,"Also at 3rd level, you've learned how to create a magical cannon. Using woodcarver's tools or smith's tools, you can take an action to magically create a Small or Tiny eldritch cannon in an unoccupied space on a horizontal surface within 5 feet of you. A Small eldritch cannon occupies its space, and a Tiny one can be held in one hand. Once you create a cannon, you can't do so again until you finish a long rest or until you expend a spell slot to create one. You can have only one cannon at a time and can't create one while your cannon is present.

The cannon is a magical object. Regardless of size, the cannon has an AC of 18 and a number of hit points equal to five times your artificer level. It is immune to poison damage and psychic damage. If it is forced to make an ability check or a saving throw, treat all its ability scores as 10 (+0). If the mending spell is cast on it, it regains 2d6 hit points. It disappears if it is reduced to 0 hit points or after 1 hour. You can dismiss it early as an action.

When you create the cannon, you determine its appearance and whether it has legs. You also decide which type it is, choosing from the options on the Eldritch Cannons table. On each of your turns, you can take a bonus action to cause the cannon to activate if you are within 60 feet of it. As part of the same bonus action, you can direct the cannon to walk or climb up to 15 feet to an unoccupied space, provided it has legs.",3,Artificer,Artillerist,False,,Tasha's Cauldron of Everything/Eberron: Rising from the Last War,artificer_features.json
Arcane Firearm,"At 5th level, You know how to turn a wand, staff, or rod into an arcane firearm, a conduit for your destructive spells. When you finish a long rest, you can use woodcarver's tools to carve special sigils into a wand, staff, or rod and thereby turn it into your arcane firearm. The sigils disappear from the object if you later carve them on a different item. The sigils otherwise last indefinitely.

You can use your arcane firearm as a spellcasting focus for your artificer spells. When you cast an artificer spell through the firearm, roll a d8, and you gain a bonus to one of the spell's damage rolls equal to the number rolled.",5,Artificer,Artillerist,False,,Tasha's Cauldron of Everything/Eberron: Rising from the Last War,artificer_features.json
Explosive Cannon,"Starting at 9th level, every eldritch cannon you create is more destructive:

• The cannon's damage rolls all increase by 1d8.

• As an action, you can command the cannon to detonate if you are within 60 feet of it. Doing so destroys the cannon and forces each creature within 20 feet of it to make a Dexterity saving throw against your spell save DC, taking 3d8 force damage on a failed save or half as much damage on a successful one.",9,Artificer,Artillerist,False,,Tasha's Cauldron of Everything/Eberron: Rising from the Last War,artificer_features.json
Fortified Position,"By 15th level, you’re a master at forming well-defended emplacements using Eldritch Cannon:

• You and your allies have half cover while within 10 feet of a cannon you create with Eldritch Cannon, as a result of a shimmering field of magical protection that the cannon emits.

• You can now have two cannons at the same time. You can create two with the same action (but not the same spell slot), and you can activate both of them with the same bonus action. You determine whether the cannons are identical to each other or different. You can't create a third cannon while you have two.",15,Artificer,Artillerist,False,,Tasha's Cauldron of Everything/Eberron: Rising from the Last War,artificer_features.json
Tool Proficiency,"When you adopt this specialization at 3rd level, you gain proficiency with smith's tools. If you already have this proficiency, you gain proficiency with one other type of artisan's tools of your choice.",3,Artificer,Battle Smith,False,,Tasha's Cauldron of Everything/Eberron: Rising from the Last War,artificer_features.json
Battle Smith Spells,"Starting at 3rd level, you always have certain spells prepared after you reach particular levels in this class, as shown in the Battle Smith Spells table. These spells count as artificer spells for you, but they don’t count against the number of artificer spells you prepare.",3,Artificer,Battle Smith,False,,Tasha's Cauldron of Everything/Eberron: Rising from the Last War,artificer_features.json
Battle Ready,"When you reach 3rd level, your combat training and your experiments with magic have paid off in two ways:

• You gain proficiency with martial weapons.

• When you attack with a magic weapon, you can use your Intelligence modifier, instead of Strength or Dexterity modifier, for the attack and damage rolls.",3,Artificer,Battle Smith,False,,Tasha's Cauldron of Everything/Eberron: Rising from the Last War,artificer_features.json
Steel Defender,"By 3rd level, your tinkering has borne you a faithful companion, a steel defender. It's friendly to you and your companions, and it obeys your commands. See its game statistics in the Steel Defender stat block, which uses your proficiency bonus (PB) in several places. You determine the creature's appearance and whether it has two legs or four; your choice has no effect on its game statistics.

In combat, the defender shares your initiative count, but it takes its turn immediately after yours. It can move and use its reaction on its own, but the only action it takes on its turn is the Dodge action, unless you take a bonus action on your turn to command it to take another action. That action can be one in its stat block or some other action. If you are incapacitated, the defender can take any action of its choice, not just Dodge.

If the Mending spell is cast on it, it regains 2d6 hit points. If it has died within the last hour, you can use your smith's tools as an action to revive it, provided you are within 5 feet of it and you expend a spell slot of 1st level or higher. The steel defender returns to life after 1 minute with all its hit points restored.

At the end of a long rest, you can create a new steel defender if you have smith's tools with you. If you already have a defender from this feature, the first one immediately perishes. The defender also perishes if you die.",3,Artificer,Battle Smith,False,,Tasha's Cauldron of Everything/Eberron: Rising from the Last War,artificer_features.json
Arcane Jolt,"At 9th level, you've learned new ways to channel arcane energy to harm or heal. When either you hit a target with a magic weapon attack or your steel defender hits a target, you can channel magical energy through the strike to create one of the following effects:

• The target takes an extra 2d6 force damage.

• Choose one creature or object you can see within 30 feet of the target. Healing energy flows into the chosen recipient, restoring 2d6 hit points to it.

You can use this energy a number of times equal to your Intelligence modifier (minimum of once), but you can do so no more than once on a turn. You regain all expended uses when you finish a long rest.",9,Artificer,Battle Smith,False,,Tasha's Cauldron of Everything/Eberron: Rising from the Last War,artificer_features.json
Improved Defender,"At 15th level, your Arcane Jolt and steel defender become more powerful:

• The extra damage and the healing of your Arcane Jolt both increase to 4d6.

• Your steel defender gains a +2 bonus to Armor Class.

• Whenever your steel defender uses its Deflect Attack, the attacker takes force damage equal to 1d4 + your Intelligence modifier.",15,Artificer,Battle Smith,False,,Tasha's Cauldron of Everything/Eberron: Rising from the Last War,artificer_features.json
Tools of the Trade,"By the time you adopt this specialty at 3rd level, you’re deeply familiar with employing its tools.

Proficiencies. You gain proficiency with calligrapher’s supplies and the forgery kit, assuming you don’t already have them. You also gain calligrapher’s supplies and a forgery kit for free—the result of tinkering you’ve done as you’ve prepared for this specialization.

Crafting. If you craft a magic item in the scroll category, it takes you a quarter of the normal time, and it costs you half as much of the usual gold.",3,Artificer,Archivist (UA),False,,Unearthed Arcana 58 - Artificer,artificer_features.json
Archivist Spells,"Starting at 3rd level, you always have certain spells prepared after you reach particular levels in this class, as shown in the Archivist Spells table. These spells count as artificer spells for you, but they don’t count against the number of artificer spells you prepare.

Archivist Spells",3,Artificer,Archivist (UA),False,,Unearthed Arcana 58 - Artificer,artificer_features.json
Artificial Mind,"At 3rd level, you discover how to awaken a mind inside an object. Whenever you finish a long rest and your calligrapher’s supplies are with you, you can magically rouse a keen mind within a Tiny, nonmagical object on which you write mystical symbols. The object is a magic item while the mind is inside it, and you can use it as a spellcasting focus. If you already have an artificial mind from this feature, the first one immediately dissipates.

The magic item has the following properties:

Telepathic Advisor. The artificial mind telepathically supplies you with advice and information about certain topics: while the item is on your person, you have proficiency in two skills of your choice; the item’s main material determines which skills you can choose from, as shown on the Artificial Mind table in the Skill Proficiencies column, for the nature of the object affects the mind’s knowledge.

Manifest Mind. As a bonus action while the item is on your person, you can cause the mind to manifest as a Tiny spectral presence, hovering in an unoccupied space of your choice within 60 feet of you. This presence is intangible and invulnerable, and it sheds dim light in a 10-foot radius. You determine its appearance; the Artificial Mind table offers suggested appearances based on the object’s main material. While manifested, the spectral mind can hear and see, and it has darkvision with a range of 60 feet. As an action, you can hear and see using the mind’s senses, instead of your own, until your concentration ends (as if concentrating on a spell).

As a bonus action, you can cause the spectral mind to hover up to 30 feet to an unoccupied space that you or it can see. It can pass through creatures but not objects. The spectral mind stops manifesting if it is ever more than 300 feet away from its magic item or if you dismiss it as a bonus action.

When you cast an artificer spell on your turn, you can cast it as if you were in the spectral mind’s space, instead of your own, using its senses. You can do so a number of times per day equal to your Intelligence modifier (at least once), and you regain all expended uses when you finish a long rest.

Information Overload. As an action while the item is on your person, you can try to magically overload the thoughts of one creature you or the mind can see that is within 5 feet of the manifested mind, channeling a jumble of information from the artificial mind. Unless the target succeeds on an Intelligence saving throw against your spell save DC, the target takes 1d8 psychic damage, and the next attack roll against it before the end of your next turn has advantage, since it is temporarily too distracted to defend itself well. The damage increases by 1d8 when you reach 5th level (2d8), 11th level (3d8), and 17th level (4d8) in this class. Whenever you deal damage with this feature, you can expend a spell slot to deal extra damage to the target. The extra damage is 2d8 for a 1st-level spell slot, plus 1d8 for each spell level higher than first.

Artificial Mind",3,Artificer,Archivist (UA),False,,Unearthed Arcana 58 - Artificer,artificer_features.json
Mind Network,"At 5th level, you’ve learned how to use your artifices to access minds, both to communicate and to harm.

Magical Telephony. While you have your Artificial Mind item on your person, you can communicate telepathically with anyone carrying an item bearing one of your artificer infusions, as the mind transmits your thoughts to each other. That person can also communicate telepathically with you as long as they have the item. This two-way communication can even cross planar boundaries.

Psychic Damage. When you make a psychic damage roll for an artificer spell or for Information Overload, you gain a bonus to the damage roll equal to your Intelligence modifier (minimum bonus of +1).",5,Artificer,Archivist (UA),False,,Unearthed Arcana 58 - Artificer,artificer_features.json
Pure Information,"At 14th level, your Artificial Mind is able to receive and transmit more information than ever before.

Mind Overload. When you expend a spell slot to increase the damage of Information Overload, the target must succeed on an Intelligence saving throw against your spell save DC or be stunned until the end of your next turn.

Infoportation. As an action while your Artificial Mind magic item is on your person, you cause the mind to turn you into pure information, teleporting you to the unoccupied space nearest to the spectral mind or to an item bearing one of your artificer infusions, where you physically reappear.

You can teleport in this way once for free and must finish a long rest before doing so again. You can also use this special ability by expending a spell slot of 2nd level or higher.",14,Artificer,Archivist (UA),False,,Unearthed Arcana 58 - Artificer,artificer_features.json
Tool Proficiency,"When you adopt this specialization at 3rd level, you gain proficiency with heavy armor. You also gain proficiency with smith’s tools. If you already have this tool proficiency, you gain proficiency with one other type of artisan’s tools of your choice.",3,Artificer,Armorer (UA),False,,"Unearthed Arcana 69 - Subclasses, Part 3",artificer_features.json
Armorer Spells,"Starting at 3rd level, you always have certain spells prepared after you reach particular levels in this class, as shown in the Armorer Spells table. These spells count as artificer spells for you, but they don’t count against the number of artificer spells you prepare.",3,Artificer,Armorer (UA),False,,"Unearthed Arcana 69 - Subclasses, Part 3",artificer_features.json
Power Armor,"Beginning at 3rd level, your metallurgical pursuits have led to you making armor a conduit for your artificer magic. As an action, you can turn a suit of heavy armor you are wearing into power armor, provided you have smith’s tools in hand. You gain the following benefits while wearing the power armor:

• If the armor normally has a Strength requirement, the power armor lacks this requirement for you.

• You can use the power armor as a spellcasting focus for your artificer spells.

• The power armor attaches to you and can’t be removed against your will. It also expands to cover your entire body, and it replaces any missing limbs, functioning identically to a body part it is replacing.

The armor continues to be power armor until you doff it, you don another suit of armor, or you die.",3,Artificer,Armorer (UA),False,,"Unearthed Arcana 69 - Subclasses, Part 3",artificer_features.json
Armor Model,"Beginning at 3rd level, you can customize your power armor. When you do so, choose one of the following armor models: guardian or infiltrator. The model you choose gives you special benefits while you wear it.

Each model includes a special weapon. When you attack with that weapon, you can use your Intelligence modifier, instead of Strength or Dexterity, for the attack and damage rolls. You can change your power armor's model whenever you finish a short or long rest, provided you have smith's tools in hand.

Guardian

You design your armor to be in the frontline of conflict. It has the following features:

Thunder Gauntlets. Your armored fists each count as a simple melee weapon, and each deals 1d8 thunder damage on a hit. A creature hit by the gauntlet has disadvantage on attack rolls against targets other than you until the start of your next turn, as the armor magically emits a distracting pulse when the creature attacks someone else.

Defensive Field. You gain a bonus action that you can use on each of your turns to gain temporary hit points equal to your level in this class, replacing any temporary hit points you already have. You lose these temporary hit points if you doff the armor.

Infiltrator

You customize your armor for subtle undertakings. It has the following features:

Lightning Launcher. A gemlike node appears on one of your armored fists or on the chest (your choice). It counts as a simple ranged weapon, with a normal range of 90 feet and a long range of 300 feet, and it deals 1d6 lightning damage on a hit. Once on each of your turns when you hit a creature with it, you can deal an extra 1d6 lightning damage to that target.

Powered Steps. Your walking speed increases by 5 feet.

Second Skin. The armor’s weight is negligible, and it becomes formfitting and wearable under clothing. If the armor normally imposes disadvantage on Dexterity (Stealth) checks, the power armor doesn’t.",3,Artificer,Armorer (UA),False,,"Unearthed Arcana 69 - Subclasses, Part 3",artificer_features.json
Armor Modifications,"At 9th level, you learn how to use your artificer infusions to specially modify the armor enhanced by your Power Armor feature. That armor now counts as separate items for the purposes of your Infuse Items feature: armor (the chest piece), boots, bracers, and a weapon. Each of those items can bear one of your infusions. In addition, the maximum number of items you can infuse at once increases by 2, but those extra items must be part of your power armor.",9,Artificer,Armorer (UA),False,,"Unearthed Arcana 69 - Subclasses, Part 3",artificer_features.json
Perfected Armor,"At 15th level, Your power armor gains additional benefits based on its model, as shown below.

Guardian. Tinkering with your armor's energy system leads you to discover a powerful pulling force. When a creature you can see ends its turn within 30 feet of you, you can use your reaction to force the creature to succeed on a Strength saving throw against your spell save DC or be pulled up to 30 feet toward you to an unoccupied space. If you pull the target to space within 5 feet of you, you can make a melee weapon attack against it as part of this reaction.

You can use this reaction a number of times equal to your Intelligence modifier (minimum of once). You regain all expended uses of it when you finish a long rest.

Infiltrator. Any creature that takes lightning damage from your Lightning Launcher glimmers with light until the start of your next turn. The glimmering creature sheds dim light in a 5 foot radius, and the next attack roll against it by a creature other than you has advantage. If that attack hits, it deals an extra 1d6 lightning damage.",15,Artificer,Armorer (UA),False,,"Unearthed Arcana 69 - Subclasses, Part 3",artificer_features.json
Base Features,"Hit Points:
Hit Dice: 1d12 per barbarian level Hit Points at 1st Level: 12 + your Constitution modifier Hit Points at Higher Levels: 1d12 (or 7) + your Constitution modifier per barbarian level after 1st

Proficiencies:
Armor: Light armor, medium armor, shields Weapons: Simple weapons, martial weapons Tools: None Saving Throws: Strength, Constitution Skills: Choose two from Animal Handling, Athletics, Intimidation, Nature, Perception, and Survival

Equipment:
You start with the following equipment, in addition to the equipment granted by your background:

• (a) a greataxe or (b) any martial melee weapon

• (a) two handaxes or (b) any simple weapon

• An explorer's pack and four javelins",1,Barbarian,,False,,,barbarian_features.json
Rage,"In battle, you fight with primal ferocity. On your turn, you can enter a rage as a bonus action.

While raging, you gain the following benefits if you aren't wearing heavy armor:

• You have advantage on Strength checks and Strength saving throws.

• When you make a melee weapon attack using Strength, you gain a bonus to the damage roll that increases as you gain levels as a barbarian, as shown in the Rage Damage column of the Barbarian table.

• You have resistance to bludgeoning, piercing, and slashing damage.

If you are able to cast spells, you can't cast them or concentrate on them while raging.

Your rage lasts for 1 minute. It ends early if you are knocked unconscious or if your turn ends and you haven't attacked a hostile creature since your last turn or taken damage since then. You can also end your rage on your turn as a bonus action.

Once you have raged the number of times shown for your barbarian level in the Rages column of the Barbarian table, you must finish a long rest before you can rage again.",1,Barbarian,,False,"1:2,3:3,6:4,12:5,17:6,20:Unlimited",,barbarian_features.json
Unarmored Defense,"While you are not wearing any armor, your armor class equals 10 + your Dexterity modifier + your Constitution modifier. You can use a shield and still gain this benefit.",1,Barbarian,,False,,,barbarian_features.json
Danger Sense,"At 2nd level, you gain an uncanny sense of when things nearby aren't as they should be, giving you an edge when you dodge away from danger. You have advantage on Dexterity saving throws against effects that you can see, such as traps and spells. To gain this benefit, you can't be blinded, deafened, or incapacitated.",2,Barbarian,,False,,,barbarian_features.json
Reckless Attack,"Starting at 2nd level, you can throw aside all concern for defense to attack with fierce desperation. When you make your first attack on your turn, you can decide to attack recklessly. Doing so gives you advantage on melee weapon attack rolls using Strength during this turn, but attack rolls against you have advantage until your next turn.",2,Barbarian,,False,,,barbarian_features.json
Primal Path,"At 3rd level, you choose a path that shapes the nature of your rage. Your choice grants you features at 3rd level and again at 6th, 10th, and 14th levels.",3,Barbarian,Pick your subclass where you set your class (top left),True,,,barbarian_features.json
Primal Knowledge,"When you reach 3rd level and again at 10th level, you gain proficiency in one skill of your choice from the list of skills available to barbarians at 1st level.",3,Barbarian,,False,,,barbarian_features.json
Fast Movement,"Starting at 5th level, your speed increases by 10 feet while you aren't wearing heavy armor.",5,Barbarian,,False,,,barbarian_features.json
Feral Instinct,"By 7th level, your instincts are so honed that you have advantage on initiative rolls.

Additionally, if you are surprised at the beginning of combat and aren't incapacitated, you can act normally on your first turn, but only if you enter your rage before doing anything else on that turn.",7,Barbarian,,False,,,barbarian_features.json
Instinctive Pounce,"At 7th level, as part of the bonus action you take to enter your rage, you can move up to half your speed.",7,Barbarian,,False,,,barbarian_features.json
Brutal Critical,"Beginning at 9th level, you can roll one additional weapon damage die when determining the extra damage for a critical hit with a melee attack.

This increases to two additional dice at 13th level and three additional dice at 17th level.",9,Barbarian,,False,,,barbarian_features.json
Relentless Rage,"Starting at 11th level, your rage can keep you fighting despite grievous wounds. If you drop to 0 hit points while you're raging and don't die outright, you can make a DC 10 Constitution saving throw. If you succeed, you drop to 1 hit point instead.

Each time you use this feature after the first, the DC increases by 5. When you finish a short or long rest, the DC resets to 10.",11,Barbarian,,False,,,barbarian_features.json
Persistent Rage,"Beginning at 15th level, your rage is so fierce that it ends early only if you fall unconscious or if you choose to end it.",15,Barbarian,,False,,,barbarian_features.json
Indomitable Might,"Beginning at 18th level, if your total for a Strength check is less than your Strength score, you can use that score in place of the total.",18,Barbarian,,False,,,barbarian_features.json
Primal Champion,"At 20th level, you embody the power of the wilds. Your Strength and Constitution scores increase by 4. Your maximum for those scores is now 24.",20,Barbarian,,False,,,barbarian_features.json
Ancestral Protectors,"Starting when you choose this path at 3rd level, spectral warriors appear when you enter your rage. While you're raging, the first creature you hit with an attack on your turn becomes the target of the warriors, which hinder its attacks. Until the start of your next turn, that target has disadvantage on any attack roll that isn't against you, and when the target hits a creature other than you with an attack, that creature has resistance to the damage dealt by the attack. The effect on the target ends early if your rage ends.",3,Barbarian,Path of the Ancestral Guardian,False,,Xanathar's Guide to Everything,barbarian_features.json
Spirit Shield,"Beginning at 6th level, the guardian spirits that aid you can provide supernatural protection to those you defend. If you are raging and another creature you can see within 30 feet of you takes damage, you can use your reaction to reduce that damage by 2d6.

When you reach certain levels in this class, you can reduce the damage by more: by 3d6 at 10th level and by 4d6 at 14th level.",6,Barbarian,Path of the Ancestral Guardian,False,,Xanathar's Guide to Everything,barbarian_features.json
Consult the Spirits,"At 10th level, you gain the ability to consult with your ancestral spirits. When you do so, you cast the Augury or Clairvoyance spell, without using a spell slot or material components. Rather than creating a spherical sensor, this use of clairvoyance invisibly summons one of your ancestral spirits to the chosen location. Wisdom is your spellcasting ability for these spells.

After you cast either spell in this way, you can't use this feature again until you finish a short or long rest.",10,Barbarian,Path of the Ancestral Guardian,False,1,Xanathar's Guide to Everything,barbarian_features.json
Vengeful Ancestors,"At 14th level, your ancestral spirits grow powerful enough to retaliate. When you use your Spirit Shield to reduce the damage of an attack, the attacker takes an amount of force damage that your Spirit Shield prevents.",14,Barbarian,Path of the Ancestral Guardian,False,,Xanathar's Guide to Everything,barbarian_features.json
Restriction: Dwarves Only,"Only dwarves can follow the Path of the Battlerager. The battlerager fills a particular niche in dwarven society and culture.

Your DM can lift this restriction to better suit the campaign. The restriction exists for the Forgotten Realms. It might not apply to your DM's setting or your DM's version of the Realms.",3,Barbarian,Path of the Battlerager,False,,Sword Coast Adventurer's Guide,barbarian_features.json
Battlerager Armor,"When you choose this path at 3rd level, you gain the ability to use spiked armor as a weapon.

While you are wearing spiked armor and are raging, you can use a bonus action to make one melee weapon attack with your armor spikes against a target within 5 feet of you. If the attack hits, the spikes deal 1d4 piercing damage. You use your Strength modifier for the attack and damage rolls.

Additionally, when you use the Attack action to grapple a creature, the target takes 3 piercing damage if your grapple check succeeds.",3,Barbarian,Path of the Battlerager,False,,Sword Coast Adventurer's Guide,barbarian_features.json
Reckless Abandon,"Beginning at 6th level, when you use Reckless Attack while raging, you also gain temporary hit points equal to your Constitution modifier (minimum of 1). They vanish if any of them are left when your rage ends.",6,Barbarian,Path of the Battlerager,False,,Sword Coast Adventurer's Guide,barbarian_features.json
Battlerager Charge,"Beginning at 10th level, you can take the Dash action as a bonus action while you are raging.",10,Barbarian,Path of the Battlerager,False,,Sword Coast Adventurer's Guide,barbarian_features.json
Spiked Retribution,"Starting at 14th level, when a creature within 5 feet of you hits you with a melee attack, the attacker takes 3 piercing damage if you are raging, aren't incapacitated, and are wearing spiked armor.",14,Barbarian,Path of the Battlerager,False,,Sword Coast Adventurer's Guide,barbarian_features.json
Form of the Beast,"Starting when you choose this path at 3rd level, when you enter your rage, you can transform, revealing the bestial power within you. Until the rage ends, you manifest a natural weapon. It counts as a simple melee weapon for you, and you add your Strength modifier to the attack and damage rolls when you attack with it, as normal.

You choose the weapon’s form each time you rage:

Bite. Your mouth transforms into a bestial muzzle or great mandibles (your choice). It deals 1d8 piercing damage on a hit. Once on each of your turns when you damage a creature with this bite, you regain a number of hit points equal to your proficiency bonus, provided you have less than half your hit points when you hit.

Claws. Each of your hands transforms into a claw, which you can use as a weapon if it’s empty. It deals 1d6 slashing damage on a hit. Once on each of your turns when you attack with a claw using the Attack action, you can make one additional claw attack as part of the same action.

Tail. You grow a lashing, spiny tail, which deals 1d8 piercing damage on a hit and has the reach property. If a creature you can see within 10 feet of you hits you with an attack roll, you can use your reaction to swipe your tail and roll a d8, applying a bonus to your AC equal to the number rolled, potentially causing the attack to miss you.",3,Barbarian,Path Of The Beast,False,,Tasha's Cauldron of Everything,barbarian_features.json
Bestial Soul,"Beginning at 6th level, the feral power within you increases, causing the natural weapons of your Form of the Beast to count as magical for the purpose of overcoming resistance and immunity to nonmagical attacks and damage.

You can also alter your form to help you adapt to your surroundings. When you finish a short or long rest, choose one of the following benefits, which lasts until you finish a short or long rest:

• You gain a swimming speed equal to your walking speed, and you can breathe underwater.

• You gain a climbing speed equal to your walking speed, and you can climb difficult surfaces, including upside down on ceilings, without needing to make an ability check.

• When you jump, you can make a Strength (Athletics) check and extend your jump by a number of feet equal to the check’s total. You can make this special check only once per turn.",6,Barbarian,Path Of The Beast,False,,Tasha's Cauldron of Everything,barbarian_features.json
Infectious Fury,"At 10th level, when you hit a creature with your natural weapons while you are raging, the beast within you can curse your target with rabid fury. The target must succeed on a Wisdom saving throw (DC equal to 8 + your Constitution modifier + your proficiency bonus) or suffer one of the following effects (your choice):

• The target must use its reaction to make a melee attack against another creature of your choice that you can see.

• Target takes 2d12 psychic damage.

You can use this feature a number of times equal to your proficiency bonus, and you regain all expended uses when you finish a long rest.",10,Barbarian,Path Of The Beast,False,,Tasha's Cauldron of Everything,barbarian_features.json
Call the Hunt,"At 14th level, the beast within you grows so powerful that you can spread its ferocity to others and gain resilience from them joining your hunt. When you enter your rage, you can choose a number of other willing creatures you can see within 30 feet of you equal to your Constitution modifier (minimum of one creature). You gain 5 temporary hit points for each creature that accepts this feature. Until the rage ends, the chosen creatures can use the following benefit once on each of their turns: when the creature hits a target with an attack roll and deals damage to it, the creature can roll a d6 and gain a bonus to the damage equal to the number rolled.

You can use this feature a number of times equal to your proficiency bonus, and you regain all expended uses when you finish a long rest.",14,Barbarian,Path Of The Beast,False,,Tasha's Cauldron of Everything,barbarian_features.json
Frenzy,"Starting when you choose this path at 3rd level, you can go into a frenzy when you rage. If you do so, for the duration of your rage you can make a single melee weapon attack as a bonus action on each of your turns after this one. When your rage ends, you suffer one level of exhaustion.",3,Barbarian,Path of the Berserker,False,,Player's Handbook,barbarian_features.json
Mindless Rage,"Beginning at 6th level, you can't be charmed or frightened while raging. If you are charmed or frightened when you enter your rage, the effect is suspended for the duration of the rage.",6,Barbarian,Path of the Berserker,False,,Player's Handbook,barbarian_features.json
Intimidating Presence,"Beginning at 10th level, you can use your action to frighten someone with your menacing presence. When you do so, choose one creature that you can see within 30 feet of you. If the creature can see or hear you, it must succeed on a Wisdom saving throw (DC equal to 8 + your proficiency bonus + your Charisma modifier) or be frightened of you until the end of your next turn. On subsequent turns, you can use your action to extend the duration of this effect on the frightened creature until the end of your next turn. This effect ends if the creature ends its turn out of line of sight or more than 60 feet away from you.

If the creature succeeds on its saving throw, you can't use this feature on that creature again for 24 hours.",10,Barbarian,Path of the Berserker,False,,Player's Handbook,barbarian_features.json
Retaliation,"Starting at 14th level, when you take damage from a creature that is within 5 feet of you, you can use your reaction to make a melee weapon attack against that creature.",14,Barbarian,Path of the Berserker,False,,Player's Handbook,barbarian_features.json
Giant’s Power,"3rd-Level Path of the Giant Feature

When you choose this path, you learn to speak, read, and write Giant or one other language of your choice if you already know Giant. Additionally, you learn a cantrip of your choice: either druidcraft or thaumaturgy. Wisdom is your spellcasting ability for this spell.",3,Barbarian,Path of the Giant,False,,Bigby Presents - Glory of the Giants,barbarian_features.json
Giant’s Havoc,"3rd-Level Path of the Giant Feature

Your rages pull strength from the primal might of giants, transforming you into a hulking force of destruction. While raging, you gain the following benefits:

• Crushing Throw. When you make a successful ranged attack with a thrown weapon using Strength, you can add your Rage Damage bonus to the attack’s damage roll.

• Giant Stature. Your reach increases by 5 feet, and if you are smaller than Large, you become Large, along with anything you are wearing. If there isn’t enough room for you to increase your size, your size doesn’t change.",3,Barbarian,Path of the Giant,False,,Bigby Presents - Glory of the Giants,barbarian_features.json
Elemental Cleaver,"6th-Level Path of the Giant Feature

Your bond with the elemental might of giants grows, and you learn to infuse weapons with primordial energy.

When you enter your rage, you can choose one weapon that you are holding and infuse it with one of the following damage types: acid, cold, fire, thunder, or lightning. While you wield the infused weapon during your rage, the weapon’s damage type changes to the chosen type, it deals an extra 1d6 damage of the chosen type when it hits, and it gains the thrown property, with a normal range of 20 feet and a long range of 60 feet. If you throw the weapon, it reappears in your hand the instant after it hits or misses a target. The infused weapon’s benefits are suppressed while a creature other than you wields it.

While raging and holding the infused weapon, you can use a bonus action to change the infused weapon’s current damage type to another one from the damage type options above.",3,Barbarian,Path of the Giant,False,,Bigby Presents - Glory of the Giants,barbarian_features.json
Mighty Impel,"10th-Level Path of the Giant Feature

Your connection to giant strength allows you to hurl both allies and enemies on the battlefield. As a bonus action while raging, you can choose one Medium or smaller creature within your reach and move it to an unoccupied space you can see within 30 feet of yourself. An unwilling creature must succeed on a Strength saving throw (DC equals 8 + your proficiency bonus + your Strength modifier) to avoid the effect.

If, at the end of this movement, the thrown creature isn’t on a surface or liquid that can support it, the creature falls, taking damage as normal and landing prone.",3,Barbarian,Path of the Giant,False,,Bigby Presents - Glory of the Giants,barbarian_features.json
Demiurgic Colossus,"14th-Level Path of the Giant Feature

The primordial power of your rage intensifies. When you rage, your reach increases by 10 feet, your size can increase to Large or Huge (your choice), and you can use your Mighty Impel to move creatures that are Large or smaller.

In addition, the extra damage dealt by your Elemental Cleaver feature increases to 2d6.",3,Barbarian,Path of the Giant,False,,Bigby Presents - Glory of the Giants,barbarian_features.json
Storm Aura,"When you select this path at 3rd level, you emanate a stormy, magical aura while you rage. The aura extends 10 feet from you in every direction, but not through total cover.

Your aura has an effect that activates when you enter your rage, and you can activate the effect again on each of your turns as a bonus action. Choose desert, sea, or tundra. Your aura's effect depends on that chosen environment, as detailed below. You can change your environment choice whenever you gain a level in this class.

If your aura's effects require a saving throw, the DC equals 8 + your proficiency bonus + your Constitution modifier.

Desert. When this effect is activated, all other creatures in your aura take 2 fire damage each. The damage increases when you reach certain levels in this class, increasing to 3 at 5th level, 4 at 10th level, 5 at 15th level, and 6 at 20th level.

Sea. When this effect is activated, you can choose one other creature you can see in your aura. The target must make a Dexterity saving throw. The target takes 1d6 lightning damage on a failed save, or half as much damage on a successful one. The damage increases when you reach certain levels in this class, increasing to 2d6 at 10th level, 3d6 at 15th level, and 4d6 at 20th level.

Tundra. When this effect is activated, each creature of your choice in your aura gains 2 temporary hit points, as icy spirits inure it to suffering. The temporary hit points increase when you reach certain levels in this class, increasing to 3 at 5th level, 4 at 10th level, 5 at 15th level, and 6 at 20th level.",3,Barbarian,Path of the Storm Herald,False,,Xanathar's Guide to Everything,barbarian_features.json
Storm Soul,"At 6th level, the storm grants you benefits even when your aura isn't active. The benefits are based on the environment you chose for your Storm Aura.

Desert. You gain resistance to fire damage, and you don’t suffer the effects of extreme heat, as described in the Dungeon Master's Guide. Moreover, as an action, you can touch a flammable object that isn't being worn or carried by anyone else and set it on fire.

Sea. You gain resistance to lightning damage, and you can breathe underwater. You also gain a swimming speed of 30 feet.

Tundra. You gain resistance to cold damage, and you don’t suffer the effects of extreme cold, as described in the Dungeon Master's Guide. Moreover, as an action, you can touch water and turn a 5-foot cube of it into ice, which melts after 1 minute. This action fails if a creature is in the cube.",6,Barbarian,Path of the Storm Herald,False,,Xanathar's Guide to Everything,barbarian_features.json
Shielding Storm,"At 10th level, you learn to use your mastery of the storm to protect others. Each creature of your choice has the damage resistance you gained from the Storm Soul feature while the creature is in your Storm Aura.",10,Barbarian,Path of the Storm Herald,False,,Xanathar's Guide to Everything,barbarian_features.json
Raging Storm,"At 14th level, the power of the storm you channel grows mightier, lashing out at your foes. The effect is based on the environment you chose for your Storm Aura.

Desert. Immediately after a creature in your aura hits you with an attack, you can use your reaction to force that creature to make a Dexterity saving throw. On a failed save, the creature takes fire damage equal to half your Barbarian level.

Sea. When you hit a creature in your aura with an attack, you can use your reaction to force that creature to make a Strength saving throw. On a failed save, the creature is knocked prone, as if struck by a wave.

Tundra. Whenever the effect of your Storm Aura is activated, you can choose one creature you can see in the aura. That creature must succeed on a Strength saving throw, or its speed is reduced to 0 until the start of your next turn, as magical frost covers it.",14,Barbarian,Path of the Storm Herald,False,,Xanathar's Guide to Everything,barbarian_features.json
Spirit Seeker,"Yours is a path that seeks attunement with the natural world, giving you a kinship with beasts. At 3rd level when you adopt this path, you gain the ability to cast the Beast Sense and Speak with Animals spells, but only as rituals.",3,Barbarian,Path of the Totem Warrior,False,,Player's Handbook,barbarian_features.json
Totem Spirit,"At 3rd level, when you adopt this path, you choose a totem spirit and gain its feature. You must make or acquire a physical totem object – an amulet or similar adornment – that incorporates fur or feathers, claws, teeth, or bones of the totem animal. At your option, you also gain minor physical attributes that are reminiscent of your totem spirit. For example, if you have a bear totem spirit, you might be unusually hairy and thick-skinned, or if your totem is the eagle, your eyes turn bright yellow.

Your totem animal might be an animal related to those listed here but more appropriate to your homeland. For example, you could choose a hawk or vulture in place of an eagle.

Bear. While raging, you have resistance to all damage except psychic damage. The spirit of the bear makes you tough enough to stand up to any punishment.

Eagle. While you're raging and aren't wearing heavy armor, other creatures have disadvantage on opportunity attack rolls against you, and you can use the Dash action as a bonus action on your turn. The spirit of the eagle makes you into a predator who can weave through the fray with ease.

Elk. While you're raging and aren't wearing heavy armor, your walking speed increases by 15 feet. The spirit of the elk makes you extraordinarily swift.

Tiger. While raging, you can add 10 feet to your long jump distance and 3 feet to your high jump distance. The spirit of the tiger empowers your leaps.

Wolf. While you're raging, your friends have advantage on melee attack rolls against any creature within 5 feet of you that is hostile to you. The spirit of the wolf makes you a leader of hunters.",3,Barbarian,Path of the Totem Warrior,False,,Player's Handbook,barbarian_features.json
Aspect of the Beast,"At 6th level, you gain a magical benefit based on the totem animal of your choice. You can choose the same animal you selected at 3rd level or a different one.

Bear. You gain the might of a bear. Your carrying capacity (including maximum load and maximum lift) is doubled, and you have advantage on Strength checks made to push, pull, lift, or break objects.

Eagle. You gain the eyesight of an eagle. You can see up to 1 mile away with no difficulty, able to discern even fine details as though looking at something no more than 100 feet away from you. Additionally, dim light doesn't impose disadvantage on your Wisdom (Perception) checks.

Elk. Whether mounted or on foot, your travel pace is doubled, as is the travel pace of up to ten companions while they're within 60 feet of you and you're not incapacitated. The elk spirit helps you roam far and fast.

Tiger. You gain proficiency in two skills from the following list: Athletics, Acrobatics, Stealth, and Survival. The cat spirit hones your survival instincts.

Wolf. You gain the hunting sensibilities of a wolf. You can track other creatures while traveling at a fast pace, and you can move stealthily while traveling at a normal pace.",6,Barbarian,Path of the Totem Warrior,False,,Player's Handbook,barbarian_features.json
Spirit Walker,"At 10th level, you can cast the Commune with Nature spell, but only as a ritual. When you do so, a spiritual version of one of the animals you chose for Totem Spirit or Aspect of the Beast appears to you to convey the information you seek.",10,Barbarian,Path of the Totem Warrior,False,,Player's Handbook,barbarian_features.json
Totemic Attunement,"At 14th level, you gain a magical benefit based on a totem animal of your choice. You can choose the same animal you selected previously or a different one.

Bear. While you're raging, any creature within 5 feet of you that's hostile to you has disadvantage on attack rolls against targets other than you or another character with this feature. An enemy is immune to this effect if it can't see or hear you or if it can't be frightened.

Eagle. While raging, you have a flying speed equal to your current walking speed. This benefit works only in short bursts; you fall if you end your turn in the air and nothing else is holding you aloft.

Elk. While raging, you can use a bonus action during your move to pass through the space of a Large or smaller creature. That creature must succeed on a Strength saving throw (DC 8 + your Strength bonus + your proficiency bonus) or be knocked prone and take bludgeoning damage equal to 1d12 + your Strength modifier.

Tiger. While you're raging, if you move at least 20 feet in a straight line toward a Large or smaller target right before making a melee weapon attack against it, you can use a bonus action to make an additional melee weapon attack against it.

Wolf. While you're raging, you can use a bonus action on your turn to knock a Large or smaller creature prone when you hit it with melee weapon attack.",14,Barbarian,Path of the Totem Warrior,False,,Player's Handbook,barbarian_features.json
Magic Awareness,"When you choose this path at 3rd level, as an action, you can open your awareness to the presence of concentrated magic. Until the end of your next turn, you know the location of any spell or magic item within 60 feet of you that isn’t behind total cover. When you sense a spell, you learn which school of magic it belongs to.

You can use this feature a number of times equal to your proficiency bonus, and you regain all expended uses when you finish a long rest.",3,Barbarian,Path of Wild Magic,False,,Tasha's Cauldron of Everything,barbarian_features.json
Wild Surge,"Also at 3rd level, the magical energy roiling inside you sometimes erupts from you. When you enter your rage, roll on the Wild Magic table to determine the magical effect produced.

If the effect requires a saving throw, the DC equals 8 + your proficiency bonus + your Constitution modifier.",3,Barbarian,Path of Wild Magic,False,,Tasha's Cauldron of Everything,barbarian_features.json
Bolstering Magic,"Beginning at 6th level, you can harness your wild magic to bolster yourself or a companion. As an action, you can touch one creature (which can be yourself) and confer one of the following benefits of your choice to that creature:

• For 10 minutes, the creature can roll a d3 whenever making an attack roll or an ability check and add the number rolled to the d20 roll.

• Roll a d3. The creature regains one expended spell slot, the level of which equals the number rolled or lower (the creature’s choice). Once a creature receives this benefit, that creature can’t receive it again until after a long rest.

You can take this action a number of times equal to your proficiency bonus, and you regain all expended uses when you finish a long rest.",6,Barbarian,Path of Wild Magic,False,,Tasha's Cauldron of Everything,barbarian_features.json
Unstable Backlash,"At 10th level, when you are imperiled during your rage, the magic within you can lash out; immediately after you take damage or fail a saving throw while raging, you can use your reaction to roll on the Wild Magic table and immediately produce the effect rolled. This effect replaces your current Wild Magic effect.",10,Barbarian,Path of Wild Magic,False,,Tasha's Cauldron of Everything,barbarian_features.json
Controlled Surge,"At 14th level, whenever you roll on the Wild Magic table, you can roll the die twice and choose which of the two effects to unleash. If you roll the same number on both dice, you can ignore the number and choose any effect on the table.",14,Barbarian,Path of Wild Magic,False,,Tasha's Cauldron of Everything,barbarian_features.json
Divine Fury,"Starting when you choose this path at 3rd level, you can channel divine fury into your weapon strikes. While you're raging, the first creature you hit on each of your turns with a weapon attack takes extra damage equal to 1d6 + half your Barbarian level. The extra damage is necrotic or radiant; you choose the type of damage when you gain this feature.",3,Barbarian,Path of the Zealot,False,,Xanathar's Guide to Everything,barbarian_features.json
Warrior of the Gods,"At 3rd level, your soul is marked for endless battle. If a spell, such as Raise Dead, has the sole effect of restoring you to life (but not undeath), the caster doesn't need material components to cast the spell on you.",3,Barbarian,Path of the Zealot,False,,Xanathar's Guide to Everything,barbarian_features.json
Fanatical Focus,"Starting at 6th level, the divine power that fuels your rage can protect you. If you fail a saving throw while raging, you can reroll it, and you must use the new roll. You can use this ability only once per rage.",6,Barbarian,Path of the Zealot,False,,Xanathar's Guide to Everything,barbarian_features.json
Zealous Presence,"At 10th level, you learn to channel divine power to inspire zealotry in others. As a bonus action, you unleash a battle cry infused with divine energy. Up to ten other creatures of your choice within 60 feet of you that can hear you gain advantage on attack rolls and saving throws until the start of your next turn.

Once you use this feature, you can’t use it again until you finish a long rest.",10,Barbarian,Path of the Zealot,False,1,Xanathar's Guide to Everything,barbarian_features.json
Rage Beyond Death,"Beginning at 14th level, the divine power that fuels your rage allows you to shrug off fatal blows.

While you're raging, having 0 hit points doesn’t knock you unconscious. You still must make death saving throws, and you suffer the normal effects of taking damage while at 0 hit points. However, if you would die due to failing death saving throws, you don’t die until your rage ends, and you die then only if you still have 0 hit points.",14,Barbarian,Path of the Zealot,False,,Xanathar's Guide to Everything,barbarian_features.json
Form of the Beast,"Starting when you choose this path at 3rd level, when you enter your rage, you can transform, revealing the bestial power within you. Until your rage ends, you manifest a natural melee weapon, choosing one of the following options each time you rage:

Bite. Your mouth transforms into a bestial snout or great mandibles (your choice). Your bite deals 1d8 piercing damage on a hit. Once on each of your turns when you damage a creature with your bite, you regain a number of hit points equal to your Constitution modifier (minimum of 1 hit point).

Claws. Your hands transform into claws, which deal 1d6 slashing damage on a hit. When you take the Attack action on your turn and make an attack with your claws, you can make one additional attack using your claws as part of the same action.

Tail. You grow a lashing, spiny tail, which deals 1d12 piercing damage on a hit and has the reach property.",3,Barbarian,Path of the Beast (UA),False,,"Unearthed Arcana 67 - Subclasses, Part 1",barbarian_features.json
Bestial Soul,"Beginning at 6th level, the feral spirit within you grows in power, causing the natural weapons of your Form of the Beast to count as magical for the purpose of overcoming resistance and immunity to nonmagical attacks and damage.

You can also call on the feral spirit to help you adapt to your surroundings. When you finish a short or long rest, choose one of the following benefits, which lasts until you finish a short or long rest:

• You gain a swimming speed equal to your walking speed, and you can breathe underwater.

• You gain a climbing speed equal to your walking speed, and you can climb difficult surfaces, including upside down on ceilings, without needing to make an ability check.

• When you jump, you can make a Strength (Athletics) check and extend your jump by a number of feet equal to the check’s total. You can make this special check only once per turn.",6,Barbarian,Path of the Beast (UA),False,,"Unearthed Arcana 67 - Subclasses, Part 1",barbarian_features.json
Infectious Fury,"At 10th level, when you hit a creature with your natural weapons while you are raging, the spirit within you can curse your target with rabid fury. The target must succeed on a Wisdom saving throw (DC equal to 8 + your Constitution modifier + your proficiency bonus) or suffer one of the following effects (your choice):

• The target must use its reaction to make a melee attack against another creature of your choice that you can see.

• Target takes 2d12 psychic damage.

You can use this feature a number of times equal to your Constitution modifier (a minimum of once). You regain all expended uses when you finish a long rest.",10,Barbarian,Path of the Beast (UA),False,,"Unearthed Arcana 67 - Subclasses, Part 1",barbarian_features.json
Call the Hunt,"At 14th level, the beast within grows so powerful that you can spread its ferocity to your allies. When you enter your rage, you can choose a number of willing creatures you can see within 30 feet of you equal to your Constitution modifier (minimum of one creature). Until your rage ends, the chosen creatures gain the Reckless Attack feature and you have advantage on saving throws against being frightened. You also gain 5 temporary hit points for each creature that accepts the benefit.

You can use this feature a number of times equal to your Constitution modifier (a minimum of once). You regain all expended uses when you finish a long rest.",14,Barbarian,Path of the Beast (UA),False,,"Unearthed Arcana 67 - Subclasses, Part 1",barbarian_features.json
Giant Power,"3rd-Level Path of the Giant Feature

When you choose this path, you learn to speak, read, and write Giant or one other language of your choice if you already know Giant. Additionally, you learn either the druidcraft or thaumaturgy cantrip (your choice). Wisdom is your spellcasting ability for this spell.",3,Barbarian,Path of the Giant (UA),False,,Unearthed Arcana 83 - Giant Options,barbarian_features.json
Giant's Havoc,"3rd-Level Path of the Giant Feature Your rages pull strength from the primal might of giants, transforming you into a hulking force of destruction. While raging, you gain the following benefits:

• Crushing Hurl. When you make a successful ranged attack with a thrown weapon using Strength, you can add your Rage Damage bonus to the attack’s damage roll.

• Giant Stature. Your reach increases by 5 feet, and if you are smaller than Large, you become Large, along with anything you are wearing. If there isn’t enough room for you to become Large, your size doesn’t change.",3,Barbarian,Path of the Giant (UA),False,,Unearthed Arcana 83 - Giant Options,barbarian_features.json
Elemental Cleaver,"6th-Level Path of the Giant Feature Your bond with the elemental might of giants and their ilk grows, and you learn to infuse weapons with primordial energy.

When you enter your rage, you can infuse one weapon of your choice that you are holding with one of the following damage types: acid, cold, fire, thunder, or lightning. While you wield the infused weapon during your rage, the weapon’s damage type changes to the chosen type, it deals an extra 1d6 damage of the chosen type when it hits, and it gains the thrown property, with a normal range of 20 feet and a long range of 60 feet. If you throw the weapon, it reappears in your hand the instant after it hits or misses a target. The infused weapon’s benefits are suppressed while a creature other than you wields it.

While raging and holding the infused weapon, you can use a bonus action to change the infused weapon’s current damage type to a different one from the above damage types.",3,Barbarian,Path of the Giant (UA),False,,Unearthed Arcana 83 - Giant Options,barbarian_features.json
Mighty Impel,"10th-Level Path of the Giant Feature Your connection to giant strength now allows you to hurl both allies and enemies on the battlefield. As a bonus action while raging, you can choose one Medium or smaller creature within your reach and move it to an unoccupied space you can see within 30 feet of yourself. An unwilling creature must succeed on a Strength saving throw (DC equals 8 + your proficiency bonus + your Strength modifier) to avoid the effect.

If, at the end of this movement, the thrown creature isn’t on a surface or liquid that can support it, the creature falls, taking damage as normal and landing prone.",3,Barbarian,Path of the Giant (UA),False,,Unearthed Arcana 83 - Giant Options,barbarian_features.json
Demiurgic Collussus,"14th-Level Path of the Giant Feature The primordial power of your rage intensifies. When you rage, your reach now increases by 10 feet, your size can increase to Huge, and you can now use your Mighty Impel to move creatures that are Large or smaller.

In addition, the extra damage dealt by your Elemental Cleaver feature increases to 2d6.",3,Barbarian,Path of the Giant (UA),False,,Unearthed Arcana 83 - Giant Options,barbarian_features.json
Lingering Magic,"3rd-level Path of Wild Magic feature

At 3rd level, your body reacts to the presence of magic. You can cast the detect magic spell without using a spell slot or components. Constitution is your spellcasting ability for this spell. You faintly glow a color corresponding to the school of magic you detect (you choose the colors).

You can use this feature a number of times equal to your Constitution modifier (minimum of once). You regain all expended uses when you finish a long rest.",3,Barbarian,Path of the Wild Soul (UA),False,,Unearthed Arcana 60: Barbarian and Monk,barbarian_features.json
Wild Surge,"3rd-level Path of Wild Magic feature

Starting at 3rd level, magic erupts from you as you rage. When you enter your rage, roll on the Wild Surge table to determine the magical effect produced.

If the effect requires a saving throw, the DC equals 8 + your proficiency bonus + your Constitution modifier.",3,Barbarian,Path of the Wild Soul (UA),False,,Unearthed Arcana 60: Barbarian and Monk,barbarian_features.json
Magic Reserves,"6th-level Path of Wild Magic feature

At 6th level, you can channel the magic surging inside you into other creatures. As an action, you can touch a creature and roll a d4. The creature recovers an expended spell slot of a level equal to the number rolled. If the creature you touch can’t recover a spell slot of that level, the creature instead gains temporary hit points equal to five times the number rolled.

You take force damage equal to five times the number rolled.

When you reach 14th level in this class, you increase the die to a d6.",6,Barbarian,Path of the Wild Soul (UA),False,,Unearthed Arcana 60: Barbarian and Monk,barbarian_features.json
Arcane Rebuke,"10th-level Path of Wild Magic feature

At 10th level, the magic crackling within your soul lashes out. When a creature forces you to make a saving throw while you are raging, you can use your reaction to deal 3d6 force damage to that creature.",10,Barbarian,Path of the Wild Soul (UA),False,,Unearthed Arcana 60: Barbarian and Monk,barbarian_features.json
Chaotic Fury,"14th-level Path of Wild Magic feature

At 14th level, you become a wellspring of wild magic while you are raging. As a bonus action, you can reroll on the Wild Surge table, replacing your current effect with the new one.",14,Barbarian,Path of the Wild Soul (UA),False,,Unearthed Arcana 60: Barbarian and Monk,barbarian_features.json
Base Features,"Hit Points:
Hit Dice: 1d8 per bard level Hit Points at 1st Level: 8 + your Constitution modifier Hit Points at Higher Levels: 1d8 (or 5) + your Constitution modifier per bard level after 1st

Proficiencies:
Armor: Light armor Weapons: Simple weapons, hand crossbows, longswords, rapiers, shortswords Tools: Three musical instruments of your choice Saving Throws: Dexterity, Charisma Skills: Choose any three

Equipment:
You start with the following equipment, in addition to the equipment granted by your background:

• (a) a rapier, (b) a longsword, or (c) any simple weapon

• (a) a diplomat's pack or (b) an entertainer's pack

• (a) a lute or (b) any other musical instrument

• Leather armor and a dagger",1,Bard,,False,,,bard_features.json
Spellcasting,"Spellcasting:
You have learned to untangle and reshape the fabric of reality in harmony with your wishes and music. Your spells are part of your vast repertoire, magic that you can tune to different situations.

Cantrips

You know two cantrips of your choice from the bard spell list. You learn additional bard cantrips of your choice at higher levels, as shown in the Cantrips Known column of the Bard table.

Spell Slots

The Bard table shows how many spell slots you have to cast your bard spells of 1st level and higher. To cast one of these spells, you must expend a slot of the spell's level or higher. You regain all expended spell slots when you finish a long rest. For example, if you know the 1st-level spell Cure Wounds and have a 1st-level and a 2nd-level spell slot available, you can cast Cure Wounds using either slot.

Spells Known of 1st Level and Higher

You know four 1st-level spells of your choice from the bard spell list.

The Spells Known column of the Bard table shows when you learn more bard spells of your choice. Each of these spells must be of a level for which you have spell slots, as shown on the table. For instance, when you reach 3rd level in this class, you can learn one new spell of 1st or 2nd level.

Additionally, when you gain a level in this class, you can choose one of the bard spells you know and replace it with another spell from the bard spell list, which also must be of a level for which you have spell slots.

Spellcasting Ability

Charisma is your spellcasting ability for your bard spells. Your magic comes from the heart and soul you pour into the performance of your music or oration. You use your Charisma whenever a spell refers to your spellcasting ability. In addition, you use your Charisma modifier when setting the saving throw DC for a bard spell you cast and when making an attack roll with one.

Spell save DC = 8 + your proficiency bonus + your Charisma modifier

Spell attack modifier = your proficiency bonus + your Charisma modifier

Ritual Casting

You can cast any bard spell you know as a ritual if that spell has the ritual tag.

Spellcasting Focus

You can use a musical instrument (found in chapter 5) as a spellcasting focus for your bard spells.",1,Bard,,False,,,bard_features.json
Bardic Inspiration,"You can inspire others through stirring words or music. To do so, you use a bonus action on your turn to choose one creature other than yourself within 60 feet of you who can hear you. That creature gains one Bardic Inspiration die, a d6.

Once within the next 10 minutes, the creature can roll the die and add the number rolled to one ability check, attack roll, or saving throw it makes. The creature can wait until after it rolls the d20 before deciding to use the Bardic Inspiration die, but must decide before the DM says whether the roll succeeds or fails. Once the Bardic Inspiration die is rolled, it is lost. A creature can have only one Bardic Inspiration die at a time.

You can use this feature a number of times equal to your Charisma modifier (a minimum of once). You regain any expended uses when you finish a long rest.

Your Bardic Inspiration die changes when you reach certain levels in this class. The die becomes a d8 at 5th level, a d10 at 10th level, and a d12 at 15th level.",1,Bard,,False,,,bard_features.json
Jack of All Trades,"Starting at 2nd level, you can add half your proficiency bonus, rounded down, to any ability check you make that doesn't already include your proficiency bonus.",2,Bard,,False,,,bard_features.json
Song of Rest,"Beginning at 2nd level, you can use soothing music or oration to help revitalize your wounded allies during a short rest. If you or any friendly creatures who can hear your performance regain hit points at the end of the short rest by spending one or more Hit Dice, each of those creatures regains an extra 1d6 hit points.

The extra Hit Points increase when you reach certain levels in this class: to 1d8 at 9th level, to 1d10 at 13th level, and to 1d12 at 17th level.",2,Bard,,False,,,bard_features.json
Magical Inspiration,"At 2nd level, if a creature has a Bardic Inspiration die from you and casts a spell that restores hit points or deals damage, the creature can roll that die and choose a target affected by the spell. Add the number rolled as a bonus to the hit points regained or the damage dealt. The Bardic Inspiration die is then lost.",2,Bard,,False,,,bard_features.json
Bard College,"At 3rd level, you delve into the advanced techniques of a bard college of your choice. Your choice grants you features at 3rd level and again at 6th and 14th level.",3,Bard,Pick your subclass where you set your class (top left),True,,,bard_features.json
Expertise,"At 3rd level, choose two of your skill proficiencies. Your proficiency bonus is doubled for any ability check you make that uses either of the chosen proficiencies.

At 10th level, you can choose another two skill proficiencies to gain this benefit.",3,Bard,,False,,,bard_features.json
Bardic Versatility,"Whenever you reach a level in this class that grants the Ability Score Improvement feature, you can do one of the following, representing a change in focus as you use your skills and magic:

• Replace one of the skills you chose for the Expertise feature with one of your other skill proficiencies that isn't benefiting from Expertise.

• Replace one cantrip you learned from this class's Spellcasting feature with another cantrip from the bard spell list.",4,Bard,,False,,,bard_features.json
Font of Inspiration,"Beginning when you reach 5th level, you regain all of your expended uses of Bardic Inspiration when you finish a short or long rest.",5,Bard,,False,,,bard_features.json
Countercharm,"At 6th level, you gain the ability to use musical notes or words of power to disrupt mind-influencing effects. As an action, you can start a performance that lasts until the end of your next turn. During that time, you and any friendly creatures within 30 feet of you have advantage on saving throws against being frightened or charmed. A creature must be able to hear you to gain this benefit. The performance ends early if you are incapacitated or silenced or if you voluntarily end it (no action required).",6,Bard,,False,,,bard_features.json
Magical Secrets,"By 10th level, you have plundered magical knowledge from a wide spectrum of disciplines. Choose two spells from any classes, including this one. A spell you choose must be of a level you can cast, as shown on the Bard table, or a cantrip.

The chosen spells count as bard spells for you and are included in the number in the Spells Known column of the Bard table.

You learn two additional spells from any classes at 14th level and again at 18th level.",10,Bard,,False,,,bard_features.json
Superior Inspiration,"At 20th level, when you roll initiative and have no uses of Bardic Inspiration left, you regain one use.",20,Bard,,False,,,bard_features.json
Mote of Potential,"When you join the College of Creation at 3rd level, whenever you give a creature a Bardic Inspiration die, you can utter a note from the Song of Creation to create a Tiny mote of potential, which orbits within 5 feet of that creature. The mote is intangible and invulnerable, and it lasts until the Bardic Inspiration die is lost. The mote looks like a musical note, a star, a flower, or another symbol of art or life that you choose.

When the creature uses the Bardic Inspiration die, the mote provides an additional effect based on whether the die benefits an ability check, an attack roll, or a saving throw, as detailed below:

Ability Check. When the creature rolls the Bardic Inspiration die to add it to an ability check, the creature can roll the Bardic Inspiration die again and choose which roll to use, as the mote pops and emits colorful, harmless sparks for a moment.

Attack Roll. Immediately after the creature rolls the Bardic Inspiration die to add it to an attack roll against a target, the mote thunderously shatters. The target and each creature of your choice that you can see within 5 feet of it must succeed on a Constitution saving throw against your spell save DC or take thunder damage equal to the number rolled on the Bardic Inspiration die.

Saving Throw. Immediately after the creature rolls the Bardic Inspiration die and adds it to a saving throw, the mote vanishes with the sound of soft music, causing the creature to gain temporary hit points equal to the number rolled on the Bardic Inspiration die plus your Charisma modifier (minimum of 1 temporary hit point).",3,Bard,College of Creation,False,,Tasha's Cauldron of Everything,bard_features.json
Performance of Creation,"Also at 3rd level, as an action, you can channel the magic of the Song of Creation to create one nonmagical item of your choice in an unoccupied space within 10 feet of you. The item must appear on a surface or in a liquid that can support it. The gp value of the item can't be more than 20 times your bard level, and the item must be Medium or smaller. The item glimmers softly, and a creature can faintly hear music when touching it. The created item disappears after a number of hours equal to your proficiency bonus. For examples of items you can create, see the equipment chapter of the Player's Handbook.

Once you create an item with this feature, you can't do so again until you finish a long rest, unless you expend a spell slot of 2nd level or higher to use this feature again. You can have only one item created by this feature at a time; if you use this action and already have an item from this feature, the first one immediately vanishes.

The size of the item you can create with this feature increases by one size category when you reach 6th level (Large) and 14th level (Huge).",3,Bard,College of Creation,False,,Tasha's Cauldron of Everything,bard_features.json
Animating Performance,"By 6th level, as an action, you can animate one Large or smaller nonmagical item within 30 feet of you that isn’t being worn or carried. The animate item uses the Dancing Item stat block, which uses your proficiency bonus (PB), The item is friendly to you and your companions and obeys your commands. It lives for 1 hour, until it is reduced to 0 hit points, or until you die.

In combat, the item shares your initiative count, but it takes its turn immediately after yours. It can move and use its reaction on its own, but the only action it takes on its turn is the Dodge action, unless you take a bonus action on your turn to command it to take another action. That action can be one in its stat block or some other action. If you are incapacitated, the item can take any action of its choice, not just Dodge.

When you use your Bardic Inspiration feature, you can command the item as part of the same bonus action you use for Bardic Inspiration.

Once you animate an item with this feature, you can't do so again until you finish a long rest, unless you expend a spell slot of 3rd level or higher to use this feature again. You can have only one item animated by this feature at a time; if you use this action and already have a dancing item from this feature, the first one immediately becomes inanimate.",6,Bard,College of Creation,False,,Tasha's Cauldron of Everything,bard_features.json
Creative Crescendo,"At 14th level, when you use your Performance of Creation feature, you can create more than one item at once. The number of items equals your Charisma modifier (minimum of two items). If you create an item that would exceed that number, you choose which of the previously created items disappears. Only one of these items can be of the maximum size you can create; the rest must be Small or Tiny.

You are no longer limited by gp value when creating items with Performance of Creation.",14,Bard,College of Creation,False,,Tasha's Cauldron of Everything,bard_features.json
Silver Tongue,"Starting at 3rd level, you are a master at saying the right thing at the right time. When you make a Charisma (Persuasion) or Charisma (Deception) check, you can treat a d20 roll of 9 or lower as a 10.",3,Bard,College of Eloquence,False,,"Mythic Odysseys of Theros, Tasha's Cauldron of Everything",bard_features.json
Unsettling Words,"Also at 3rd level, you can spin words laced with magic that unsettle a creature and cause it to doubt itself. As a bonus action, you can expend one use of your Bardic Inspiration and choose one creature you can see within 60 feet of you. Roll the Bardic Inspiration die. The creature must subtract the number rolled from the next saving throw it makes before the start of your next turn.",3,Bard,College of Eloquence,False,,"Mythic Odysseys of Theros, Tasha's Cauldron of Everything",bard_features.json
Unfailing Inspiration,"At 6th level, your inspiring words are so persuasive that others feel driven to succeed. When a creature adds one of your Bardic Inspiration dice to its ability check, attack roll, or saving throw and the roll fails, the creature can keep the Bardic Inspiration die.",6,Bard,College of Eloquence,False,,"Mythic Odysseys of Theros, Tasha's Cauldron of Everything",bard_features.json
Universal Speech,"Also at 6th level, you have gained the ability to make your speech intelligible to any creature. As an action, choose one or more creatures within 60 feet of you, up to a number equal to your Charisma modifier (minimum of one creature). The chosen creatures can magically understand you, regardless of the language you speak, for 1 hour.

Once you use this feature, you can't use it again until you finish a long rest, unless you expend a spell slot to use it again.",6,Bard,College of Eloquence,False,1,"Mythic Odysseys of Theros, Tasha's Cauldron of Everything",bard_features.json
Infectious Inspiration,"At 14th level, when you successfully inspire someone, the power of your eloquence can now spread to someone else. When a creature within 60 feet of you adds one of your Bardic Inspiration dice to its ability check, attack roll, or saving throw and the roll succeeds, you can use your reaction to encourage a different creature (other than yourself) that can hear you within 60 feet of you, giving it a Bardic Inspiration die without expending any of your Bardic Inspiration uses.

You can use this reaction a number of times equal to your Charisma modifier (minimum of once), and you regain all expended uses when you finish a long rest.",14,Bard,College of Eloquence,False,,"Mythic Odysseys of Theros, Tasha's Cauldron of Everything",bard_features.json
Mantle of Inspiration,"When you join the College of Glamour at 3rd level, you gain the ability to weave a song of fey magic that imbues your allies with vigor and speed.

As a bonus action, you can expend one use of your Bardic Inspiration to grant yourself a wondrous appearance. When you do so, choose a number of creatures you can see and who can see you within 60 feet of you, up to a number equal to your Charisma modifier (minimum of one). Each of them gains 5 temporary hit points. When a creature gains these temporary hit points, it can immediately use its reaction to move up to its speed, without provoking opportunity attacks.

The number of temporary hit points increases when you reach certain levels in this class, increasing to 8 at 5th level, 11 at 10th level, and 14 at 15th level.",3,Bard,College of Glamour,False,,Xanathar's Guide to Everything,bard_features.json
Enthralling Performance,"Starting at 3rd level, you can charge your performance with seductive, fey magic.

If you perform for at least 1 minute, you can attempt to inspire wonder in your audience by singing, reciting a poem, or dancing. At the end of the performance, choose a number of humanoids within 60 feet of you who watched and listened to all of it, up to a number equal to your Charisma modifier (minimum of one). Each target must succeed on a Wisdom saving throw against your spell save DC or be charmed by you. While charmed in this way, the target idolizes you, it speaks glowingly of you to anyone who speaks to it, and it hinders anyone who opposes you, avoiding violence unless it was already inclined to fight on your behalf. This effect ends on a target after 1 hour, if it takes any damage, if you attack it, or if it witnesses you attacking or damaging any of its allies.

If a target succeeds on its saving throw, the target has no hint that you tried to charm it.

Once you use this feature, you can’t use it again until you finish a short or long rest.",3,Bard,College of Glamour,False,1,Xanathar's Guide to Everything,bard_features.json
Mantle of Majesty,"At 6th level, you gain the ability to cloak yourself in a fey magic that makes others want to serve you. As a bonus action, you cast Command, without expending a spell slot, and you take on an appearance of unearthly beauty for 1 minute or until your concentration ends (as if you were concentrating on a spell). During this time, you can cast Command as a bonus action on each of your turns, without expending a spell slot.

Any creature charmed by you automatically fails its saving throw against the Command you cast with this feature.

Once you use this feature, you can’t use it again until you finish a long rest.",6,Bard,College of Glamour,False,1,Xanathar's Guide to Everything,bard_features.json
Unbreakable Majesty,"At 14th level, your appearance permanently gains an otherworldly aspect that makes you look more lovely and fierce.

In addition, as a bonus action, you can assume a magically majestic presence for 1 minute or until you are incapacitated. For the duration, whenever any creature tries to attack you for the first time on a turn, the attacker must make a Charisma saving throw against your spell save DC. On a failed save, it can't attack you on this turn, and it must choose a new target for its attack or the attack is wasted. On a successful save, it can attack you on this turn, but it has disadvantage on any saving throw it makes against your spells on your next turn.

Once you assume this majestic presence, you can't do so again until you finish a short or long rest.",14,Bard,College of Glamour,False,,Xanathar's Guide to Everything,bard_features.json
Bonus Proficiencies,"When you join the College of Lore at 3rd level, you gain proficiency with three skills of your choice.",3,Bard,College of Lore,False,,Player's Handbook,bard_features.json
Cutting Words,"Also at 3rd level, you learn how to use your wit to distract, confuse, and otherwise sap the confidence and competence of others. When a creature that you can see within 60 feet of you makes an attack roll, an ability check, or a damage roll, you can use your reaction to expend one of your uses of Bardic Inspiration, rolling a Bardic Inspiration die and subtracting the number rolled from the creature's roll. You can choose to use this feature after the creature makes its roll, but before the DM determines whether the attack roll or ability check succeeds or fails, or before the creature deals its damage. The creature is immune if it can't hear you or if it's immune to being charmed.",3,Bard,College of Lore,False,,Player's Handbook,bard_features.json
Additional Magical Secrets,"At 6th level, you learn two spells of your choice from any class. A spell you choose must be of a level you can cast, as shown on the Bard table, or a cantrip. The chosen spells count as bard spells for you but don't count against the number of bard spells you know.",6,Bard,College of Lore,False,,Player's Handbook,bard_features.json
Peerless Skill,"Starting at 14th level, when you make an ability check, you can expend one use of Bardic Inspiration. Roll a Bardic Inspiration die and add the number rolled to your ability check. You can choose to do so after you roll the die for the ability check, but before the DM tells you whether you succeed or fail.",14,Bard,College of Lore,False,,Player's Handbook,bard_features.json
Guiding Whispers,"At 3rd level, you can reach out to spirits to guide you and others. You learn the Guidance cantrip, which doesn’t count against the number of bard cantrips you know. For you, it has a range of 60 feet when you cast it.",3,Bard,College of Spirits,False,,Van Richten's Guide to Ravenloft,bard_features.json
Spiritual Focus,"At 3rd level, you employ tools that aid you in channeling spirits, be they historical figures or fictional archetypes. You can use the following objects as a spellcasting focus for your bard spells: a candle, crystal ball, skull, spirit board, or tarokka deck.

Starting at 6th level, when you cast a bard spell that deals damage or restores hit points through the Spiritual Focus, roll a d6, and you gain a bonus to one damage or healing roll of the spell equal to the number rolled.",3,Bard,College of Spirits,False,,Van Richten's Guide to Ravenloft,bard_features.json
Tales from Beyond,"At 3rd level, you reach out to spirits who tell their tales through you. While you are holding your Spiritual Focus, you can use a bonus action to expend one use of your Bardic Inspiration and roll on the Spirit Tales table using your Bardic Inspiration die to determine the tale the spirits direct you to tell. You retain the tale in mind until you bestow the tale’s effect or you finish a short or long rest.

You can use an action to choose one creature you can see within 30 feet of you (this can be you) to be the target of the tale’s effect. Once you do so, you can’t bestow the tale’s effect again until you roll it again.

You can retain only one of these tales in mind at a time, and rolling on the Spirit Tales table immediately ends the effect of the previous tale.

If the tale requires a saving throw, the DC equals your spell save DC.",3,Bard,College of Spirits,False,,Van Richten's Guide to Ravenloft,bard_features.json
Spirit Session,"At 6th level, spirits provide you with supernatural insights. You can conduct an hour-long ritual channeling spirits (which can be done during a short or long rest) using your Spiritual Focus. You can conduct the ritual with a number of willing creatures equal to your proficiency bonus (including yourself). At the end of the ritual, you temporarily learn one spell of your choice from any class.

The spell you choose must be of a level equal to the number of creatures that conducted the ritual or less, the spell must be of a level you can cast, and it must be in the school of Divination or Necromancy. The chosen spell counts as a bard spell for you but doesn’t count against the number of bard spells you know.

Once you perform the ritual, you can’t do so again until you start a long rest, and you know the chosen spell until you start a long rest.",6,Bard,College of Spirits,False,,Van Richten's Guide to Ravenloft,bard_features.json
Mystical Connection,"At 14th level, you now have the ability to nudge the spirits of Tales from Beyond toward certain tales. Whenever you roll on the Spirit Tales table, you can roll the die twice and choose which of the two effects to bestow. If you roll the same number on both dice, you can ignore the number and choose any effect on the table.",14,Bard,College of Spirits,False,,Van Richten's Guide to Ravenloft,bard_features.json
Bonus Proficiencies,"When you join the College of Swords at 3rd level, you gain proficiency with medium armor and the scimitar.

If you’re proficient with a simple or martial melee weapon, you can use it as a spellcasting focus for your bard spells.",3,Bard,College of Swords,False,,Xanathar's Guide to Everything,bard_features.json
Fighting Style,"At 3rd level, you adopt a particular style of fighting as your specialty. Choose one of the following options. You can't take a Fighting Style option more than once, even if you later get to choose again.

• Dueling. When you are wielding a melee weapon in one hand and no other weapons, you gain a +2 bonus to damage rolls with that weapon.

• Two-Weapon Fighting. When you engage in two-weapon fighting, you can add your ability modifier to the damage of the second attack.",3,Bard,College of Swords,False,,Xanathar's Guide to Everything,bard_features.json
Blade Flourish,"At 3rd level, you learn to conduct impressive displays of martial prowess and speed.

Whenever you take the Attack action on your turn, your walking speed increases by 10 feet until the end of the turn, and if a weapon attack that you make as part of this action hits a creature, you can use one of the following Blade Flourish options of your choice. You can use only one Blade Flourish option per turn.

Defensive Flourish. You can expend one use of your Bardic Inspiration to cause the weapon to deal extra damage to the target you hit. The damage equals the number you roll on the Bardic Inspiration die. You also add the number rolled to your AC until the start of your next turn.

Slashing Flourish. You can expend one use of your Bardic Inspiration to cause the weapon to deal extra damage to the target you hit and to any other creature of your choice that you can see within 5 feet of you. The damage equals the number you roll on the Bardic Inspiration die.

Mobile Flourish. You can expend one use of your Bardic Inspiration to cause the weapon to deal extra damage to the target you hit. The damage equals the number you roll on the Bardic Inspiration die. You can also push the target up to 5 feet away from you, plus a number of feet equal to the number you roll on that die. You can then immediately use your reaction to move up to your walking speed to an unoccupied space within 5 feet of the target.",3,Bard,College of Swords,False,,Xanathar's Guide to Everything,bard_features.json
Master's Flourish,"Starting at 14th level, whenever you use a Blade Flourish option, you can roll a d6 and use it instead of expending a Bardic Inspiration die.",14,Bard,College of Swords,False,,Xanathar's Guide to Everything,bard_features.json
Bonus Proficiencies,"When you join the College of Valor at 3rd level, you gain proficiency with medium armor, shields, and martial weapons.",3,Bard,College of Valor,False,,Player's Handbook,bard_features.json
Combat Inspiration,"Also at 3rd level, you learn to inspire others in battle. A creature that has a Bardic Inspiration die from you can roll that die and add the number rolled to a weapon damage roll it just made. Alternatively, when an attack roll is made against the creature, it can use its reaction to roll the Bardic Inspiration die and add the number rolled to its AC against that attack, after seeing the roll but before knowing whether it hits or misses.",3,Bard,College of Valor,False,,Player's Handbook,bard_features.json
Battle Magic,"At 14th level, you have mastered the art of weaving spellcasting and weapon use into a single harmonious act. When you use your action to cast a bard spell, you can make one weapon attack as a bonus action.",14,Bard,College of Valor,False,,Player's Handbook,bard_features.json
Psychic Blades,"When you join the College of Whispers at 3rd level, you gain the ability to make your weapon attacks magically toxic to a creature's mind.

When you hit a creature with a weapon attack, you can expend one use of your Bardic Inspiration to deal an additional 2d6 psychic damage to that target. You can do so only once per round on your turn.

The psychic damage increases when you reach certain levels in this class, increasing to 3d6 at 5th level, 5d6 at 10th level, and 8d6 at 15th level.",3,Bard,College of Whispers,False,,Xanathar's Guide to Everything,bard_features.json
Words of Terror,"At 3rd level, you learn to infuse innocent-seeming words with an insidious magic that can inspire terror.

If you speak to a humanoid alone for at least 1 minute, you can attempt to seed paranoia and fear into its mind. At the end of the conversation, the target must succeed on a Wisdom saving throw against your spell save DC or be frightened of you or another creature of your choice. The target is frightened in this way for 1 hour, until it is attacked or damaged, or until it witnesses its allies being attacked or damaged.

If the target succeeds on its saving throw, the target has no hint that you tried to frighten it.

Once you use this feature, you can't use it again until you finish a short rest or long rest.",3,Bard,College of Whispers,False,1,Xanathar's Guide to Everything,bard_features.json
Mantle of Whispers,"At 6th level, you gain the ability to adopt a humanoid's persona. When a humanoid dies within 30 feet of you, you can magically capture its shadow using your reaction. You retain this shadow until you use it or you finish a long rest.

You can use the shadow as an action. When you do so, it vanishes, magically transforming into a disguise that appears on you. You now look like the dead person, but healthy and alive. This disguise lasts for 1 hour or until you end it as a bonus action.

While you're in the disguise, you gain access to all information that the humanoid would freely share with a casual acquaintance. Such information includes general details on its background and personal life, but doesn't include secrets. The information is enough that you can pass yourself off as the person by drawing on its memories.

Another creature can see through this disguise by succeeding on a Wisdom (Insight) check contested by your Charisma (Deception) check. You gain a +5 bonus to your check.

Once you capture a shadow with this feature, you can't capture another one with it until you finish a short or long rest.",6,Bard,College of Whispers,False,,Xanathar's Guide to Everything,bard_features.json
Shadow Lore,"At 14th level, you gain the ability to weave dark magic into your words and tap into a creature’s deepest fears.

As an action, you magically whisper a phrase that only one creature of your choice within 30 feet of you can hear. The target must make a Wisdom saving throw against your spell save DC. It automatically succeeds if it doesn’t share a language with you or if it can’t hear you. On a successful saving throw, your whisper sounds like unintelligible mumbling and has no effect.

If the target fails its saving throw, it is charmed by you for the next 8 hours or until you or your allies attack or damage it. It interprets the whispers as a description of its most mortifying secret.

While you gain no knowledge of this secret, the target is convinced you know it. While charmed in this way, the creature obeys your commands for fear that you will reveal its secret. It won’t risk its life for you or fight for you, unless it was already inclined to do so. It grants you favors and gifts it would offer to a close friend.

When the effect ends, the creature has no understanding of why it held you in such fear.

Once you use this feature, you can’t use it again until you finish a long rest.",14,Bard,College of Whispers,False,1,Xanathar's Guide to Everything,bard_features.json
Note of Potential,"When you join the College of Creation at 3rd level, you can manipulate the Song of Creation to summon a floating musical note of possibility:

Whenever you give a creature a Bardic Inspiration die, you can create a Note of Potential. The note orbits within 5 feet of the creature. The note is a Tiny object that is intangible and invulnerable, and it lasts until the Bardic Inspiration die is lost. A creature with a note can use it in the following ways.

Note of Destruction. Immediately after the creature rolls the Bardic Inspiration die to add it to an attack roll, the creature can expend the note to create a burst of sound. Each other creature within 5 feet of it must succeed on a Constitution saving throw against your spell save DC or take thunder damage equal to the number rolled on the Bardic Inspiration die.

Note of Protection. Immediately after the creature rolls the Bardic Inspiration die and adds it to a saving throw, the creature can expend the note to gain temporary hit points equal to the number rolled on the Bardic Inspiration die + your Charisma modifier, provided the creature doesn't already have temporary hit points.

Note of Ingenuity. When the creature rolls the Bardic Inspiration die to add it to an ability check, the creature can expend the note to roll the Bardic Inspiration die again and choose which roll to use.",3,Bard,College of Creation (UA),False,,"Unearthed Arcana 68 - Subclasses, Part 2",bard_features.json
Animating Performance,"By 6th level, your mastery over the Song of Creation allows you to magically bring items to life. As an action, you can target a Large or smaller nonmagical item you can see within 30 feet of you and animate it. The animate item uses the Dancing Item stat block and is under your control for 1 hour or until it is reduced to 0 hit points.

In combat, the item shares your initiative count, but it takes its turn immediately after yours. It can move and use its reaction on its own, but the only action it takes on its turn is the Dodge action, unless you take a bonus action on your turn to command it to take one of the actions in its stat block or the Dash, Disengage, Help, Hide, or Search action. When you use your Bardic Inspiration feature, you can command which action your animated item takes as part of the same bonus action.

Once you animate an item with this feature, you can’t do so again until you finish a long rest or until you expend a spell slot of 3rd level or higher to use this feature. You can have only one item animated by this feature at a time; if you use this action and already have a dancing item from this feature, the first one immediately becomes inanimate.

Dancing Item

Large or smaller construct, neutral

Armor Class 16 (natural armor) Hit Points equal to dancing object's Constitution modifier + your Charisma modifier + five times your level in this class Speed 40 ft. STR 18 (+4) DEX 14 (+2) CON 16 (+3) INT 4 (−4) WIS 10 (+0) CHA 6 (−2) Damage Immunities poison Condition Immunities charmed, exhaustion, poisoned Senses darkvision 60 ft., passive Perception 10 Languages understands the languages you speak

Endless Waltz. Immediately after the item makes a slam attack, it can take the Dodge action as a bonus action.

Immutable Form. The item is immune to any spell or effect that would alter its form.

Actions (Require Your Bonus Action)

Force-Empowered Slam. Melee Weapon Attack: your spell attack modifier, reach 5ft., one target you can see. Hit: 1d8 + your Charisma modifier force damage.",6,Bard,College of Creation (UA),False,,"Unearthed Arcana 68 - Subclasses, Part 2",bard_features.json
Performance of Creation,"At 14th level, your performance can manipulate the magic of creation, briefly transforming the world around you. As an action, you can create one nonmagical item of your choice in an unoccupied space within 10 feet of you. The item must appear on a surface or in a liquid that can support it. The gp value of the item can’t be more than 20 times your bard level and must be Large or smaller. Tiny glimmering, intangible notes float around it, and a creature can faintly hear music when touching it. For examples of items you can create, see the Armor, Weapons, Adventuring Gear, Tools, and Mounts and Vehicles tables in chapter 5, “Equipment,” of the Player’s Handbook.

The created item disappears at the end of your next turn, unless you use your action to maintain it. Each time you use your action in this way, the item’s duration is extended to the end of your next turn, up to a maximum of 1 minute. If you maintain the item for the full minute, it continues to exist for a number of hours equal to your bard level.

Once you create an item with this feature, you can’t do so again until you finish a long rest or until you expend a spell slot of 5th level or higher to use this feature. You can have only one item created by this feature at a time; if you use this action and already have an item from this feature, the first one immediately vanishes.",14,Bard,College of Creation (UA),False,,"Unearthed Arcana 68 - Subclasses, Part 2",bard_features.json
Guiding Whispers,"At 3rd level, you can reach out to spirits to guide you and others. You learn the Guidance cantrip, which doesn’t count against the number of bard cantrips you know. For you, it has a range of 60 feet when you cast it.",3,Bard,College of Spirits (UA),False,,"Unearthed Arcana 74 - Subclasses, Part 4",bard_features.json
Spiritual Focus,"At 3rd level, your practice of contacting spirits can employ special tools. You can use the following objects as a spellcasting focus for your bard spells: a candle, a crystal ball, a talking board, a tarokka deck, or a skull.

At 6th level, when you cast a bard spell that deals damage or restores hit points through the Spiritual Focus, roll a d6, and you gain a bonus to one roll of the spell equal to the number rolled.",3,Bard,College of Spirits (UA),False,,"Unearthed Arcana 74 - Subclasses, Part 4",bard_features.json
Tales from Beyond,"At 3rd level, you reach out to spirits who tell their tales through you. While you are holding your Spiritual Focus, you can use a bonus action to expend one use of your Bardic Inspiration and roll on the Spirits’ Tales table using your Bardic Inspiration die to determine the tale told. You retain the tale in mind until you bestow the tale’s effect or you finish a short or long rest.

You can use an action to choose one creature you can see within 30 feet of you (this can be you) to be the target of the tale’s effect. Once you do so, you can’t bestow the tale’s effect again until you roll it again.

You can retain only one of these tales in mind at a time, and rolling on the Spirits’ Tales table immediately ends the effect of the previous tale.

If the tale requires a saving throw, the DC equals your spell save DC.",3,Bard,College of Spirits (UA),False,,"Unearthed Arcana 74 - Subclasses, Part 4",bard_features.json
Spirit Session,"At 6th level, you can channel spirits to gain insights into magic. You can conduct an hour-long ritual channeling spirits (which can be done during a short or long rest) using your Spiritual Focus.

You can conduct the ritual with a number of creatures equal to your proficiency bonus (including yourself). At the end of the ritual, you temporarily learn one spell of your choice from any class.

The spell you choose must be of a level equal to the number of creatures that conducted the ritual or less, the spell must of a level you can cast, and it must be in the school of divination or necromancy. The chosen spell counts as a bard spell for you but doesn’t count against the number of bard spells you know.

Once you perform the ritual, you can’t do so again until you start a long rest, and you know the chosen spell until you start a long rest.",6,Bard,College of Spirits (UA),False,,"Unearthed Arcana 74 - Subclasses, Part 4",bard_features.json
Mystical Connection,"At 14th level, your connection to spirits has become semipermanent. Whenever you use your Tales from Beyond feature, you can roll a d6 and use it instead of expending a Bardic Inspiration die. You still use your Bardic Inspiration die for the tale’s effect, without expending it.",14,Bard,College of Spirits (UA),False,,"Unearthed Arcana 74 - Subclasses, Part 4",bard_features.json
Bonus Proficiencies,"When you join the College of Satire at 3rd level, you gain proficiency with thieves’ tools. You also gain proficiency in Sleight of Hand and one additional skill of your choice. If you are already proficient with thieves’ tools or in Sleight of Hand, choose another skill proficiency for each proficiency you already have.",3,Bard,College of Satire (UA),False,,Unearthed Arcana 12 - Kits of Old,bard_features.json
Tumbling Fool,"At 3rd level, you master a variety of acrobatic techniques that allow you to evade danger. As a bonus action, you can tumble. When you tumble, you gain the following benefits for the rest of your turn:

• You gain the benefits of taking the Dash and Disengage actions.

• You gain a climbing speed equal to your current speed.

• You take half damage from falling.",3,Bard,College of Satire (UA),False,,Unearthed Arcana 12 - Kits of Old,bard_features.json
Fool's Insight,"At 6th level, your ability to gather stories and lore gains a supernatural edge. You can cast Detect Thoughts up to a number of times equal to your Charisma modifier. You regain any expended uses of this ability after completing a long rest.

If a creature resists your attempt to probe deeper and succeeds at its saving throw against your Detect Thoughts, it immediately suffers an embarrassing social gaffe. It might loudly pass gas, unleash a thunderous burp, trip and fall, or be compelled to tell a tasteless joke.",6,Bard,College of Satire (UA),False,,Unearthed Arcana 12 - Kits of Old,bard_features.json
Fool's Luck,"Jesters seem to have a knack for pulling themselves out of tight situations, transforming what looks like sure failure into an embarrassing but effective success.

At 14th level, you can expend one use of Bardic Inspiration after you fail an ability check, fail a saving throw, or miss with an attack roll. Roll a Bardic Inspiration die and add the number rolled to your attack, saving throw, or ability check, using the new result in place of the failed one.

If using this ability grants you a success on the attack, saving throw, or ability check, note the number you rolled on the Bardic Inspiration die. The DM can then apply that result as a penalty to an attack or check you make, and you cannot use this ability again until you suffer this drawback. When the DM invokes this penalty, describe an embarrassing gaffe or mistake you make as part of the affected die roll.",14,Bard,College of Satire (UA),False,,Unearthed Arcana 12 - Kits of Old,bard_features.json
Base Features,"Hit Points:
Hit Dice: 1d10 per blood hunter level Hit Points at 1st Level: 10 + your Constitution modifier Hit Points at Higher Levels: 1d10 (or 6) + your Constitution modifier per blood hunter level after 1st

Proficiencies:
Armor: Light armor, medium armor, shields Weapons: Simple weapons, martial weapons Tools: Alchemist's supplies Saving Throws: Dexterity, Intelligence Skills: Choose three from Acrobatics, Arcana, Athletics, History, Insight, Investigation, Religion, and Survival

Equipment:
• (a) a martial weapon or (b) two simple weapons

• (a) a light crossbow and 20 bolts or (b) hand crossbow and 20 bolts

• (a) studded leather armor or (b) scale mail armor

• an explorer's pack and alchemist's supplies",1,Blood Hunter,,False,,,blood-hunter_features.json
Hunter's Bane,"At 1st level, you have survived the Hunter’s Bane—a dangerous, long-guarded ritual that alters your life’s blood, forever binding you to the darkness and honing your senses against it. You have advantage on Wisdom (Survival) checks to track fey, fiends, or undead, as well as on Intelligence checks to recall information about such creatures.

The Hunter’s Bane also empowers your body to control and shape hemocraft magic, using your own blood and life essence to fuel your abilities. Some of your features require your target to make a saving throw to resist the feature’s effects. The saving throw DC is calculated as follows:

Hemocraft save DC = 8 + your proficiency bonus + your Hemocraft modifier (your choice between Intelligence and Wisdom)",1,Blood Hunter,,False,,,blood-hunter_features.json
Blood Maledict,"Also at 1st level, you gain the ability to channel—or sometimes sacrifice—a part of your vital essence to curse and manipulate creatures through hemocraft magic. You know one Blood Curse of your choice. You learn one additional blood curse of your choice at 6th, 10th, 14th, and 18th level. Each time you learn a new blood curse, you can also choose one of the blood curses you know and replace it with another blood curse.

Each time you use your Blood Maledict feature, you choose which curse to invoke from the curses you know. While invoking a blood curse, but before it affects the target, you can choose to amplify the curse by taking necrotic damage equal to one roll of your hemocraft die. This damage can’t be reduced in any way. An amplified curse gains an additional effect, noted in the curse’s description. Creatures that do not have blood are immune to blood curses unless you have amplified the curse.

Once you use this feature, you must finish a short or long rest before you can use it again. You can use Blood Maledict twice between rests starting at 6th level, three times starting at 13th level, and four times starting at 17th level.",1,Blood Hunter,,False,1,,blood-hunter_features.json
Fighting Style,"At 2nd level, you adopt a style of fighting as your specialty. Choose one of the following options. You can’t take a Fighting Style option more than once, even if you later get to choose again.

• Archery. You gain a +2 bonus to attack rolls you make with ranged weapons.

• Dueling. When you are wielding a melee weapon in one hand and no other weapons, you gain a +2 bonus to damage rolls with that weapon.

• Great Weapon Fighting. When you roll a 1 or 2 on a non-rite damage die for an attack you make with a melee weapon that you are wielding with two hands, you can reroll the die and must use the new roll. The weapon must have the two-handed or versatile property for you to gain this benefit.

• Two-Weapon Fighting. When you engage in two-weapon fighting, you can add your ability modifier to the damage of the second attack.",2,Blood Hunter,,True,,,blood-hunter_features.json
Crimson Rite,"Also at 2nd level, you learn to invoke a rite of hemocraft that infuses your weapon strikes with elemental energy. As a bonus action, you can activate any rite you know on one weapon you’re holding. The effect of the rite lasts until you finish a short or long rest. When you activate a rite, you take necrotic damage equal to one roll of your hemocraft die. This damage can’t be reduced in any way.

While the rite is in effect, attacks you make with this weapon are magical, and deal extra damage equal to your hemocraft die of the type determined by the chosen rite. A weapon can hold only one active rite at a time. Other creatures can’t gain the benefit of your rite.

You choose one rite from the crimson rites below when you first gain this feature. You learn an additional crimson rite at 7th level, and again at 14th level.

Crimson Rites

Rite of the Flame. Your rite damage is fire damage. Rite of the Frozen. Your rite damage is cold damage. Rite of the Storm. Your rite damage is lightning damage. Rite of the Dead. Your rite damage is necrotic damage. (Prerequisite: 14th level) Rite of the Oracle. Your rite damage is psychic damage. (Prerequisite: 14th level) Rite of the Roar. Your rite damage is thunder damage. (Prerequisite: 14th level)",2,Blood Hunter,,False,,,blood-hunter_features.json
Blood Hunter Order,"At 3rd level, you commit to an order of blood hunters whose philosophy will guide you throughout your life. The order you choose grants you features at 3rd level, and again at 7th, 11th, 15th, and 18th level.",3,Blood Hunter,Pick your subclass where you set your class (top left),True,,,blood-hunter_features.json
Brand of Castigation,"At 6th level, when you damage a creature with a weapon for which you have an active crimson rite, you can channel hemocraft magic to sear an arcane brand into that creature (no action required). You always know the direction to the branded creature as long as it’s on the same plane as you. Further, each time the branded creature deals damage to you or a creature you can see within 5 feet of you, the branded creature takes psychic damage equal to your Hemocraft modifier (minimum of 1).

Your brand lasts until you dismiss it or until you use this feature to apply a brand to another creature. Your brand can be dispelled with Dispel Magic, and is treated as a spell with a level equal to half your blood hunter level (maximum 9th level).

Once you use this feature, you can’t use it again until you finish a short or long rest.",6,Blood Hunter,,False,1,,blood-hunter_features.json
Grim Psychometry,"When you reach 9th level, you gain a supernatural talent for discerning the secrets surrounding mysterious relics or places touched by evil. Whenever you make an Intelligence (History) check to recall information about the sinister or tragic history of an object you are touching or your current location, you have advantage on the check. At the DM’s discretion, a suitably high roll might cause your character to experience brief visions of the past connected to the object or location.",9,Blood Hunter,,False,,,blood-hunter_features.json
Dark Augmentation,"Starting at 10th level, the magic of hemocraft suffuses your body to permanently reinforce your resilience. Your speed increases by 5 feet, and you have a bonus to Strength, Dexterity, and Constitution saving throws equal to your Hemocraft modifier (minimum of +1).",10,Blood Hunter,,False,,,blood-hunter_features.json
Brand of Tethering,"Starting at 13th level, the psychic damage from your Brand of Castigation increases to twice your Hemocraft modifier (minimum of 2). Additionally, a branded creature can’t take the Dash action, and if it attempts to teleport or to leave its current plane by any means, it takes 4d6 psychic damage and must make a Wisdom saving throw. On a failure, the attempt to teleport or leave the plane fails.",13,Blood Hunter,,False,,,blood-hunter_features.json
Hardened Soul,"When you reach 14th level, you have advantage on saving throws against being charmed and frightened.",14,Blood Hunter,,False,,,blood-hunter_features.json
Sanguine Mastery,"Upon reaching 20th level, your mastery of blood magic reaches its height, mitigating your sacrifice and empowering your expertise. Once per turn, whenever a blood hunter feature requires you to roll a hemocraft die, you can reroll the die and use either roll.

Additionally, whenever you score a critical hit with a weapon for which you have an active crimson rite, you regain one expended use of your Blood Maledict feature.",20,Blood Hunter,,False,,,blood-hunter_features.json
Blood Curse of the Anxious,"As a bonus action, you harry the body or mind of a creature within 30 feet of you, making them susceptible to forceful influence. Until the end of your next turn, Charisma (Intimidation) checks made against the cursed creature have advantage.

Amplify. The next Wisdom saving throw the cursed creature makes before this curse ends has disadvantage.",3,Blood Hunter,Blood Curse,False,,,blood-hunter_features.json
Blood Curse of Binding,"As a bonus action, you attempt to bind a Large or smaller creature you can see within 30 feet of you, which must make a Strength saving throw. On a failure, the cursed creature’s speed is reduced to 0 and it can’t use reactions until the end of your next turn.

Amplify. This curse lasts for 1 minute and can affect any creature regardless of size. The cursed creature can repeat the saving throw at the end of each of its turns, ending the curse on itself on a success.",3,Blood Hunter,Blood Curse,False,,,blood-hunter_features.json
Blood Curse of Bloated Agony,"As a bonus action, you curse a creature that you can see within 30 feet of you, causing its body to swell until the end of your next turn. For the duration, the creature has disadvantage on Strength checks and Dexterity checks, and takes 1d8 necrotic damage if it makes more than one attack during its turn.

Amplify. This curse lasts for 1 minute. The cursed creature can make a Constitution saving throw at the end of each of its turns, ending the curse on itself on a success.",3,Blood Hunter,Blood Curse,False,,,blood-hunter_features.json
Blood Curse of Corrosion,"Prerequisite: 15th level, Order of the Mutant As a bonus action, you cause a creature within 30 feet of you to become poisoned. The cursed creature can make a Constitution saving throw at the end of each of its turns, ending the curse on itself on a success.

Amplify. The cursed creature takes 4d6 necrotic damage when you inflict this curse, and it takes this damage again each time it fails a Constitution saving throw to end the curse.",15,Blood Hunter,Blood Curse,False,,,blood-hunter_features.json
Blood Curse of the Exorcist,"Prerequisite: 15th level, Order of the Ghostslayer As a bonus action, you choose one creature you can see within 30 feet of you that is charmed or frightened, or which is under a possession effect. The target creature is no longer charmed, frightened, or possessed.

Amplify. A creature that charmed, frightened, or possessed the target of your curse takes 3d6 psychic damage and must succeed on a Wisdom saving throw or be stunned until the end of your next turn.",15,Blood Hunter,Blood Curse,False,,,blood-hunter_features.json
Blood Curse of Exposure,"When a creature you can see within 30 feet of you takes damage from an attack or spell, you can use your reaction to temporarily weaken its resilience. Until the end of the target’s next turn, it loses resistance to all the damage types dealt by the triggering attack or spell (including for that triggering effect).

Amplify. The target instead loses invulnerability to the damage types of the triggering attack or spell, but has resistance to those damage types until the end of its next turn.",3,Blood Hunter,Blood Curse,False,,,blood-hunter_features.json
Blood Curse of the Eyeless,"When a creature you can see within 30 feet of you makes an attack, you can use your reaction to roll one hemocraft die and subtract the number rolled from the creature’s attack roll. You can choose to use this feature after the creature’s roll, but before the DM determines whether the attack hits or misses. The creature is immune to this curse if it is immune to the blinded condition.

Amplify. You apply this curse to all the creature’s attack rolls until the end of the creature’s turn. You roll separately for each affected attack.",3,Blood Hunter,Blood Curse,False,,,blood-hunter_features.json
Blood Curse of the Fallen Puppet,"When a creature you can see within 30 feet of you drops to 0 hit points, you can use your reaction to instill that creature with a final act of aggression. The creature immediately makes one weapon attack against a target of your choice within its range.

Amplify. You can first cause the cursed creature to move up to half its speed, and you grant a bonus to its attack roll equal to your Hemocraft modifier (minimum of +1).",3,Blood Hunter,Blood Curse,False,,,blood-hunter_features.json
Blood Curse of the Howl,"Prerequisite: 18th level, Order of the Lycan As an action, you unleash a bloodcurdling howl. Each creature within 30 feet of you that can hear you must succeed on a Wisdom saving throw or become frightened of you until the end of your next turn. If a creature fails its saving throw by 5 or more, it is stunned while frightened in this way. A creature that succeeds on its saving throw is immune to this blood curse for the next 24 hours.

You can choose any number of creatures you can see to be unaffected by the howl.

Amplify. The range of this curse increases to 60 feet.",18,Blood Hunter,Blood Curse,False,,,blood-hunter_features.json
Blood Curse of the Marked,"As a bonus action, you mark a creature that you can see within 30 feet of you. Until the end of your turn, whenever you hit the cursed creature with a weapon for which you have an active crimson rite, you roll an additional hemocraft die when determining the extra damage from the rite.

Amplify. The next attack roll you make against the target before the end of your turn has advantage.",3,Blood Hunter,Blood Curse,False,,,blood-hunter_features.json
Blood Curse of the Muddled Mind,"As a bonus action, you curse a creature that you can see within 30 feet of you that is concentrating on a spell or using a feature that requires concentration. That creature has disadvantage on the next Constitution saving throw it makes to maintain concentration before the end of your next turn.

Amplify. The cursed creature has disadvantage on all Constitution saving throws made to maintain concentration until the end of your next turn.",3,Blood Hunter,Blood Curse,False,,,blood-hunter_features.json
Blood Curse of the Soul Eater,"Prerequisite: 18th level, Order of the Profane Soul When a creature that isn’t a construct or undead is reduced to 0 hit points within 30 feet of you, you can use your reaction to offer their life energy to your patron in exchange for power. Until the end of your next turn, you make attacks with advantage and you have resistance to all damage.

Amplify. Additionally, you regain an expended warlock spell slot. Once you’ve amplified this blood curse, you must finish a long rest before you can amplify it again.",18,Blood Hunter,Blood Curse,False,,,blood-hunter_features.json
Rite of the Dawn,"When you join this order at 3rd level, you learn the Rite of the Dawn as part of your Crimson Rite feature. When you activate the Rite of the Dawn, the extra damage dealt by your rite is radiant damage. Additionally, while that rite is active on your weapon, you gain the following benefits:

• Your weapon sheds bright light out to a radius of 20 feet.

• You have resistance to necrotic damage.

• When you hit an undead creature with a weapon for which the Rite of the Dawn is active, you roll an additional hemocraft die when determining the extra damage from the rite.",3,Blood Hunter,Order of the Ghostslayer,False,,DND Beyond,blood-hunter_features.json
Curse Specialist,"Starting at 3rd level, you learn to master blood curses. You gain an additional use of your Blood Maledict feature. In addition, your blood curses can target any creature, whether it has blood or not.",3,Blood Hunter,Order of the Ghostslayer,False,,DND Beyond,blood-hunter_features.json
Aether Walk,"Upon reaching 7th level, at the start of your turn, you can magically step into the veil between the planes as long as you aren’t incapacitated. You can move through other creatures and objects as if they were difficult terrain, as well as see and affect creatures and objects on the Ethereal Plane. You take 1d10 force damage if you end your turn inside an object.

This feature lasts for a number of rounds equal to your Hemocraft modifier (minimum of 1 round). If you are inside an object when it ends, you are immediately shunted to the nearest unoccupied space and you take force damage equal to twice the number of feet you moved.

Once you use this feature, you must finish a short or long rest before you can use it again. You can use Aether Walk twice between rests starting at 15th level.",7,Blood Hunter,Order of the Ghostslayer,False,1,DND Beyond,blood-hunter_features.json
Brand of Sundering,"Starting at 11th level, your Brand of Castigation exposes a fragment of your foe’s essence, leaving them vulnerable to your Crimson Rite feature. Whenever you hit a creature with a weapon for which you have an active crimson rite, you roll an additional hemocraft die when determining the extra damage from the rite. Additionally, if a branded creature has the Incorporeal Movement trait or a similar feature, it can’t move through creatures or objects while branded.",11,Blood Hunter,Order of the Ghostslayer,False,,DND Beyond,blood-hunter_features.json
Blood Curse of the Exorcist,"At 15th level, you hone your hemocraft to tear corruption from the minds and bodies of your allies — and to punish those responsible for it. You gain the Blood Curse of the Exorcist for your Blood Maledict feature. This doesn’t count against your number of blood curses known.",15,Blood Hunter,Order of the Ghostslayer,False,,DND Beyond,blood-hunter_features.json
Rite Revival,"Upon reaching 18th level, you learn to protect your fading life by reabsorbing the energy you feed to your weapons. If you have one or more crimson rites active and you are reduced to 0 hit points but don’t die outright, you can choose to have all your active crimson rites end and drop to 1 hit point instead.",18,Blood Hunter,Order of the Ghostslayer,False,,DND Beyond,blood-hunter_features.json
Heightened Senses,"When you choose this archetype at 3rd level, you gain the improved senses of a natural predator. You have advantage on Wisdom (Perception) checks that rely on hearing or smell.",3,Blood Hunter,Order of the Lycan,False,,DND Beyond,blood-hunter_features.json
Hybrid Transformation,"Also at 3rd level, you learn to control the lycanthropic curse that courses through your veins. As a bonus action, you transform into a special hybrid form for up to 1 hour. You can speak, use equipment, and wear armor while in this form, and can revert to your normal form as a bonus action. You automatically revert to your normal form if you fall unconscious or die.

This feature replaces the rules for lycanthropy in the Monster Manual. Once you use this feature, you must finish a short or long rest before you can use it again. While you are transformed, you gain the following features:

• Feral Might. You have advantage on Strength checks and Strength saving throws, and you have a +1 bonus to melee damage rolls. This bonus increases to +2 at 11th level and to +3 at 18th level.

• Resilient Hide. You have resistance to bludgeoning, piercing, and slashing damage from nonmagical attacks not made with silvered weapons. Additionally, while you are not wearing heavy armor, you have a +1 bonus to AC.

• Predatory Strikes. You can apply your Crimson Rite feature to your unarmed strikes, which you treat as one weapon. You can use Dexterity instead of Strength for the attack and damage rolls of your unarmed strikes, which deal 1d6 bludgeoning or slashing damage (your choice). This damage increases to 1d8 at 11th level. Additionally, when you use the Attack action to make an unarmed strike, you can make one additional unarmed strike as a bonus action.

• Additionally, when you use the Attack action to make an unarmed strike, you can make one additional unarmed strike as a bonus action.

• Additionally, when you use the Attack action to make an unarmed strike, you can make one additional unarmed strike as a bonus action.

• Bloodlust. If you start your turn with fewer hit points than half your hit point maximum, you must succeed on a DC 8 Wisdom saving throw or move directly toward the nearest creature and use the Attack action against that creature. If you’re concentrating on a spell or are under an effect that prevents you from concentrating (such as the barbarian’s Rage feature), you automatically fail this saving throw. If you have your Extra Attack feature, you can choose whether to use it for this frenzied attack. If more than one creature is equally near to you, roll randomly to determine your target. Once your attack is resolved, you regain control of yourself.

• If you have your Extra Attack feature, you can choose whether to use it for this frenzied attack. If more than one creature is equally near to you, roll randomly to determine your target. Once your attack is resolved, you regain control of yourself.

• If you have your Extra Attack feature, you can choose whether to use it for this frenzied attack. If more than one creature is equally near to you, roll randomly to determine your target. Once your attack is resolved, you regain control of yourself.",3,Blood Hunter,Order of the Lycan,False,1,DND Beyond,blood-hunter_features.json
Stalker's Prowess,"At 7th level, your speed increases by 10 feet, and you add 10 feet to your long jump distance and 3 feet to your high jump distance. Your hybrid form also gains the following additional benefit.

• Improved Predatory Strikes. You have a +1 bonus to attack rolls made with your unarmed strike. This bonus increases to +2 at 11th level and to +3 at 18th level. Additionally, when you have an active crimson rite on your unarmed strike while in your hybrid form, your unarmed strikes are considered magical for the purpose of overcoming resistance and immunity to nonmagical attacks and damage.",7,Blood Hunter,Order of the Lycan,False,,DND Beyond,blood-hunter_features.json
Advanced Transformation,"At 11th level, you learn to unleash and control more of the beast within. You can use your Hybrid Transformation feature twice, regaining all expended uses when you finish a short or long rest. Your hybrid form also gains the following additional benefit.

• Lycan Regeneration. At the start of each of your turns when you have at least 1 hit point but fewer hit points than half your hit point maximum, you gain hit points equal to 1 + your Constitution modifier (minimum of 1). If you are in hybrid form, you gain these hit points before you must make the saving throw for your bloodlust.",11,Blood Hunter,Order of the Lycan,False,,DND Beyond,blood-hunter_features.json
Brand of the Voracious,"Starting at 15th level, you have advantage on the saving throw for your bloodlust while in hybrid form. Additionally, your Brand of Castigation can now bind a foe to your hunter’s ferocity. While in your hybrid form, you have advantage on attack rolls against a creature branded by you.",15,Blood Hunter,Order of the Lycan,False,,DND Beyond,blood-hunter_features.json
Hybrid Transformation Mastery,"At 18th level, you have mastered your inner predator. You can use your Hybrid Transformation feature an unlimited number of times, and your hybrid form lasts until you revert to your normal form, fall unconscious, or die.

You also gain the Blood Curse of the Howl for your Blood Maledict feature. This doesn’t count against your number of blood curses known.",18,Blood Hunter,Order of the Lycan,False,,DND Beyond,blood-hunter_features.json
Mutagencraft,"When you choose this archetype at 3rd level, you learn to master forbidden alchemical formulas—known as mutagens—that can temporarily alter your mental and physical abilities.

As a bonus action, you consume a mutagen, whose effects and side effects last until you finish a short or long rest unless otherwise specified. While one or more mutagens are affecting you, you can use an action to focus and flush all mutagens from your system, ending their effects and side effects.

Mutagens are designed for the specific biology of the character who concocted them, and your mutagens have no effect on other creatures. They are also unstable by nature, losing their potency over time and becoming inert if not used before you finish your next short or long rest.",3,Blood Hunter,Order of the Mutant,False,,DND Beyond,blood-hunter_features.json
Formulas,"The number of mutagens you can concoct when you finish a rest, and the number of formulas you know, increases as you gain levels in the blood hunter class, as shown on the Mutagencraft table above. Additionally, when you learn a new mutagen formula, you can replace one formula you already know with a new mutagen formula. You choose four mutagen formulas to learn, and you can concoct one mutagen when you finish a short or long rest.",3,Blood Hunter,Order of the Mutant,False,,DND Beyond,blood-hunter_features.json
Strange Metabolism,"When you reach 7th level, your body begins to adapt to toxins and venoms, ignoring their corrupting effects. You gain immunity to poison damage and the poisoned condition.

Additionally, you can trigger a burst of adrenaline that lets you temporarily resist the negative effects of a mutagen. As a bonus action, you can ignore the negative side effect of one mutagen affecting you for 1 minute. Once you do so, you can’t do so again until you finish a long rest.",7,Blood Hunter,Order of the Mutant,False,,DND Beyond,blood-hunter_features.json
Brand of Axiom,"At 11th level, your mutagenic hemocraft lets your Brand of Castigation reveal a foe’s true nature. Any illusion or invisibility in effect on a creature when you brand it ends, and the creature can’t benefit from invisibility or illusion effects while branded by you. If a creature branded by you is in an alternative form (by way of the Polymorph spell, the Change Shape action or Shapechanger trait, the Wild Shape feature, and similar effects), it must succeed on a Wisdom saving throw or revert to its true form and be stunned until the end of your next turn. Whenever a branded creature attempts to alter its form, it must succeed on a Wisdom saving throw or have the attempt fail, and it is stunned until the end of your next turn.",11,Blood Hunter,Order of the Mutant,False,,DND Beyond,blood-hunter_features.json
Blood Curse of Corrosion,"Starting at 15th level, your blood curse can infuse a creature’s body with terrible toxins. You gain the Blood Curse of Corrosion for your Blood Maledict feature. This doesn’t count against your number of blood curses known.",15,Blood Hunter,Order of the Mutant,False,,DND Beyond,blood-hunter_features.json
Exalted Mutation,"At 18th level, your body has adapted to produce mutagens naturally in a moment of need. As a bonus action, choose one mutagen currently affecting you. Its effects and side effects end, and you can immediately have a mutagen you know the formula for take effect in its place.

You can use this feature a number of times equal to your Hemocraft modifier (minimum of once). You regain all expended uses when you finish a long rest.",18,Blood Hunter,Order of the Mutant,False,,DND Beyond,blood-hunter_features.json
Otherworldly Patron,"When you reach 3rd level, you strike a bargain with an otherworldly being of your choice:

The choice you make augments some of your subclass features, as noted below.",3,Blood Hunter,Order of the Profane Soul,False,,DND Beyond,blood-hunter_features.json
Spellcasting,"Pact Magic:
When you reach 3rd level, you can augment your combat techniques with the ability to cast spells. The spells you can learn can be found on the Warlock spell list.

Cantrips. You learn two cantrips of your choice from the warlock spell list. You learn an additional warlock cantrip of your choice at 10th level.

Spell Slots. The Profane Soul Spellcasting table shows how many spell slots you have. The table also shows what the level of those slots is; all of your spell slots are the same level. To cast one of your warlock spells of 1st level or higher, you must expend a spell slot. You regain all expended spell slots when you finish a short or long rest.

For example, when you are 8th level, you have two 2nd-level spell slots. To cast the 1st-level spell Witch Bolt, you must spend one of those slots, and you cast it as a 2nd-level spell.

Spells Known of 1st Level and Higher. At 3rd level, you know two 1st-level spells of your choice from the warlock spell list.

The Spells Known column of the Profane Soul Spellcasting table shows when you learn more warlock spells of your choice of 1st level and higher. A spell you choose must be of a level no higher than what’s shown in the table’s Slot Level column for your level. When you reach 13th level, for example, you learn a new warlock spell, which can be 1st, 2nd, or 3rd level.

Additionally, when you gain a level in this class, you can choose one of the warlock spells you know and replace it with another spell from the warlock spell list, which also must be of a level for which you have spell slots.

Spellcasting Ability. Your chosen Hemocraft ability (Intelligence or Wisdom) is your spellcasting ability for your warlock spells, so you use your Hemocraft ability whenever a spell refers to your spellcasting ability. In addition, you use your Hemocraft modifier when setting the saving throw DC for a warlock spell you cast and when making an attack roll with one.

Spell save DC = 8 + your proficiency bonus + your Hemocraft modifier. Spell attack modifier = your proficiency bonus + your Hemocraft modifier.",3,Blood Hunter,Order of the Profane Soul,False,,,blood-hunter_features.json
Rite Focus,"Starting at 3rd level, your weapon becomes a conduit for the power of your pact with your chosen patron. While you have an active crimson rite, you can use your weapon as a spellcasting focus for your warlock spells, and you gain a specific benefit based on your chosen pact.

The Archfey. When you damage a creature with a weapon for which you have an active crimson rite, that creature glows with faint light until the end of your next turn. For the duration, the creature gains no benefit from any cover or from being invisible.

The Celestial. As a bonus action, you expend one use of your Blood Maledict feature to heal one creature you can see within 60 feet of you. That creature regains a number of hit points equal to one roll of your hemocraft die + your Hemocraft modifier (minimum of +1).

The Fathomless. You can breathe underwater. Additionally, once per turn when you damage a creature with a weapon for which you have an active crimson rite, you can reduce that creature’s speed by 10 feet until the start of your next turn.

The Fiend. While using the Rite of the Flame, if you roll a 1 or 2 on a damage die when you roll the extra damage from the rite, you can reroll the die and choose which roll to use.

The Genie. As a bonus action, you expend a use of your Blood Maledict feature to give yourself a flying speed of 30 feet, which lasts for a number of rounds equal to your Hemocraft modifier (minimum of 1 round).

The Great Old One. When you score a critical hit against a creature, that creature and any other creatures of your choice within 10 feet of it are frightened of you until the end of your next turn.

The Hexblade. When you successfully target a creature with a blood curse, the next time you hit that creature with an attack while the curse is in effect, the attack deals additional damage equal to your proficiency modifier.

The Undead. When you take necrotic damage, you can use your reaction to halve that damage. In addition, your appearance changes to reflect some aspect of your patron while you have any crimson rite active.

The Undying. When you reduce a hostile creature of at least mild threat (DM’s discretion) to 0 hit points, you regain a number of hit points equal to one roll of your hemocraft die.",3,Blood Hunter,Order of the Profane Soul,False,,DND Beyond,blood-hunter_features.json
Mystic Frenzy,"Starting at 7th level, when you use your action to cast a cantrip, you can immediately make one weapon attack as a bonus action.",7,Blood Hunter,Order of the Profane Soul,False,,DND Beyond,blood-hunter_features.json
Revealed Arcana,"At 7th level, your patron grants you the use of a distinctive spell based on your pact. You cast this spell using any pact magic spell slot, and can’t do so again until you finish a long rest.

The Archfey. You can cast Blur.

The Celestial. You can cast Lesser Restoration.

The Fathomless. You can cast Gust of Wind.

The Fiend. You can cast Scorching Ray.

The Genie. You can cast Phantasmal Force.

The Great Old One. You can cast Detect Thoughts.

The Hexblade. You can cast Branding Smite.

The Undead. You can cast Blindness/Deafness.

The Undying. You can cast Silence.",7,Blood Hunter,Order of the Profane Soul,False,,DND Beyond,blood-hunter_features.json
Brand of the Sapping Scar,"Upon reaching 11th level, your Brand of Castigation feature digs dark arcane scars into your target, leaving them vulnerable to your magic. A creature branded by you has disadvantage on saving throws against your warlock spells.",11,Blood Hunter,Order of the Profane Soul,False,,DND Beyond,blood-hunter_features.json
Unsealed Arcana,"At 15th level, your patron grants you the use of an additional spell based on your pact. You cast this spell without expending a spell slot, and can’t do so again until you finish a long rest.

The Archfey. You can cast Slow.

The Celestial. You can cast Revivify.

The Fathomless. You can cast Lightning Bolt.

The Fiend. You can cast Fireball.

The Genie. You can cast Protection from Energy.

The Great Old One. You can cast Haste.

The Hexblade. You can cast Blink.

The Undead. You can cast Speak with Dead.

The Undying. You can cast Bestow Curse.",15,Blood Hunter,Order of the Profane Soul,False,,DND Beyond,blood-hunter_features.json
Blood Curse of the Souleater,"Starting at 18th level, you learn to siphon the life energy from your fallen prey. You gain the Blood Curse of the Soul Eater for your Blood Maledict feature. This doesn’t count against your number of blood curses known.",18,Blood Hunter,Order of the Profane Soul,False,,DND Beyond,blood-hunter_features.json
Base Features,"Hit Points:
Hit Dice: 1d8 per cleric level Hit Points at 1st Level: 8 + your Constitution modifier Hit Points at Higher Levels: 1d8 (or 5) + your Constitution modifier per cleric level after 1st

Proficiencies:
Armor: Light armor, medium armor, shields Weapons: All simple weapons Tools: None Saving Throws: Wisdom, Charisma Skills: Choose two from History, Insight, Medicine, Persuasion, and Religion

Equipment:
You start with the following equipment, in addition to the equipment granted by your background:

• (a) a mace or (b) a warhammer (if proficient)

• (a) scale mail, (b) leather armor, or (c) chain mail (if proficient)

• (a) a light crossbow and 20 bolts or (b) any simple weapon

• (a) a priest's pack or (b) an explorer's pack

• A shield and a holy symbol",1,Cleric,,False,,,cleric_features.json
Spellcasting,"Spellcasting:
As a conduit for divine power, you can cast cleric spells.

Cantrips

At 1st level, you know three cantrips of your choice from the cleric spell list. You learn additional cleric cantrips of your choice at higher levels, as shown in the Cantrips Known column of the Cleric table.

Spell Slots

The Cleric table shows how many spell slots you have to cast your cleric spells of 1st level and higher. To cast one of these spells, you must expend a slot of the spell's level or higher. You regain all expended spell slots when you finish a long rest.

You prepare the list of cleric spells that are available for you to cast, choosing from the cleric spell list. When you do so, choose a number of cleric spells equal to your Wisdom modifier + your cleric level (minimum of one spell). The spells must be of a level for which you have spell slots.

For example, if you are a 3rd-level cleric, you have four 1st-level and two 2nd-level spell slots. With a Wisdom of 16, your list of prepared spells can include six spells of 1st or 2nd level, in any combination. If you prepare the 1st-level spell Cure Wounds, you can cast it using a 1st-level or 2nd-level slot. Casting the spell doesn't remove it from your list of prepared spells.

You can change your list of prepared spells when you finish a long rest. Preparing a new list of cleric spells requires time spent in prayer and meditation: at least 1 minute per spell level for each spell on your list.

Spellcasting Ability

Wisdom is your spellcasting ability for your cleric spells. The power of your spells comes from your devotion to your deity. You use your Wisdom whenever a cleric spell refers to your spellcasting ability. In addition, you use your Wisdom modifier when setting the saving throw DC for a cleric spell you cast and when making an attack roll with one.

Spell save DC = 8 + your proficiency bonus + your Wisdom modifier

Spell attack modifier = your proficiency bonus + your Wisdom modifier

Ritual Casting

You can cast a cleric spell as a ritual if that spell has the ritual tag and you have the spell prepared.

Spellcasting Focus

You can use a holy symbol as a spellcasting focus for your cleric spells.",1,Cleric,,False,,,cleric_features.json
Divine Domain,"At 1st level, you choose a domain shaped by your choice of Deity and the gifts they grant you. Your choice grants you domain spells and other features when you choose it at 1st level. It also grants you additional ways to use Channel Divinity when you gain that feature at 2nd level, and additional benefits at 6th, 8th, and 17th levels.

Domain Spells

Each domain has a list of spells-its domain spells that you gain at the cleric levels noted in the domain description. Once you gain a domain spell, you always have it prepared, and it doesn't count against the number of spells you can prepare each day.

If you have a domain spell that doesn't appear on the cleric spell list, the spell is nonetheless a cleric spell for you.",1,Cleric,Pick your subclass where you set your class (top left),True,,,cleric_features.json
Channel Divinity,"At 2nd level, you gain the ability to channel divine energy directly from your deity, using that energy to fuel magical effects. You start with two such effects: Turn Undead and an effect determined by your domain. Some domains grant you additional effects as you advance in levels, as noted in the domain description.

When you use your Channel Divinity, you choose which effect to create. You must then finish a short or long rest to use your Channel Divinity again.

Some Channel Divinity effects require saving throws. When you use such an effect from this class, the DC equals your cleric spell save DC.

Beginning at 6th level, you can use your Channel Divinity twice between rests, and beginning at 18th level, you can use it three times between rests. When you finish a short or long rest, you regain your expended uses.

Channel Divinity: Turn Undead

As an action, you present your holy symbol and speak a prayer censuring the undead. Each undead that can see or hear you within 30 feet of you must make a Wisdom saving throw. If the creature fails its saving throw, it is turned for 1 minute or until it takes any damage.

A turned creature must spend its turns trying to move as far away from you as it can, and it can't willingly move to a space within 30 feet of you. It also can't take reactions. For its action, it can use only the Dash action or try to escape from an effect that prevents it from moving. If there's nowhere to move, the creature can use the Dodge action.",2,Cleric,Pick your subclass where you set your class (top left),True,3,,cleric_features.json
Destroy Undead,"Starting at 5th level, when an undead fails its saving throw against your Turn Undead feature, the creature is instantly destroyed if its challenge rating is at or below a certain threshold, as shown in the Cleric table above.",5,Cleric,,False,,,cleric_features.json
Blessed Strikes,"Replaces the Divine Strike or Potent Spellcasting feature

When you reach 8th level, you are blessed with divine might in battle. When a creature takes damage from one of your cantrips or weapon attacks, you can also deal 1d8 radiant damage to that creature. Once you deal this damage, you can't use this feature again until the start of your next turn.",8,Cleric,,False,,,cleric_features.json
Divine Intervention,"Beginning at 10th level, you can call on your deity to intervene on your behalf when your need is great.

Imploring your deity's aid requires you to use your action. Describe the assistance you seek, and roll percentile dice. If you roll a number equal to or lower than your cleric level, your deity intervenes. The DM chooses the nature of the intervention; the effect of any cleric spell or cleric domain spell would be appropriate. If your deity intervenes, you can't use this feature again for 7 days. Otherwise, you can use it again after you finish a long rest.

At 20th level, your call for intervention succeeds automatically, no roll required.",10,Cleric,,False,,,cleric_features.json
Arcane Initiate,"When you choose this domain at 1st level, you gain proficiency in the Arcana skill, and you gain two cantrips of your choice from the wizard spell list. For you, these cantrips count as cleric cantrips.",1,Cleric,Arcana Domain,False,,Sword Coast Adventurer's Guide,cleric_features.json
Channel Divinity: Arcane Abjuration,"Starting at 2nd level, you can use your Channel Divinity to abjure otherworldly creatures.

As an action, you present your holy symbol, and one celestial, elemental, fey, or fiend of your choice that is within 30 feet of you must make a Wisdom saving throw, provided that the creature can see or hear you. If the creature fails its saving throw, it is turned for 1 minute or until it takes any damage.

A turned creature must spend its turns trying to move as far away from you as it can, and it can't willingly end its move in a space within 30 feet of you. It also can't take reactions. For its action, it can only use the Dash action or try to escape from an effect that prevents it from moving. If there's nowhere to move, the creature can use the Dodge action.

After you reach 5th level, when a creature fails its saving throw against your Arcane Abjuration feature, the creature is banished for 1 minute (as in the Banishment spell, no concentration required) if it isn't on its plane of origin and its challenge rating is at or below a certain threshold, as shown on the Arcane Banishment table.",2,Cleric,Arcana Domain,False,,Sword Coast Adventurer's Guide,cleric_features.json
Spell Breaker,"Starting at 6th level, when you restore hit points to an ally with a spell of 1st level or higher, you can also end one spell of your choice on that creature. The level of the spell you end must be equal to or lower than the level of the spell slot you use to cast the healing spell.",6,Cleric,Arcana Domain,False,,Sword Coast Adventurer's Guide,cleric_features.json
Potent Spellcasting,"Starting at 8th level, you add your Wisdom modifier to the damage you deal with any cleric cantrip.",8,Cleric,Arcana Domain,False,,Sword Coast Adventurer's Guide,cleric_features.json
Arcane Mastery,"At 17th level, you choose four spells from the wizard spell list, one from each of the following levels: 6th, 7th, 8th, and 9th. You add them to your list of domain spells. Like your other domain spells, they are always prepared and count as cleric spells for you.",17,Cleric,Arcana Domain,False,,Sword Coast Adventurer's Guide,cleric_features.json
Bonus Proficiency,"When you choose this domain at 1st level, you gain proficiency with martial weapons.",1,Cleric,Death Domain,False,,Dungeon Master's Guide,cleric_features.json
Reaper,"At 1st level, you learn one necromancy cantrip of your choice from any spell list. When you cast a necromancy cantrip that normally targets only one creature, the spell can instead target two creatures within range and within 5 feet of each other.",1,Cleric,Death Domain,False,,Dungeon Master's Guide,cleric_features.json
Channel Divinity: Touch of Death,"Starting at 2nd level, you can use Channel Divinity to destroy another creature's life force by touch. When you hit a creature with a melee attack, you can use Channel Divinity to deal extra necrotic damage to the target. The damage equals 5 + twice your cleric level.",2,Cleric,Death Domain,False,,Dungeon Master's Guide,cleric_features.json
Inescapable Destruction,"Starting at 6th level, your ability to channel negative energy becomes more potent. Necrotic damage dealt by your cleric spells and Channel Divinity options ignores resistance to necrotic damage.",6,Cleric,Death Domain,False,,Dungeon Master's Guide,cleric_features.json
Divine Strike,"At 8th level, you gain the ability to infuse your weapon strikes with necrotic energy. Once on each of your turns when you hit a creature with a weapon attack, you can cause the attack to deal an extra 1d8 necrotic damage to the target. When you reach 14th level, the extra damage increases to 2d8.",8,Cleric,Death Domain,False,,Dungeon Master's Guide,cleric_features.json
Improved Reaper,"Starting at 17th level, when you cast a necromancy spell of 1st through 5th level that targets only one creature, the spell can instead target two creatures within range and within 5 feet of each other. If the spell consumes its material components, you must provide them for each target.",17,Cleric,Death Domain,False,,Dungeon Master's Guide,cleric_features.json
Bonus Proficiencies,"When you choose this domain at 1st level, you gain proficiency with heavy armor and smith's tools.",1,Cleric,Forge Domain,False,,Xanathar's Guide to Everything,cleric_features.json
Blessing of the Forge,"At 1st level, you gain the ability to imbue magic into a weapon or armor. At the end of a long rest, you can touch one nonmagical object that is a suit of armor or a simple or martial weapon. Until the end of your next long rest or until you die, the object becomes a magic item, granting a +1 bonus to AC if it's armor or a +1 bonus to attack and damage rolls if it's a weapon.

Once you use this feature, you can't use it again until you finish a long rest.",1,Cleric,Forge Domain,False,1,Xanathar's Guide to Everything,cleric_features.json
Channel Divinity: Artisan's Blessing,"Starting at 2nd level, you can use your Channel Divinity to create simple items.

You conduct an hour-long ritual that crafts a nonmagical item that must include some metal: a simple or martial weapon, a suit of armor, ten pieces of ammunition, a set of tools, or another metal object. The creation is completed at the end of the hour, coalescing in an unoccupied space of your choice on a surface within 5 feet of you.

The thing you create can be something that is worth no more than 100 gp. As part of this ritual, you must lay out metal, which can include coins, with a value equal to the creation. The metal irretrievably coalesces and transforms into the creation at the ritual's end, magically forming even nonmetal parts of the creation.

The ritual can create a duplicate of a nonmagical item that contains metal, such as a key, if you possess the original during the ritual.",2,Cleric,Forge Domain,False,,Xanathar's Guide to Everything,cleric_features.json
Soul of the Forge,"Starting at 6th level, your mastery of the forge grants you special abilities:

• You gain resistance to fire damage.

• While wearing heavy armor, you gain a +1 bonus to AC.",6,Cleric,Forge Domain,False,,Xanathar's Guide to Everything,cleric_features.json
Divine Strike,"At 8th level, you gain the ability to infuse your weapon strikes with the fiery power of the forge. Once on each of your turns when you hit a creature with a weapon attack, you can cause the attack to deal an extra 1d8 fire damage to the target. When you reach 14th level, the extra damage increases to 2d8.",8,Cleric,Forge Domain,False,,Xanathar's Guide to Everything,cleric_features.json
Saint of Forge and Fire,"At 17th level, your blessed affinity with fire and metal becomes more powerful:

• You gain immunity to fire damage.

• While wearing heavy armor, you have resistance to bludgeoning, piercing, and slashing damage from nonmagical attacks.",17,Cleric,Forge Domain,False,,Xanathar's Guide to Everything,cleric_features.json
Circle of Mortality,"At 1st level, you gain the ability to manipulate the line between life and death. When you would normally roll one or more dice to restore hit points with a spell to a creature at 0 hit points, you instead use the highest number possible for each die.

In addition, you learn the Spare the Dying cantrip, which doesn't count against the number of cleric cantrips you know. For you, it has a range of 30 feet, and you can cast it as a bonus action.",1,Cleric,Grave Domain,False,,Xanathar's Guide to Everything,cleric_features.json
Eyes of the Grave,"At 1st level, you gain the ability to occasionally sense the presence of the undead, whose existence is an insult to the natural cycle of life. As an action, you can open your awareness to magically detect undead. Until the end of your next turn, you know the location of any undead within 60 feet of you that isn't behind total cover and that isn't protected from divination magic. This sense doesn't tell you anything about a creature's capabilities or identity.

You can use this feature a number of times equal to your Wisdom modifier (minimum of once). You regain all expended uses when you finish a long rest.",1,Cleric,Grave Domain,False,,Xanathar's Guide to Everything,cleric_features.json
Channel Divinity: Path to the Grave,"Starting at 2nd level, you can use your Channel Divinity to mark another creature’s life force for termination.

As an action, you choose one creature you can see within 30 feet of you, cursing it until the end of your next turn. The next time you or an ally of yours hits the cursed creature with an attack, the creature has vulnerability to all of that attack's damage, and then the curse ends.",2,Cleric,Grave Domain,False,,Xanathar's Guide to Everything,cleric_features.json
Sentinel at Death's Door,"At 6th level, you gain the ability to impede death’s progress. As a reaction when you or an ally that you can see within 30 feet of you suffers a critical hit, you can turn that attack into a normal hit. Any effects triggered by a critical hit are canceled.

You can use this feature a number of times equal to your Wisdom modifier (minimum of once). You regain all expended uses when you finish a long rest.",6,Cleric,Grave Domain,False,,Xanathar's Guide to Everything,cleric_features.json
Potent Spellcasting,"Starting at 8th level, you add your Wisdom modifier to the damage you deal with any cleric cantrip.",8,Cleric,Grave Domain,False,,Xanathar's Guide to Everything,cleric_features.json
Keeper of Souls,"At 17th level, you can seize a trace of vitality from a parting soul and use it to heal the living. When an enemy you can see dies within 30 feet of you, you or one ally of your choice that is within 30 feet of you regains hit points equal to the enemy’s number of Hit Dice. You can use this feature only if you aren't incapacitated. Once you use it, you can't do so again until the start of your next turn.",17,Cleric,Grave Domain,False,,Xanathar's Guide to Everything,cleric_features.json
Blessings of Knowledge,"At 1st level, you learn two languages of your choice. You also become proficient in your choice of two of the following skills: Arcana, History, Nature, or Religion.

Your proficiency bonus is doubled for any ability check you make that uses either of those skills.",1,Cleric,Knowledge Domain,False,,Player's Handbook,cleric_features.json
Channel Divinity: Knowledge of the Ages,"Starting at 2nd level, you can use your Channel Divinity to tap into a divine well of knowledge. As an action, you choose one skill or tool. For 10 minutes, you have proficiency with the chosen skill or tool.",2,Cleric,Knowledge Domain,False,,Player's Handbook,cleric_features.json
Channel Divinity: Read Thoughts,"At 6th level, you can use your Channel Divinity to read a creature's thoughts. You can then use your access to the creature's mind to command it.

As an action, choose one creature that you can see within 60 feet of you. That creature must make a Wisdom saving throw. If the creature succeeds on the saving throw, you can't use this feature on it again until you finish a long rest.

If the creature fails its save, you can read its surface thoughts (those foremost in its mind, reflecting its current emotions and what it is actively thinking about) when it is within 60 feet of you. This effect lasts for 1 minute.

During that time, you can use your action to end this effect and cast the Suggestion spell on the creature without expending a spell slot. The target automatically fails its saving throw against the spell.",6,Cleric,Knowledge Domain,False,,Player's Handbook,cleric_features.json
Potent Spellcasting,"Starting at 8th level, you add your Wisdom modifier to the damage you deal with any cleric cantrip.",8,Cleric,Knowledge Domain,False,,Player's Handbook,cleric_features.json
Visions of the Past,"Starting at 17th level, you can call up visions of the past that relate to an object you hold or your immediate surroundings. You spend at least 1 minute in meditation and prayer, then receive dreamlike, shadowy glimpses of recent events. You can meditate in this way for a number of minutes equal to your Wisdom score and must maintain concentration during that time, as if you were casting a spell.

Once you use this feature, you can't use it again until you finish a short or long rest.

Object Reading. Holding an object as you meditate, you can see visions of the object's previous owner. After meditating for 1 minute, you learn how the owner acquired and lost the object, as well as the most recent significant event involving the object and that owner. If the object was owned by another creature in the recent past (within a number of days equal to your Wisdom score), you can spend 1 additional minute for each owner to learn the same information about that creature.

Area Reading. As you meditate, you see visions of recent events in your immediate vicinity (a room, street, tunnel, clearing, or the like, up to a 50-foot cube), going back a number of days equal to your Wisdom score. For each minute you meditate, you learn about one significant event, beginning with the most recent. Significant events typically involve powerful emotions, such as battles and betrayals, marriages and murders, births and funerals. However, they might also include more mundane events that are nevertheless important in your current situation.",17,Cleric,Knowledge Domain,False,1,Player's Handbook,cleric_features.json
Bonus Proficiency,"When you choose this domain at 1st level, you gain proficiency with heavy armor.",1,Cleric,Life Domain,False,,Player's Handbook,cleric_features.json
Disciple of Life,"Also starting at 1st level, your healing spells are more effective. Whenever you use a spell of 1st level or higher to restore hit points to a creature, the creature regains additional hit points equal to 2 + the spell's level.",1,Cleric,Life Domain,False,,Player's Handbook,cleric_features.json
Channel Divinity: Preserve Life,"Starting at 2nd level, you can use your Channel Divinity to heal the badly injured.

As an action, you present your holy symbol and evoke healing energy that can restore a number of hit points equal to five times your cleric level. Choose any creatures within 30 feet of you, and divide those hit points among them. This feature can restore a creature to no more than half of its hit point maximum. You can't use this feature on an undead or a construct.",2,Cleric,Life Domain,False,,Player's Handbook,cleric_features.json
Blessed Healer,"Beginning at 6th level, the healing spells you cast on others heal you as well. When you cast a spell of 1st level or higher that restores hit points to a creature other than you, you regain hit points equal to 2 + the spell's level.",6,Cleric,Life Domain,False,,Player's Handbook,cleric_features.json
Divine Strike,"At 8th level, you gain the ability to infuse your weapon strikes with divine energy. Once on each of your turns when you hit a creature with a weapon attack, you can cause the attack to deal an extra 1d8 radiant damage to the target. When you reach 14th level, the extra damage increases to 2d8.",8,Cleric,Life Domain,False,,Player's Handbook,cleric_features.json
Supreme Healing,"Starting at 17th level, when you would normally roll one or more dice to restore hit points with a spell, you instead use the highest number possible for each die. For example, instead of restoring 2d6 hit points to a creature, you restore 12.",17,Cleric,Life Domain,False,,Player's Handbook,cleric_features.json
Bonus Cantrip,"When you choose this domain at 1st level, you gain the Light cantrip if you don't already know it. This cantrip doesn’t count against the number of cleric cantrips you know.",1,Cleric,Light Domain,False,,Player's Handbook,cleric_features.json
Warding Flare,"Also at 1st level, you can interpose divine light between yourself and an attacking enemy. When you are attacked by a creature within 30 feet of you that you can see, you can use your reaction to impose disadvantage on the attack roll, causing light to flare before the attacker before it hits or misses. An attacker that can't be blinded is immune to this feature.

You can use this feature a number of times equal to your Wisdom modifier (a minimum of once). You regain all expended uses when you finish a long rest.",1,Cleric,Light Domain,False,,Player's Handbook,cleric_features.json
Channel Divinity: Radiance of the Dawn,"Starting at 2nd level, you can use your Channel Divinity to harness sunlight, banishing darkness and dealing radiant damage to your foes.

As an action, you present your holy symbol, and any magical darkness within 30 feet of you is dispelled. Additionally, each hostile creature within 30 feet of you must make a Constitution saving throw. A creature takes radiant damage equal to 2d10 + your cleric level on a failed saving throw, and half as much damage on a successful one. A creature that has total cover from you is not affected.",2,Cleric,Light Domain,False,,Player's Handbook,cleric_features.json
Improved Flare,"Starting at 6th level, you can also use your Warding Flare feature when a creature that you can see within 30 feet of you attacks a creature other than you.",6,Cleric,Light Domain,False,,Player's Handbook,cleric_features.json
Potent Spellcasting,"Starting at 8th level, you add your Wisdom modifier to the damage you deal with any cleric cantrip.",8,Cleric,Light Domain,False,,Player's Handbook,cleric_features.json
Corona of Light,"Starting at 17th level, you can use your action to activate an aura of sunlight that lasts for 1 minute or until you dismiss it using another action. You emit bright light in a 60-foot radius and dim light 30 feet beyond that. Your enemies in the bright light have disadvantage on saving throws against any spell that deals fire or radiant damage.",17,Cleric,Light Domain,False,,Player's Handbook,cleric_features.json
Acolyte of Nature,"At 1st level, you learn one cantrip of your choice from the druid spell list. This cantrip counts as a cleric cantrip for you, but it doesn’t count against the number of cleric cantrips you know. You also gain proficiency in one of the following skills of your choice: Animal Handling, Nature, or Survival.",1,Cleric,Nature Domain,False,,Player's Handbook,cleric_features.json
Bonus Proficiency,"Also at 1st level, you gain proficiency with heavy armor.",1,Cleric,Nature Domain,False,,Player's Handbook,cleric_features.json
Channel Divinity: Charm Animals and Plants,"Starting at 2nd level, you can use your Channel Divinity to charm animals and plants.

As an action, you present your holy symbol and invoke the name of your deity. Each beast or plant creature that can see you within 30 feet of you must make a Wisdom saving throw. If the creature fails its saving throw, it is charmed by you for 1 minute or until it takes damage. While it is charmed by you, it is friendly to you and other creatures you designate.",2,Cleric,Nature Domain,False,,Player's Handbook,cleric_features.json
Dampen Elements,"Starting at 6th level, when you or a creature within 30 feet of you takes acid, cold, fire, lightning, or thunder damage, you can use your reaction to grant resistance to the creature against that instance of the damage.",6,Cleric,Nature Domain,False,,Player's Handbook,cleric_features.json
Divine Strike,"At 8th level, you gain the ability to infuse your weapon strikes with divine energy. Once on each of your turns when you hit a creature with a weapon attack, you can cause the attack to deal an extra 1d8 cold, fire, or lightning damage (your choice) to the target. When you reach 14th level, the extra damage increases to 2d8.",8,Cleric,Nature Domain,False,,Player's Handbook,cleric_features.json
Master of Nature,"At 17th level, you gain the ability to command animals and plant creatures. While creatures are charmed by your Charm Animals and Plants feature, you can take a bonus action on your turn to verbally command what each of those creatures will do on its next turn.",17,Cleric,Nature Domain,False,,Player's Handbook,cleric_features.json
Bonus Proficiencies,"When you choose this domain at 1st level, you gain proficiency with heavy armor. You also gain proficiency in the Intimidation or Persuasion skill (your choice).",1,Cleric,Order Domain,False,,"Guildmaster's Guide to Ravnica, Tasha's Cauldron of Everything",cleric_features.json
Voice of Authority,"Starting at 1st level, you can invoke the power of law to embolden an ally to attack. If you cast a spell with a spell slot of 1st level or higher and target an ally with the spell, that ally can use their reaction immediately after the spell to make one weapon attack against a creature of your choice that you can see.

If the spell targets more than one ally, you choose the ally who can make the attack.",1,Cleric,Order Domain,False,,"Guildmaster's Guide to Ravnica, Tasha's Cauldron of Everything",cleric_features.json
Channel Divinity: Order's Demand,"Starting at 2nd level, you can use your Channel Divinity to exert an intimidating presence over others.

As an action, you present your holy symbol, and each creature of your choice that can see or hear you within 30 feet of you must succeed on a Wisdom saving throw or be charmed by you until the end of your next turn or until the charmed creature takes any damage. You can also cause any of the charmed creatures to drop what they are holding when they fail the saving throw.",2,Cleric,Order Domain,False,,"Guildmaster's Guide to Ravnica, Tasha's Cauldron of Everything",cleric_features.json
Embodiment of the Law,"At 6th level, you become remarkably adept at channeling magical energy to compel others.

If you cast a spell of the enchantment school using a spell slot of 1st level or higher, you can change the spell's casting time to 1 bonus action for this casting, provided the spell's casting time is normally 1 action.

You can use this feature a number of times equal to your Wisdom modifier (minimum of once), and you regain all expended uses of it when you finish a long rest.",6,Cleric,Order Domain,False,,"Guildmaster's Guide to Ravnica, Tasha's Cauldron of Everything",cleric_features.json
Divine Strike,"At 8th level, you gain the ability to infuse your weapon strikes with divine energy. Once on each of your turns when you hit a creature with a weapon attack, you can cause the attack to deal an extra 1d8 psychic damage to the target. When you reach 14th level, the extra damage increases to 2d8.",8,Cleric,Order Domain,False,,"Guildmaster's Guide to Ravnica, Tasha's Cauldron of Everything",cleric_features.json
Order's Wrath,"Starting at 17th level, enemies you designate for destruction wilt under the combined efforts of you and your allies. If you deal your Divine Strike damage to a creature on your turn, you can curse that creature until the start of your next turn. The next time one of your allies hits the cursed creature with an attack, the target also takes 2d8 psychic damage, and the curse ends. You can curse a creature in this way only once per turn.",17,Cleric,Order Domain,False,,"Guildmaster's Guide to Ravnica, Tasha's Cauldron of Everything",cleric_features.json
Implement of Peace,"When you choose this domain at 1st level, you gain proficiency in the Insight, Performance, or Persuasion skill (your choice).",1,Cleric,Peace Domain,False,,Tasha's Cauldron of Everything,cleric_features.json
Emboldening Bond,"Starting at 1st level, you can forge an empowering bond among people who are at peace with one another. As an action, you choose a number of willing creatures within 30 feet of you (this can include yourself) equal to your proficiency bonus. You create a magical bond among them for 10 minutes or until you use this feature again. While any bonded creature is within 30 feet of another, the creature can roll a d4 and add the number rolled to an attack roll, an ability check, or a saving throw it makes. Each creature can add the d4 no more than once per turn.

You can use this feature a number of times equal to your proficiency bonus, and you regain all expended uses when you finish a long rest.",1,Cleric,Peace Domain,False,,Tasha's Cauldron of Everything,cleric_features.json
Channel Divinity: Balm of Peace,"Starting at 2nd level, you can use your Channel Divinity to make your very presence a soothing balm. As an action, you can move up to your speed, without provoking opportunity attacks, and when you move within 5 feet of any other creature during this action, you can restore a number of hit points to that creature equal to 2d6 + your Wisdom modifier (minimum of 1 hit point). A creature can receive this healing only once whenever you take this action.",2,Cleric,Peace Domain,False,,Tasha's Cauldron of Everything,cleric_features.json
Protective Bond,"Beginning at 6th level, the bond you forge between people helps them protect each other. When a creature affected by your Emboldening Bond feature is about to take damage, a second bonded creature within 30 feet of the first can use its reaction to teleport to an unoccupied space within 5 feet of the first creature. The second creature then takes all the damage instead.",6,Cleric,Peace Domain,False,,Tasha's Cauldron of Everything,cleric_features.json
Potent Spellcasting,"At 8th level, you add your Wisdom modifier to the damage you deal with any cleric cantrip.",8,Cleric,Peace Domain,False,,Tasha's Cauldron of Everything,cleric_features.json
Expansive Bond,"At 17th level, the benefits of your Emboldening Bond and Protective Bond features now work when the creatures are within 60 feet of each other. Moreover, when a creature uses Protective Bond to take someone else's damage, the creature has resistance to that damage.",17,Cleric,Peace Domain,False,,Tasha's Cauldron of Everything,cleric_features.json
Bonus Proficiencies,"At 1st level, you gain proficiency with martial weapons and heavy armor.",1,Cleric,Tempest Domain,False,,Player's Handbook,cleric_features.json
Wrath of the Storm,"Also at 1st level, you can thunderously rebuke attackers. When a creature within 5 feet of you that you can see hits you with an attack, you can use your reaction to cause the creature to make a Dexterity saving throw. The creature takes 2d8 lightning or thunder damage (your choice) on a failed saving throw, and half as much damage on a successful one.

You can use this feature a number of times equal to your Wisdom modifier (a minimum of once). You regain all expended uses when you finish a long rest.",1,Cleric,Tempest Domain,False,,Player's Handbook,cleric_features.json
Channel Divinity: Destructive Wrath,"Starting at 2nd level, you can use your Channel Divinity to wield the power of the storm with unchecked ferocity.

When you roll lightning or thunder damage, you can use your Channel Divinity to deal maximum damage, instead of rolling.",2,Cleric,Tempest Domain,False,,Player's Handbook,cleric_features.json
Thunderous Strike,"At 6th level, when you deal lightning damage to a Large or smaller creature, you can also push it up to 10 feet away from you.",6,Cleric,Tempest Domain,False,,Player's Handbook,cleric_features.json
Divine Strike,"At 8th level, you gain the ability to infuse your weapon strikes with divine energy. Once on each of your turns when you hit a creature with a weapon attack, you can cause the attack to deal an extra 1d8 thunder damage to the target. When you reach 14th level, the extra damage increases to 2d8.",8,Cleric,Tempest Domain,False,,Player's Handbook,cleric_features.json
Stormborn,"At 17th level, you have a flying speed equal to your current walking speed whenever you are not underground or indoors.",17,Cleric,Tempest Domain,False,,Player's Handbook,cleric_features.json
Blessing of the Trickster,"Starting when you choose this domain at 1st level, you can use your action to touch a willing creature other than yourself to give it advantage on Dexterity (Stealth) checks. This blessing lasts for 1 hour or until you use this feature again.",1,Cleric,Trickery Domain,False,,Player's Handbook,cleric_features.json
Channel Divinity: Invoke Duplicity,"Starting at 2nd level, you can use your Channel Divinity to create an illusory duplicate of yourself.

As an action, you create a perfect illusion of yourself that lasts for 1 minute, or until you lose your concentration (as if you were concentrating on a spell). The illusion appears in an unoccupied space that you can see within 30 feet of you. As a bonus action on your turn, you can move the illusion up to 30 feet to a space you can see, but it must remain within 120 feet of you.

For the duration, you can cast spells as though you were in the illusion's space, but you must use your own senses. Additionally, when both you and your illusion are within 5 feet of a creature that can see the illusion, you have advantage on attack rolls against that creature, given how distracting the illusion is to the target.",2,Cleric,Trickery Domain,False,,Player's Handbook,cleric_features.json
Channel Divinity: Cloak of Shadows,"Starting at 6th level, you can use your Channel Divinity to vanish.

As an action, you become invisible until the end of your next turn. You become visible if you attack or cast a spell.",6,Cleric,Trickery Domain,False,,Player's Handbook,cleric_features.json
Divine Strike,"At 8th level, you gain the ability to infuse your weapon strikes with poison – a gift from your deity. Once on each of your turns when you hit a creature with a weapon attack, you can cause the attack to deal an extra 1d8 poison damage to the target. When you reach 14th level, the extra damage increases to 2d8.",8,Cleric,Trickery Domain,False,,Player's Handbook,cleric_features.json
Improved Duplicity,"At 17th level, you can create up to four duplicates of yourself, instead of one, when you use Invoke Duplicity. As a bonus action on your turn, you can move any number of them up to 30 feet, to a maximum range of 120 feet.",17,Cleric,Trickery Domain,False,,Player's Handbook,cleric_features.json
Bonus Proficiencies,"At 1st level, you gain proficiency with martial weapons and heavy armor.",1,Cleric,Twilight Domain,False,,Tasha's Cauldron of Everything,cleric_features.json
Eyes of Night,"Starting at 1st level, you can see through the deepest gloom. You have darkvision out to a range of 300 feet. In that radius, you can see in dim light as if it were bright light and in darkness as if it were dim light.

As an action, you can magically share the darkvision of this feature with willing creatures you can see within 10 feet of you, up to a number of creatures equal to your Wisdom modifier (minimum of one creature). The shared darkvision lasts for 1 hour. Once you share it, you can't do so again until you finish a long rest, unless you expend a spell slot of any level to share it again.",1,Cleric,Twilight Domain,False,,Tasha's Cauldron of Everything,cleric_features.json
Vigilant Blessing,"At 1st level, the night has taught you to be vigilant. As an action, you give one creature you touch (including possibly yourself) advantage on the next initiative roll the creature makes. This benefit ends immediately after the roll or if you use this feature again.",1,Cleric,Twilight Domain,False,,Tasha's Cauldron of Everything,cleric_features.json
Channel Divinity: Twilight Sanctuary,"At 2nd level, you can use your Channel Divinity to refresh your allies with soothing twilight.

As an action, you present your holy symbol, and a sphere of twilight emanates from you. The sphere is centered on you, has a 30-foot radius, and is filled with dim light. The sphere moves with you, and it lasts for 1 minute or until you are incapacitated or die. Whenever a creature (including you) ends its turn in the sphere, you can grant that creature one of these benefits:

• You grant it temporary hit points equal to 1d6 plus your cleric level.

• You end one effect on it causing it to be charmed or frightened.",2,Cleric,Twilight Domain,False,,Tasha's Cauldron of Everything,cleric_features.json
Steps of Night,"Starting at 6th level, you can draw on the mystical power of night to rise into the air. As a bonus action when you are in dim light or darkness, you can magically give yourself a flying speed equal to your walking speed for 1 minute. You can use this bonus action a number of times equal to your proficiency bonus, and you regain all expended uses when you finish a long rest.",6,Cleric,Twilight Domain,False,,Tasha's Cauldron of Everything,cleric_features.json
Divine Strike,"At 8th level, you gain the ability to infuse your weapon strikes with divine energy. Once on each of your turns when you hit a creature with a weapon attack, you can cause the attack to deal an extra 1d8 radiant damage. When you reach 14th level, the extra damage increases to 2d8.",8,Cleric,Twilight Domain,False,,Tasha's Cauldron of Everything,cleric_features.json
Twilight Shroud,"At 17th level, the twilight that you summon offers a protective embrace: you and your allies have half cover while in the sphere created by your Twilight Sanctuary.",17,Cleric,Twilight Domain,False,,Tasha's Cauldron of Everything,cleric_features.json
Bonus Proficiency,"At 1st level, you gain proficiency with martial weapons and heavy armor.",1,Cleric,War Domain,False,,Player's Handbook,cleric_features.json
War Priest,"From 1st level, your god delivers bolts of inspiration to you while you are engaged in battle. When you use the Attack action, you can make one weapon attack as a bonus action.

You can use this feature a number of times equal to your Wisdom modifier (a minimum of once). You regain all expended uses when you finish a long rest.",1,Cleric,War Domain,False,,Player's Handbook,cleric_features.json
Channel Divinity: Guided Strike,"Starting at 2nd level, you can use your Channel Divinity to strike with supernatural accuracy. When you make an attack roll, you can use your Channel Divinity to gain a +10 bonus to the roll. You make this choice after you see the roll, but before the DM says whether the attack hits or misses.",2,Cleric,War Domain,False,,Player's Handbook,cleric_features.json
Channel Divinity: War God's Blessing,"At 6th level, when a creature within 30 feet of you makes an attack roll, you can use your reaction to grant that creature a +10 bonus to the roll, using your Channel Divinity. You make this choice after you see the roll, but before the DM says whether the attack hits or misses.",6,Cleric,War Domain,False,,Player's Handbook,cleric_features.json
Divine Strike,"At 8th level, you gain the ability to infuse your weapon strikes with divine energy. Once on each of your turns when you hit a creature with a weapon attack, you can cause the attack to deal an extra 1d8 damage of the same type dealt by the weapon to the target. When you reach 14th level, the extra damage increases to 2d8.",8,Cleric,War Domain,False,,Player's Handbook,cleric_features.json
Avatar of Battle,"At 17th level, you gain resistance to bludgeoning, piercing, and slashing damage from nonmagical attacks.",17,Cleric,War Domain,False,,Player's Handbook,cleric_features.json
Bonus Proficiency,"At 1st level, you gain proficiency with heavy armor.",1,Cleric,Solidarity Domain (Amonkhet),False,,Plane Shift - Amonkhet,cleric_features.json
Solidarity's Action,"Also at 1st level, when you take the Help action to aid an ally’s attack, you can make one weapon attack as a bonus action. You can use this feature a number of times equal to your Wisdom modifier (minimum of once). You regain expended uses when you finish a long rest.",1,Cleric,Solidarity Domain (Amonkhet),False,,Plane Shift - Amonkhet,cleric_features.json
Channel Divinity: Preserve Life,"Starting at 2nd level, you can use your Channel Divinity to heal the badly injured. As an action, you present your holy symbol and evoke healing energy that can restore a number of hit points equal to five times your cleric level. Choose any creatures within 30 feet of you, and divide those hit points among them. This feature can restore a creature to no more than half of its hit point maximum. You can’t use this feature on an undead or a construct.",2,Cleric,Solidarity Domain (Amonkhet),False,,Plane Shift - Amonkhet,cleric_features.json
Channel Divinity: Oketra's Blessing,"At 6th level, when a creature within 30 feet of you makes an attack roll, you can use your reaction to grant that creature a +10 bonus to the roll, using your Channel Divinity. You make this choice after you see the roll, but before the DM says whether the attack hits or misses.",6,Cleric,Solidarity Domain (Amonkhet),False,,Plane Shift - Amonkhet,cleric_features.json
Divine Strike,"At 8th level, you gain the ability to infuse your weapon strikes with divine energy. Once on each of your turns when you hit a creature with a weapon attack, you can cause the attack to deal an extra 1d8 damage of the same type dealt by the weapon to the target. When you reach 14th level, the extra damage increases to 2d8.",8,Cleric,Solidarity Domain (Amonkhet),False,,Plane Shift - Amonkhet,cleric_features.json
Supreme Healing,"Starting at 17th level, when you would normally roll one or more dice to restore hit points with a spell, you instead use the highest number possible for each die. For example, instead of restoring 2d6 hit points to a creature, you restore 12.",17,Cleric,Solidarity Domain (Amonkhet),False,,Plane Shift - Amonkhet,cleric_features.json
Bonus Proficiency,"At 1st level, you gain proficiency with heavy armor.",1,Cleric,Strength Domain (Amonkhet),False,,Plane Shift - Amonkhet,cleric_features.json
Acolyte of Strength,"At 1st level, you learn one druid cantrip of your choice. You also gain proficiency in one of the following skills of your choice: Animal Handling, Athletics, Nature, or Survival.",1,Cleric,Strength Domain (Amonkhet),False,,Plane Shift - Amonkhet,cleric_features.json
Channel Divinity: Feat of Strength,"At 2nd level, you can use your Channel Divinity to enhance your physical might. When you make an attack roll, ability check, or saving throw using Strength, you can use your Channel Divinity to gain a +10 bonus to the roll. You make this choice after you see the roll, but before the DM says whether the roll succeeds or fails.",2,Cleric,Strength Domain (Amonkhet),False,,Plane Shift - Amonkhet,cleric_features.json
Channel Divinity: Rhonas' Blessing,"At 6th level, when a creature within 30 feet of you makes an attack roll, ability check, or saving throw using Strength, you can use your reaction to grant that creature a +10 bonus to the roll, using your Channel Divinity. You make this choice after you see the roll, but before the DM says whether the roll succeeds or fail.",6,Cleric,Strength Domain (Amonkhet),False,,Plane Shift - Amonkhet,cleric_features.json
Divine Strike,"At 8th level, you gain the ability to infuse your weapon strikes with divine energy. Once on each of your turns when you hit a creature with a weapon attack, you can cause the attack to deal an extra 1d8 damage of the same type dealt by the weapon to the target. When you reach 14th level, the extra damage increases to 2d8.",8,Cleric,Strength Domain (Amonkhet),False,,Plane Shift - Amonkhet,cleric_features.json
Avatar of Battle,"At 17th level, you gain resistance to bludgeoning, piercing, and slashing damage from nonmagical attacks.",17,Cleric,Strength Domain (Amonkhet),False,,Plane Shift - Amonkhet,cleric_features.json
Warding Flare,"When you choose this domain at 1st level, you can interpose divine light between yourself and an attacking enemy. When you are attacked by a creature within 30 feet of you that you can see, you can use your reaction to impose disadvantage on the attack roll, causing light to flare before the attacker before it hits or misses. An attacker that can’t be blinded is immune to this feature.

You can use this feature a number of times equal to your Wisdom modifier (a minimum of once). You regain all expended uses when you finish a long rest.",1,Cleric,Ambition Domain (Amonkhet),False,,Plane Shift - Amonkhet,cleric_features.json
Channel Divinity: Invoke Duplicity,"Starting at 2nd level, you can use your Channel Divinity to create an illusory duplicate of yourself.

As an action, you create a perfect illusion of yourself that lasts for 1 minute, or until you lose your concentration (as if you were concentrating on a spell). The illusion appears in an unoccupied space that you can see within 30 feet of you. As a bonus action on your turn, you can move the illusion up to 30 feet to a space you can see, but it must remain within 120 feet of you.

For the duration, you can cast spells as though you were in the illusion’s space, but you must use your own senses. Additionally, when both you and your illusion are within 5 feet of a creature that can see the illusion, you have advantage on attack rolls against that creature, given how distracting the illusion is to the target.",2,Cleric,Ambition Domain (Amonkhet),False,,Plane Shift - Amonkhet,cleric_features.json
Channel Divinity: Cloak of Shadows,"Starting at 6th level, you can use your Channel Divinity to vanish. As an action, you become invisible until the end of your next turn. You become visible if you attack or cast a spell.",6,Cleric,Ambition Domain (Amonkhet),False,,Plane Shift - Amonkhet,cleric_features.json
Potent Spellcasting,"Starting at 8th level, you add your Wisdom modifier to the damage you deal with any cleric cantrip.",8,Cleric,Ambition Domain (Amonkhet),False,,Plane Shift - Amonkhet,cleric_features.json
Improved Duplicity,"At 17th level, you can create up to four duplicates of yourself, instead of one, when you use Invoke Duplicity. As a bonus action on your turn, you can move any number of them up to 30 feet, to a maximum range of 120 feet.",17,Cleric,Ambition Domain (Amonkhet),False,,Plane Shift - Amonkhet,cleric_features.json
Bonus Proficiencies,"At 1st level, you gain proficiency with martial weapons and heavy armor.",1,Cleric,Zeal Domain (Amonkhet),False,,Plane Shift - Amonkhet,cleric_features.json
Priest of Zeal,"From 1st level, Hazoret delivers bolts of inspiration to you while you are engaged in battle. When you use the Attack action, you can make one weapon attack as a bonus action.

You can use this feature a number of times equal to your Wisdom modifier (a minimum of once). You regain all expended uses when you finish a long rest.",1,Cleric,Zeal Domain (Amonkhet),False,,Plane Shift - Amonkhet,cleric_features.json
Channel Divinity: Consuming Fervor,"Starting at 2nd level, you can use your Channel Divinity to channel your zeal into unchecked ferocity.

When you roll fire or thunder damage, you can use your Channel Divinity to deal maximum damage instead of rolling.",2,Cleric,Zeal Domain (Amonkhet),False,,Plane Shift - Amonkhet,cleric_features.json
Resounding Strike,"At 6th level, when you deal thunder damage to a Large or smaller creature, you can also push it up to 10 feet away from you.",6,Cleric,Zeal Domain (Amonkhet),False,,Plane Shift - Amonkhet,cleric_features.json
Divine Strike,"At 8th level, you gain the ability to infuse your weapon strikes with divine energy. Once on each of your turns when you hit a creature with a weapon attack, you can cause the attack to deal an extra 1d8 damage of the same type dealt by the weapon to the target. When you reach 14th level, the extra damage increases to 2d8.",8,Cleric,Zeal Domain (Amonkhet),False,,Plane Shift - Amonkhet,cleric_features.json
Blaze of Glory,"Starting at 17th level, you can delay death for an instant to perform a final heroic act.

When you are reduced to 0 hit points by an attacker you can see, even if you would be killed outright, you can use your reaction to move up to your speed toward the attacker and make one melee weapon attack against it, as long as the movement brings it within your reach. You make this attack with advantage. If the attack hits, the creature takes an extra 5d10 fire damage and an extra 5d10 damage of the weapon’s type. You then fall unconscious and begin making death saving throws as normal, or you die if the damage you took would have killed you outright.

Once you use this feature, you can’t use it again until you finish a long rest.",17,Cleric,Zeal Domain (Amonkhet),False,1,Plane Shift - Amonkhet,cleric_features.json
Omens and Portents,"At 1st level, you can perceive signs of the future in everyday objects and events, such as flights of birds or ripples made in water by a thrown stone. You can cast the Augury spell without expending a spell slot and, when you cast the spell in this way, the spell has no verbal, somatic, or material components. Once you cast the spell in this way, you cannot do so again until you finish a long rest.

In addition, until you finish a long rest, when you cast a divination spell that includes a chance the DM gives you no answer or a random reading—such as Augury, Commune, or Divination—reduce that chance by 25 percent.",1,Cleric,Fate Domain (UA),False,,Unearthed Arcana 85 - Wonders of the Multiverse,cleric_features.json
Ties That Bind,"At 1st level, you can temporarily tie your fate to others. As an action, you can touch one object or creature and magically tie a strand of fate from yourself to it for 1 hour or until you use this feature again. An unwilling creature must succeed on a Wisdom saving throw against your spell save DC to resist this effect. While the target is bound to you and on the same plane of existence as you, you can sense the direction to the target’s location, and you know the direction of its movement if it is in motion.

In addition, once per turn when you cast a spell using a spell slot to deal damage or restore hit points to the target, roll a d6, and the target receives extra damage or healing, respectively, equal to the number rolled.

You can use this feature’s action a number of times equal to your proficiency bonus, and you regain all expended uses when you finish a long rest.",1,Cleric,Fate Domain (UA),False,,Unearthed Arcana 85 - Wonders of the Multiverse,cleric_features.json
Channel Divinity: Strands of Fate,"At 2nd level, you can use your Channel Divinity to see and manipulate the strands of fate that weave around other individuals. As a bonus action, you can enter this state for up to 1 minute or until you lose your concentration (as if you were concentrating on a spell). For the duration, whenever another creature you can see makes an attack roll or an ability check, you can use a reaction to give the roll advantage or disadvantage (your choice).",2,Cleric,Fate Domain (UA),False,,Unearthed Arcana 85 - Wonders of the Multiverse,cleric_features.json
Insightful Striking,"At 6th level, as a bonus action, you can choose one creature you can see within 30 feet of yourself. Your magic grants you a brief vision of the target’s defenses. Until the end of your next turn, you gain one of the following effects of your choice:

• The next time you make an attack roll against the target, roll a d6 and add the number rolled to the total.

• The next time the target must make a saving throw against a spell you cast, the target must roll a d6 and subtract the number rolled from the saving throw.

You can use this bonus action a number of times equal to your proficiency bonus, and you regain all expended uses when you finish a long rest.",6,Cleric,Fate Domain (UA),False,,Unearthed Arcana 85 - Wonders of the Multiverse,cleric_features.json
Potent Spellcasting,"At 8th level, you add your Wisdom modifier to the damage you deal with any cleric cantrip.",8,Cleric,Fate Domain (UA),False,,Unearthed Arcana 85 - Wonders of the Multiverse,cleric_features.json
Visions of the Future,"At 17th level, your knowledge of the future allows you to guide an individual to achieve their greatest possible success. You can cast the Foresight spell once without expending a spell slot; when you cast the spell in this way, the spell’s duration is 1 minute for that casting. Once you cast the spell in this way, you can’t do so again until you finish a long rest.",17,Cleric,Fate Domain (UA),False,,Unearthed Arcana 85 - Wonders of the Multiverse,cleric_features.json
Bonus Cantrip,"When you choose this domain at 1st level, you gain the On/Off* cantrip in addition to your chosen cantrips.",1,Cleric,City Domain (UA),False,,Unearthed Arcana 7 - Modern Magic,cleric_features.json
Bonus Proficiencies,"Also starting at 1st level, you gain proficiency with sidearms and proficiency with vehicles (land).",1,Cleric,City Domain (UA),False,,Unearthed Arcana 7 - Modern Magic,cleric_features.json
Heart of the City,"From 1st level, you are able to tap into the spirit of community found in the city. While you are within any city, you can gain advantage on a single Charisma (Deception, Intimidation, or Persuasion) check, and you are considered proficient in the appropriate skill. You can use this feature a number of times equal to your Wisdom modifier (a minimum of once). You regain any expended uses when you finish a long rest.",1,Cleric,City Domain (UA),False,,Unearthed Arcana 7 - Modern Magic,cleric_features.json
Channel Divinity: Spirits of the City,"Starting at 2nd level, you can use your Channel Divinity to call on the city for aid. As an action, you present your holy symbol, and any city utility within 30 feet of you either works perfectly or shuts down entirely for 1 minute (your choice).

Additionally, each hostile creature within 30 feet of you must make a Charisma saving throw. On a failed save, the creature is knocked prone or restrained (your choice) by hazards such as entangling wires, high-pressure water erupting from fire hydrants, pavement collapsing to unseen potholes, and so on. A restrained creature can escape by making a successful Strength (Athletics) or Dexterity (Acrobatics) check against your spell save DC.

This effect is entirely local and affects only utilities within 30 feet of you. Determination of what utilities are available within range and how the physical effects of those utilities manifest are left to the DM.",2,Cleric,City Domain (UA),False,,Unearthed Arcana 7 - Modern Magic,cleric_features.json
Block Watch,"Starting at 6th level, your awareness while in the city extends preternaturally. While in an urban environment, you are considered proficient in the Insight and Perception skills, and you add double your proficiency bonus to Wisdom (Insight) and Wisdom (Perception) checks, instead of your normal proficiency bonus.",6,Cleric,City Domain (UA),False,,Unearthed Arcana 7 - Modern Magic,cleric_features.json
Divine Strike,"At 8th level, you gain the ability to infuse your weapon strikes with psychic energy borrowed from the citizens of your city. Once on each of your turns when you hit a creature with a weapon attack, you can cause the attack to deal an extra 1d8 psychic damage to the target. When you reach 14th level, the extra psychic damage increases to 2d8.",8,Cleric,City Domain (UA),False,,Unearthed Arcana 7 - Modern Magic,cleric_features.json
Express Transit,"At 17th level, you can use mass transit routes to transport instantaneously to other points in the city. Starting from a bus stop, train station, subway stop, or other suitable mass transit site within the city, you can teleport to any other similar transit stop within the city, as if you had cast a Teleport spell whose destination is a permanent Teleportation Circle you know. Once you use this feature, you must finish a short or long rest before using it again.",17,Cleric,City Domain (UA),False,,Unearthed Arcana 7 - Modern Magic,cleric_features.json
Bonus Proficiency,"When you choose this domain at 1st level, you gain proficiency with heavy armor.",1,Cleric,Protection Domain (UA),False,,Unearthed Arcana 22 - Cleric,cleric_features.json
Shield of the Faithful,"Starting at 1st level, you gain the ability to hinder attacks intended for others. When a creature attacks a target other than you that is within 5 feet of you, you can use your reaction to impose disadvantage on the attack roll. To do so, you must be able to see both the attacker and the target. You interpose an arm, a shield, or some other part of yourself to try to throw the attack off target.",1,Cleric,Protection Domain (UA),False,,Unearthed Arcana 22 - Cleric,cleric_features.json
Channel Divinity: Radiant Defense,"Starting at 2nd level, you can use your Channel Divinity to cloak your allies in radiant armor.

As an action, you channel blessed energy into an ally that you can see within 30 feet of you. The first time that ally is hit by an attack within the next minute, the attacker takes radiant damage equal to 2d10 + your cleric level.",2,Cleric,Protection Domain (UA),False,,Unearthed Arcana 22 - Cleric,cleric_features.json
Blessed Healer,"Beginning at 6th level, the healing spells you cast on others can heal you as well. When you cast a spell with a spell slot and it restores hit points to any creature other than you this turn, you regain hit points equal to 2 + the spell’s level.",6,Cleric,Protection Domain (UA),False,,Unearthed Arcana 22 - Cleric,cleric_features.json
Divine Strike,"At 8th level, you gain the ability to infuse your weapon strikes with divine energy. Once on each of your turns when you hit a creature with a weapon attack, you can cause the attack to deal an extra 1d8 radiant damage to the target. When you reach 14th level, the extra damage increases to 2d8.",8,Cleric,Protection Domain (UA),False,,Unearthed Arcana 22 - Cleric,cleric_features.json
Indomitable Defense,"At 17th level, you gain resistance to two damage types of your choice, choosing from bludgeoning, necrotic, piercing, radiant, and slashing. Whenever you finish a short or long rest, you can change the damage types you chose.

As an action, you can temporarily give up this resistance and transfer it to one creature you touch. The creature keeps the resistance until the end of your next short or long rest or until you transfer it back to yourself as a bonus action.",17,Cleric,Protection Domain (UA),False,,Unearthed Arcana 22 - Cleric,cleric_features.json
Bonus Proficiencies,"At 1st level, you gain proficiency with martial weapons and heavy armor.",1,Cleric,Twilight Domain (UA),False,,"Unearthed Arcana 63 - Cleric, Druid, Wizard",cleric_features.json
Eyes of Night,"Starting at 1st level, your eyes are blessed, allowing you to see through the deepest gloom. You have darkvision with no maximum range; you can see in dim light as if it were bright light and in darkness as if it were dim light.

As an action, you can magically give the benefit of this feature to any number of creatures you can see within 10 feet of you. The shared benefit lasts for 10 minutes. You can extend this benefit a number of times equal to your Wisdom modifier (a minimum of once), and you regain all expended uses when you finish a long rest.",1,Cleric,Twilight Domain (UA),False,,"Unearthed Arcana 63 - Cleric, Druid, Wizard",cleric_features.json
Vigilant Blessing,"At 1st level, the night has taught you to be vigilant. As an action, you give one creature you touch (including possibly yourself) advantage on your next initiative roll the creature makes. This benefit ends immediately after the roll or if you use this feature again.",1,Cleric,Twilight Domain (UA),False,,"Unearthed Arcana 63 - Cleric, Druid, Wizard",cleric_features.json
Channel Divinity: Twilight Sanctuary,"At 2nd level, you can use your Channel Divinity to refresh your allies with soothing twilight.

As an action, you present your holy symbol, and a sphere of twilight emanates from you. The sphere is centered on you, has a 30-foot radius, and is filled with dim light. The sphere moves with you, and it lasts for 1 minute or until you are incapacitated or die. Whenever a creature (including you) ends its turn in the sphere, you can grant that creature one of these benefits.

• Give it 1d8 temporary hit points

• End one effect causing it to be charmed or frightened.",2,Cleric,Twilight Domain (UA),False,,"Unearthed Arcana 63 - Cleric, Druid, Wizard",cleric_features.json
Steps of the Brave,"Starting at 6th level, you draw strength from your connection to twilight and find yourself at home within its dark embrace, gaining two benefits.

• You have advantage on saving throws against being frightened.

• If you are in dim light or darkness, you can use a bonus action to magically give yourself a flying speed equal to your walking speed until the end of your next turn.",6,Cleric,Twilight Domain (UA),False,,"Unearthed Arcana 63 - Cleric, Druid, Wizard",cleric_features.json
Divine Strike,"At 8th level, you gain the ability to infuse your weapon strikes with divine energy. Once on each of your turns when you hit a creature with a weapon attack, you can cause the attack to deal an extra 1d8 psychic damage. When you reach 14th level, the extra damage increases to 2d8.",8,Cleric,Twilight Domain (UA),False,,"Unearthed Arcana 63 - Cleric, Druid, Wizard",cleric_features.json
Midnight Shroud,"At 17th level, you can harness the shrouding power of night to protect your allies and stymie your foes. Whenever you cast the Darkness spell using a spell slot, you can choose a number of creatures that you can see (including yourself) equal to your Wisdom modifier (minimum of one). The chosen creatures can see through the darkness.",17,Cleric,Twilight Domain (UA),False,,"Unearthed Arcana 63 - Cleric, Druid, Wizard",cleric_features.json
Emboldening Bond,"Starting at 1st level, you can forge an empowering bond between allies. As an action, you can choose two willing creatures you can see within 30 feet of you (this can include yourself) and create a magical bond between them. While either bonded creature is within 30 feet of the other, the creature can roll a d4 and add the number rolled to an attack roll, an ability check, or a saving throw it makes. Each creature can add the d4 no more than once per turn. The bond lasts for 1 hour or until you use this feature again.

You can use this feature once, and you regain the ability to do so when you finish a long rest. You can also expend a spell slot to use the feature again.",1,Cleric,Unity Domain (UA),False,1,"Unearthed Arcana 68 - Subclasses, Part 2",cleric_features.json
Channel Divinity: Shared Burden,"Starting at 2nd level, you can use your Channel Divinity to protect your allies through the strength of your shared bonds.

When a creature you can see within 30 feet of you takes damage, you can use your reaction to choose a number of other willing creatures you can see, up to a number of creatures equal to your Wisdom modifier (minimum of one creature). Distribute the damage taken between the original target and the chosen creatures. Each creature must take at least 1 damage. Apply any damage resistance or vulnerability of the creatures involved after you distribute the damage.",2,Cleric,Unity Domain (UA),False,,"Unearthed Arcana 68 - Subclasses, Part 2",cleric_features.json
Protective Bond,"Beginning at 6th level, the bond you forge between people shields them from harm. While either creature chosen for your Emboldening Bond feature is within 30 feet of the other, the creature can use its reaction to grant resistance to all damage to the other creature when that other creature takes damage. This resistance lasts until the end of the current turn.",6,Cleric,Unity Domain (UA),False,,"Unearthed Arcana 68 - Subclasses, Part 2",cleric_features.json
Potent Spellcasting,"Beginning at 8th level, you add your Wisdom modifier to the damage you deal with any cleric cantrip.",8,Cleric,Unity Domain (UA),False,,"Unearthed Arcana 68 - Subclasses, Part 2",cleric_features.json
Enduring Unity,"At 17th level, the bonds you create endure across vast distances. Creatures affected by your Emboldening Bond feature gain its benefits, as well as those of your Protective Bond feature, while they are on the same plane of existence as each other.

Additionally, when a creature chosen for your Emboldening Bond is reduced to 0 hit points, their bonded partner gains the following benefits for 1 minute, or until the creature regains at least 1 hit point:

• The creature has advantage on attack rolls, ability checks, and saving throws

• The creature gains resistance to all damage

• As an action, the creature can touch their bonded partner to expend and roll any number of Hit Dice. Their bonded partner regains a number of hit points equal to the total rolled.",17,Cleric,Unity Domain (UA),False,,"Unearthed Arcana 68 - Subclasses, Part 2",cleric_features.json
Base Features,"Hit Points:
Hit Dice: 1d8 per druid level Hit Points at 1st Level: 8 + your Constitution modifier Hit Points at Higher Levels: 1d8 (or 5) + your Constitution modifier per druid level after 1st

Proficiencies:
Armor: Light armor, medium armor, shields (druids will not wear armor or use shields made of metal) Weapons: Clubs, daggers, darts, javelins, maces, quarterstaffs, scimitars, sickles, slings, spears Tools: Herbalism kit Saving Throws: Intelligence, Wisdom Skills: Choose two from Arcana, Animal Handling, Insight, Medicine, Nature, Perception, Religion, and Survival

Equipment:
You start with the following equipment, in addition to the equipment granted by your background: • (a) a wooden shield or (b) any simple weapon • (a) a scimitar or (b) any simple melee weapon • Leather armor, an explorer's pack, and a druidic focus",1,Druid,,False,,,druid_features.json
Druidic,"You know Druidic, the secret language of druids. You can speak the language and use it to leave hidden messages. You and others who know this language automatically spot such a message. Others spot the message's presence with a successful DC 15 Wisdom (Perception) check but can't decipher it without magic.",1,Druid,,False,,,druid_features.json
Spellcasting,"Spellcasting:
Drawing on the divine essence of nature itself, you can cast spells to shape that essence to your will.

Cantrips

At 1st level, you know two cantrips of your choice from the druid spell list. You learn additional druid cantrips of your choice at higher levels, as shown in the Cantrips Known column of the Druid table.

Preparing and Casting Spells

The Druid table shows how many spell slots you have to cast your druid spells of 1st level and higher. To cast one of these druid spells, you must expend a slot of the spell's level or higher. You regain all expended spell slots when you finish a long rest.

You prepare the list of druid spells that are available for you to cast, choosing from the druid spell list. When you do so, choose a number of druid spells equal to your Wisdom modifier + your Druid level (minimum of one spell). The spells must be of a level for which you have spell slots.

For example, if you are a 3rd-level druid, you have four 1st-level and two 2nd-level spell slots. With a Wisdom of 16, your list of prepared spells can include six spells of 1st or 2nd level, in any combination. If you prepare the 1st-level spell Cure Wounds, you can cast it using a 1st-level or 2nd-level slot. Casting the spell doesn't remove it from your list of prepared spells. You can also change your list of prepared spells when you finish a long rest. Preparing a new list of druid spells requires time spent in prayer and meditation: at least 1 minute per spell level for each spell on your list.

Spellcasting Ability

Wisdom is your spellcasting ability for your druid spells, since your magic draws upon your devotion and attunement to nature. You use your Wisdom whenever a spell refers to your spellcasting ability. In addition, you use your Wisdom modifier when setting the saving throw DC for a druid spell you cast and when making an attack roll with one.

Spell save DC = 8 + your proficiency bonus + your Wisdom modifier

Spell attack modifier = your proficiency bonus + your Wisdom modifier

Ritual Casting

You can cast a druid spell as a ritual if that spell has the ritual tag and you have the spell prepared.

Spellcasting Focus

You can use a druidic focus as a spellcasting focus for your druid spells.",1,Druid,,False,,,druid_features.json
Wild Shape,"Starting at 2nd level, you can use your action to magically assume the shape of a beast that you have seen before. You can use this feature twice. You regain expended uses when you finish a short or long rest.

Your druid level determines the beasts you can transform into, as shown in the Beast Shapes table. At 2nd level, for example, you can transform into any beast that has a challenge rating of 1/4 or lower that doesn't have a flying or swimming speed.

You can stay in a beast shape for a number of hours equal to half your druid level (rounded down). You then revert to your normal form unless you expend another use of this feature. You can revert to your normal form earlier by using a bonus action on your turn. You automatically revert if you fall unconscious, drop to 0 hit points, or die.

While you are transformed, the following rules apply:

• Your game statistics are replaced by the statistics of the beast, but you retain your alignment, personality, and Intelligence, Wisdom, and Charisma scores. You also retain all of your skill and saving throw proficiencies, in addition to gaining those of the creature. If the creature has the same proficiency as you and the bonus in its stat block is higher than yours, use the creature's bonus instead of yours. If the creature has any legendary or lair actions, you can't use them.

• When you transform, you assume the beast's hit points and Hit Dice. When you revert to your normal form, you return to the number of hit points you had before you transformed. However, if you revert as a result of dropping to 0 hit points, any excess damage carries over to your normal form, For example, if you take 10 damage in animal form and have only 1 hit point left, you revert and take 9 damage. As long as the excess damage doesn't reduce your normal form to 0 hit points, you aren't knocked unconscious.

• You can't cast spells, and your ability to speak or take any action that requires hands is limited to the capabilities of your beast form. Transforming doesn't break your concentration on a spell you've already cast, however, or prevent you from taking actions that are part of a spell, such as Call Lightning, that you've already cast.

• You retain the benefit of any features from your class, race, or other source and can use them if the new form is physically capable of doing so. However, you can't use any of your special senses, such as darkvision, unless your new form also has that sense.

• You choose whether your equipment falls to the ground in your space, merges into your new form, or is worn by it. Worn equipment functions as normal, but the DM decides whether it is practical for the new form to wear a piece of equipment, based on the creature's shape and size. Your equipment doesn't change size or shape to match the new form, and any equipment that the new form can't wear must either fall to the ground or merge with it. Equipment that merges with the form has no effect until you leave the form.",2,Druid,,False,2,,druid_features.json
Druid Circle,"At 2nd level, you choose to identify with a circle of druids. Your choice grants you features at 2nd level and again at 6th, 10th, and 14th level.",2,Druid,Pick your subclass where you set your class (top left),True,,,druid_features.json
Wild Companion,"At 2nd level, you gain the ability to summon a spirit that assumes an animal form: as an action, you can expend a use of your Wild Shape feature to cast the Find Familiar spell, without material components.

When you cast the spell in this way, the familiar is a fey instead of a beast, and the familiar disappears after a number of hours equal to half your druid level.",2,Druid,,False,,,druid_features.json
Timeless Body,"Starting at 18th level, the primal magic that you wield causes you to age more slowly. For every 10 years that pass, your body ages only 1 year.",18,Druid,,False,,,druid_features.json
Beast Spells,"Beginning at 18th level, you can cast many of your druid spells in any shape you assume using Wild Shape. You can perform the somatic and verbal components of a druid spell while in a beast shape, but you aren't able to provide material components.",18,Druid,,False,,,druid_features.json
Archdruid,"At 20th level, you can use your Wild Shape an unlimited number of times.

Additionally, you can ignore the verbal and somatic components of your druid spells, as well as any material components that lack a cost and aren't consumed by a spell. You gain this benefit in both your normal shape and your beast shape from Wild Shape.",20,Druid,,False,,,druid_features.json
Balm of the Summer Court,"At 2nd level, you become imbued with the blessings of the Summer Court. You are a font of energy that offers respite from injuries. You have a pool of fey energy represented by a number of d6s equal to your druid level.

As a bonus action, you can choose an ally you can see within 120 feet of you and spend a number of those dice equal to half your druid level or less. Roll the spent dice and add them together. The target regains a number of hit points equal to the total. The target also gains 1 temporary hit point per die spent.

You regain the expended dice when you finish a long rest.",2,Druid,Circle of Dreams,False,,Xanathar's Guide to Everything,druid_features.json
Hearth of Moonlight and Shadow,"At 6th level, home can be wherever you are. During a short or long rest, you can invoke the shadowy power of the Gloaming Court to help guard your respite. At the start of the rest, you touch a point in space, and an invisible, 30-foot-radius sphere of magic appears, centered on that point. Total cover blocks the sphere.

While within the sphere, you and your allies gain a +5 bonus to Dexterity (Stealth) and Wisdom (Perception) checks, and any light from open flames in the sphere (a campfire, torches, or the like) isn't visible outside it.

The sphere vanishes at the end of the rest or when you leave the sphere.",6,Druid,Circle of Dreams,False,,Xanathar's Guide to Everything,druid_features.json
Hidden Paths,"Starting at 10th level, you can use the hidden, magical pathways that some fey use to traverse space in a blink of an eye. As a bonus action on your turn, you can teleport up to 60 feet to an unoccupied space you can see. Alternatively, you can use your action to teleport one willing creature you touch up to 30 feet to an unoccupied space you can see.

You can use this feature a number of times equal to your Wisdom modifier (minimum of once), and you regain all expended uses of it when you finish a long rest.",10,Druid,Circle of Dreams,False,,Xanathar's Guide to Everything,druid_features.json
Walker in Dreams,"At 14th level, the magic of the Feywild grants you the ability to travel mentally or physically through dreamlands.

When you finish a short rest, you can cast one of the following spells, without expending a spell slot or requiring material components: Dream (with you as the messenger), Scrying, or Teleportation Circle.

This use of Teleportation Circle is special. Rather than opening a portal to a permanent teleportation circle, it opens a portal to the last location where you finished a long rest on your current plane of existence. If you haven't taken a long rest on your current plane, the spell fails but isn't wasted.

Once you use this feature, you can't use it again until you finish a long rest.",14,Druid,Circle of Dreams,False,1,Xanathar's Guide to Everything,druid_features.json
Bonus Cantrip,"When you choose this circle at 2nd level, you learn one additional druid cantrip of your choice. This cantrip doesn’t count against the number of druid cantrips you know.",2,Druid,Circle of the Land,False,,Player's Handbook,druid_features.json
Natural Recovery,"Starting at 2nd level, you can regain some of your magical energy by sitting in meditation and communing with nature. During a short rest, you choose expended spell slots to recover. The spell slots can have a combined level that is equal to or less than half your druid level (rounded up), and none of the slots can be 6th level or higher. You can't use this feature again until you finish a long rest.

For example, when you are a 4th-level druid, you can recover up to two levels worth of spell slots. You can recover either a 2nd-level slot or two 1st-level slots.",2,Druid,Circle of the Land,False,1,Player's Handbook,druid_features.json
Circle Spells,"Your mystical connection to the land infuses you with the ability to cast certain spells. At 3rd, 5th, 7th, and 9th level you gain access to circle spells connected to the land where you became a druid. Choose that land – arctic, coast, desert, forest, grassland, mountain, swamp, or Underdark – and consult the associated list of spells.

Once you gain access to a circle spell, you always have it prepared, and it doesn't count against the number of spells you can prepare each day. If you gain access to a spell that doesn't appear on the druid spell list, the spell is nonetheless a druid spell for you.",9,Druid,Circle of the Land,False,,Player's Handbook,druid_features.json
Nature's Ward,"When you reach 10th level, you can't be charmed or frightened by elementals or fey, and you are immune to poison and disease.",10,Druid,Circle of the Land,False,,Player's Handbook,druid_features.json
Nature's Sanctuary,"When you reach 14th level, creatures of the natural world sense your connection to nature and become hesitant to attack you. When a beast or plant creature attacks you, that creature must make a Wisdom saving throw against your druid spell save DC. On a failed save, the creature must choose a different target, or the attack automatically misses. On a successful save, the creature is immune to this effect for 24 hours.

The creature is aware of this effect before it makes its attack against you.",14,Druid,Circle of the Land,False,,Player's Handbook,druid_features.json
Combat Wild Shape,"When you choose this circle at 2nd level, you gain the ability to use Wild Shape on your turn as a bonus action, rather than as an action.

Additionally, while you are transformed by Wild Shape, you can use a bonus action to expend one spell slot to regain 1d8 hit points per level of the spell slot expended.",2,Druid,Circle of the Moon,False,,Player's Handbook,druid_features.json
Circle Forms,"The rites of your circle grant you the ability to transform into more dangerous animal forms. Starting at 2nd level, you can use your Wild Shape to transform into a beast with a challenge rating as high as 1. You ignore the Max. CR column of the Beast Shapes table, but must abide by the other limitations there.

Starting at 6th level, you can transform into a beast with a challenge rating as high as your druid level divided by 3, rounded down.",2,Druid,Circle of the Moon,False,,Player's Handbook,druid_features.json
Primal Strike,"Starting at 6th level, your attacks in beast form count as magical for the purpose of overcoming resistance and immunity to nonmagical attacks and damage.",6,Druid,Circle of the Moon,False,,Player's Handbook,druid_features.json
Elemental Wild Shape,"At 10th level, you can expend two uses of Wild Shape at the same time to transform into an air elemental, an earth elemental, a fire elemental, or a water elemental.",10,Druid,Circle of the Moon,False,,Player's Handbook,druid_features.json
Thousand Forms,"By 14th level, you have learned to use magic to alter your physical form in more subtle ways. You can cast the Alter Self spell at will.",14,Druid,Circle of the Moon,False,,Player's Handbook,druid_features.json
Speech of the Woods,"At 2nd level, you gain the ability to converse with beasts and many fey.

You learn to speak, read, and write Sylvan. In addition, beasts can understand your speech, and you gain the ability to decipher their noises and motions. Most beasts lack the intelligence to convey or understand sophisticated concepts, but a friendly beast could relay what it has seen or heard in the recent past. This ability doesn’t grant you any special friendship with beasts, though you can combine this ability with gifts to curry favor with them as you would with any nonplayer character.",2,Druid,Circle of the Shepherd,False,,Xanathar's Guide to Everything,druid_features.json
Spirit Totem,"Starting at 2nd level, you gain the ability to call forth nature spirits and use them to influence the world around you.

As a bonus action, you can magically summon an incorporeal spirit to a point you can see within 60 feet of you. The spirit creates an aura in a 30-foot radius around that point. It counts as neither a creature nor an object, though it has the spectral appearance of the creature it represents. As a bonus action, you can move the spirit up to 60 feet to a point you can see.

The spirit persists for 1 minute. Once you use this feature, you can’t use it again until you finish a short or long rest.

The effect of the spirit’s aura depends on the type of spirit you summon from the options below.

Bear Spirit. The bear spirit grants you and your allies its might and endurance. Each creature of your choice in the aura when the spirit appears gains temporary hit points equal to 5 + your druid level. In addition, you and your allies gain advantage on Strength checks and Strength saving throws while in the aura.

Hawk Spirit. The hawk spirit is a consummate hunter, aiding you and your allies with its keen sight. When a creature makes an attack roll against a target in the spirit’s aura, you can use your reaction to grant advantage to that attack roll. In addition, you and your allies have advantage on Wisdom (Perception) checks while in the aura.

Unicorn Spirit. The unicorn spirit lends its protection to those nearby. You and your allies gain advantage on all ability checks made to detect creatures in the spirit’s aura. In addition, if you cast a spell using a spell slot that restores hit points to any creature inside or outside the aura, each creature of your choice in the aura also regains hit points equal to your druid level.",2,Druid,Circle of the Shepherd,False,1,Xanathar's Guide to Everything,druid_features.json
Mighty Summoner,"At 6th level, beasts and fey that you conjure are more resilient than normal. Any beast or fey summoned or created by a spell that you cast gains two benefits:

• The creature appears with more hit points than normal: 2 extra hit points per Hit Die it has.

• The damage from its natural weapons is considered magical for the purpose of overcoming immunity and resistance to nonmagical attacks and damage.",6,Druid,Circle of the Shepherd,False,,Xanathar's Guide to Everything,druid_features.json
Guardian Spirit,"Beginning at 10th level, your Spirit Totem safeguards the beasts and fey that you call forth with your magic. When a beast or fey that you summoned or created with a spell ends its turn in your Spirit Totem aura, that creature regains a number of hit points equal to half your druid level.",10,Druid,Circle of the Shepherd,False,,Xanathar's Guide to Everything,druid_features.json
Faithful Summons,"Starting at 14th level, the nature spirits you commune with protect you when you are the most defenseless. If you are reduced to 0 hit points or are incapacitated against your will, you can immediately gain the benefits of Conjure Animals as if it were cast with a 9th-level spell slot. It summons four beasts of your choice that are challenge rating 2 or lower. The conjured beasts appear within 20 feet of you. If they receive no commands from you, they protect you from harm and attack your foes. The spell lasts for 1 hour, requiring no concentration, or until you dismiss it (no action required).

Once you use this feature, you can’t use it again until you finish a long rest.",14,Druid,Circle of the Shepherd,False,1,Xanathar's Guide to Everything,druid_features.json
Circle Spells,"Your symbiotic link to fungi and your ability to tap into the cycle of life and death grants you access to certain spells. At 2nd level, you learn the Chill Touch cantrip.

At 3rd, 5th, 7th, and 9th level you gain access to the spells listed for that level in the Circle of Spores Spells table. Once you gain access to one of these spells, you always have it prepared, and it doesn't count against the number of spells you can prepare each day. If you gain access to a spell that doesn't appear on the druid spell list, the spell is nonetheless a druid spell for you.",2,Druid,Circle of Spores,False,,"Guildmaster's Guide to Ravnica, Tasha's Cauldron of Everything",druid_features.json
Halo of Spores,"Starting at 2nd level, you are surrounded by invisible, necrotic spores that are harmless until you unleash them on a creature nearby. When a creature you can see moves into a space within 10 feet of you or starts its turn there, you can use your reaction to deal 1d4 necrotic damage to that creature unless it succeeds on a Constitution saving throw against your spell save DC. The necrotic damage increases to 1d6 at 6th level, 1d8 at 10th level, and 1d10 at 14th level.",2,Druid,Circle of Spores,False,,"Guildmaster's Guide to Ravnica, Tasha's Cauldron of Everything",druid_features.json
Symbiotic Entity,"Also at 2nd level, you gain the ability to channel magic into your spores. As an action, you can expend a use of your Wild Shape feature to awaken those spores, rather than transforming into a beast form, and you gain 4 temporary hit points for each level you have in this class. While this feature is active, you gain the following benefits:

• When you deal your Halo of Spores damage, roll the damage die a second time and add it to the total.

• Your melee weapon attacks deal an extra 1d6 necrotic damage to any target they hit.

These benefits last for 10 minutes, until you lose all these temporary hit points. or until you use your Wild Shape again.",2,Druid,Circle of Spores,False,,"Guildmaster's Guide to Ravnica, Tasha's Cauldron of Everything",druid_features.json
Fungal Infestation,"At 6th level, your spores gain the ability to infest a corpse and animate it. If a beast or a humanoid that is Small or Medium dies within 10 feet of you, you can use your reaction to animate it, causing it to stand up immediately with 1 hit point. The creature uses the Zombie stat block in the Monster Manual. It remains animate for 1 hour, after which time it collapses and dies.

In combat, the zombie's turn comes immediately after yours. It obeys your mental commands, and the only action it can take is the Attack action, making one melee attack.

You can use this feature a number of times equal to your Wisdom modifier (minimum of once), and you regain all expended uses of it when you finish a long rest.",6,Druid,Circle of Spores,False,,"Guildmaster's Guide to Ravnica, Tasha's Cauldron of Everything",druid_features.json
Spreading Spores,"At 10th level, you gain the ability to seed an area with deadly spores. As a bonus action while your Symbiotic Entity feature is active, you can hurl spores up to 30 feet away, where they swirl in a 10-foot cube for 1 minute. The spores disappear early if you use this feature again, if you dismiss them as a bonus action, or if your Symbiotic Entity feature is no longer active.

Whenever a creature moves into the cube or starts its turn there, that creature takes your Halo of Spores damage, unless the creature succeeds on a Constitution saving throw against your spell save DC. A creature can take this damage no more than once per turn.

While the cube of spores persists, you can't use your Halo of Spores reaction.",10,Druid,Circle of Spores,False,,"Guildmaster's Guide to Ravnica, Tasha's Cauldron of Everything",druid_features.json
Fungal Body,"At 14th level, the fungal spores in your body alter you: you can't be blinded, deafened, frightened, or poisoned, and any critical hit against you counts as a normal hit instead, unless you're incapacitated.",14,Druid,Circle of Spores,False,,"Guildmaster's Guide to Ravnica, Tasha's Cauldron of Everything",druid_features.json
Star Map,"At 2nd level, you've created a star chart as part of your heavenly studies. It is a Tiny object and can serve as a spellcasting focus for your druid spells. You determine its form by rolling on the Star Map table or by choosing one.

While holding this map, you have these benefits:

• You know the Guidance cantrip.

• You have the Guiding Bolt spell prepared. It counts as a druid spell for you, and it doesn't count against the number of spells you can have prepared.

• You can cast Guiding Bolt without expending a spell slot. You can do so a number of times equal to your proficiency bonus, and you regain all expended uses when you finish a long rest.

If you lose the map, you can perform a 1-hour ceremony to magically create a replacement. This ceremony can be performed during a short or long rest, and it destroys the previous map.",2,Druid,Circle of Stars,False,,Tasha's Cauldron of Everything,druid_features.json
Starry Form,"At 2nd level, you gain the ability to harness constellations' power to alter your form. As a bonus action, you can expend a use of your Wild Shape feature to take on a starry form, rather than transforming into a beast.

While in your starry form, you retain your game statistics, but your body becomes luminous; your joints glimmer like stars, and glowing lines connect them as on a star chart. This form sheds bright light in a 10-foot radius and dim light for an additional 10 feet. The form lasts for 10 minutes. It ends early if you dismiss it (no action required), are incapacitated, die, or use this feature again.

Whenever you assume your starry form, choose which of the following constellations glimmers on your body; your choice gives you certain benefits while in the form:

Archer. A constellation of an archer appears on you. When you activate this form, and as a bonus action on your subsequent turns while it lasts, you can make a ranged spell attack, hurling a luminous arrow that targets one creature within 60 feet of you. On a hit, the attack deals radiant damage equal to 1d8 + your Wisdom modifier.

Chalice. A constellation of a life-giving goblet appears on you. Whenever you cast a spell using a spell slot that restores hit points to a creature, you or another creature within 30 feet of you can regain hit points equal to 1d8 + your Wisdom modifier.

Dragon. A constellation of a wise dragon appears on you. When you make an Intelligence or a Wisdom check or a Constitution saving throw to maintain concentration on a spell, you can treat a roll of 9 or lower on the d20 as a 10.",2,Druid,Circle of Stars,False,,Tasha's Cauldron of Everything,druid_features.json
Cosmic Omen,"When you reach 6th level, you learn to use your star map to divine the will of the cosmos. Whenever you finish a long rest, you can consult your Star Map for omens. When you do so, roll a die. Until you finish your next long rest, you gain access to a special reaction based on whether you rolled an even or an odd number on the die:

Weal (even). Whenever a creature you can see within 30 feet of you is about to make an attack roll, a saving throw, or an ability check, you can use your reaction to roll a d6 and add the number rolled to the total.

Woe (odd). Whenever a creature you can see within 30 feet of you is about to make an attack roll, a saving throw, or an ability check, you can use your reaction to roll a d6 and subtract the number rolled from the total.

You can use this reaction a number of times equal to your proficiency bonus, and you regain all expended uses when you finish a long rest.",6,Druid,Circle of Stars,False,,Tasha's Cauldron of Everything,druid_features.json
Twinkling Constellations,"At 10th level, the constellations of your Starry Form improve. The 1d8 of the Archer and the Chalice becomes 2d8, and while the Dragon is active, you have a flying speed of 20 feet and can hover.

Moreover, at the start of each of your turns while in your Starry Form, you can change which constellation glimmers on your body.",10,Druid,Circle of Stars,False,,Tasha's Cauldron of Everything,druid_features.json
Full of Stars,"At 14th level, while in your Starry Form, you become partially incorporeal, giving you resistance to bludgeoning, piercing, and slashing damage.",14,Druid,Circle of Stars,False,,Tasha's Cauldron of Everything,druid_features.json
Circle Spells,"When you join this circle at 2nd level, you have formed a bond with a wildfire spirit, a primal being of creation and destruction. Your link with this spirit grants you access to some spells when you reach certain levels in this class, as shown on the Circle of Wildfire Spells table.

Once you gain access to one of these spells, you always have it prepared, and it doesn't count against the number of spells you can prepare each day. If you gain access to a spell that doesn't appear on the Druid Spell List, the spell is nonetheless a druid spell for you.",2,Druid,Circle of Wildfire,False,,Tasha's Cauldron of Everything,druid_features.json
Summon Wildfire Spirit,"At 2nd level, You can summon the primal spirit bound to your soul. As an action, you can expend one use of your Wild Shape feature to summon your wildfire spirit, rather than assuming a beast form.

The spirit appears in an unoccupied space of your choice that you can see within 30 feet of you. Each creature within 10 feet of the spirit (other than you) when it appears must succeed on a Dexterity saving throw against your spell save DC or take 2d6 fire damage.

The spirit is friendly to you and your companions and obeys your commands. See this creature's game statistics in the Wildfire Spirit stat block, which uses your proficiency bonus (PB) in several places. You determine the spirit's appearance. Some spirits take the form of a humanoid figure made of gnarled branches covered in flame, while others look like beasts wreathed in fire.

In combat, the spirit shares your initiative count, but it takes its turn immediately after yours. The only action it takes on its turn is the Dodge action, unless you take a bonus action on your turn to command it to take another action. That action can be one in its stat block or some other action. If you are incapacitated, the spirit can take any action of its choice, not just Dodge.

The spirit manifests for 1 hour, until it is reduced to 0 hit points, until you use this feature to summon the spirit again, or until you die.",2,Druid,Circle of Wildfire,False,,Tasha's Cauldron of Everything,druid_features.json
Enhanced Bond,"At 6th level, the bond with your wildfire spirit enhances your destructive and restorative spells. Whenever you cast a spell that deals fire damage or restores hit points while your wildfire spirit is summoned, roll a d8, and you gain a bonus equal to the number rolled to one damage or healing roll of the spell.

In addition, when you cast a spell with a range other than self, the spell can originate from you or your wildfire spirit.",6,Druid,Circle of Wildfire,False,,Tasha's Cauldron of Everything,druid_features.json
Cauterizing Flames,"At 10th level, you gain the ability to turn death into magical flames that can heal or incinerate. When a Small or larger creature dies within 30 feet of you or your wildfire spirit, a harmless spectral flame springs forth in the dead creature's space and flickers there for 1 minute. When a creature you can see enters that space, you can use your reaction to extinguish the spectral flame there and either heal the creature or deal fire damage to it. The healing or damage equals 2d10 + your Wisdom modifier.

You can use this reaction a number of times equal to your proficiency bonus, and you regain all expended uses when you finish a long rest.",10,Druid,Circle of Wildfire,False,,Tasha's Cauldron of Everything,druid_features.json
Blazing Revival,"At 14th level, the bond with your wildfire spirit can save you from death. If the spirit is within 120 feet of you when you are reduced to 0 hit points and thereby fall unconscious, you can cause the spirit to drop to 0 hit points. You then regain half your hit points and immediately rise to your feet.

Once you use this feature, you can't use it again until you finish a long rest.",14,Druid,Circle of Wildfire,False,1,Tasha's Cauldron of Everything,druid_features.json
Keeper of Old,"2nd-Level Circle of the Primeval Feature Your connection to the mighty primeval behemoths allows you new insight into the ancient world.

You gain proficiency in the History skill. When you make an Intelligence (History) check, you can roll a d4 and add the number rolled to the ability check.",3,Druid,Circle of the Primeval (UA),False,,Unearthed Arcana 83 - Giant Options,druid_features.json
Primeval Companion,"2nd-Level Circle of the Primeval Feature

Starting when you choose this circle, you can call upon the primeval creature whose spirit is bound to you. As an action, you can expend one use of your Wild Shape feature to summon your primeval companion, rather than assuming a beast form. The companion appears in an unoccupied space of your choice within 30 feet of you.

The primeval companion is friendly to you and your companions, and it obeys your commands. See this creature’s game statistics in the Primeval Companion stat block, which uses your proficiency bonus (PB) in several places. You can determine the cosmetic appearance of the companion; for example, your companion may evoke ancient predators like raptors or saber-toothed tigers, or it might be more inclined for defense, appearing as an armored ankylosaurus or a wooly rhino. These choices have no effect on the companion’s game statistics.

In combat, the companion shares your initiative count, but it takes its turn immediately after yours. It can move and use its reaction on its own, but the only action it takes on its turn is the Dodge action, unless you take a bonus action on your turn to command it to take another action. That action can be one in its stat block or some other action. If you are incapacitated, the companion can take any action of its choice, not just Dodge.

The companion remains until it is reduced to 0 hit points or until you die, at which point the companion vanishes. If you use this feature to summon the companion again and you already have a companion present, the first companion immediately vanishes. Anything the companion was wearing or carrying is left behind when the companion vanishes.",3,Druid,Circle of the Primeval (UA),False,,Unearthed Arcana 83 - Giant Options,druid_features.json
Prehistoric Conduit,"6th-Level Circle of the Primeval Feature You learn how to channel your magic through your primeval companion. When you cast a spell with a range other than self, the spell can originate from you or your primeval companion.

In addition, if the primeval companion is affected by a spell you cast that allows creatures to make a saving throw against its effects, the primeval companion has advantage on its saving throw. If the primeval companion would normally take half damage on a successful save against this spell, the companion instead takes no damage on a successful save and half damage with no additional effects on a failed save.",3,Druid,Circle of the Primeval (UA),False,,Unearthed Arcana 83 - Giant Options,druid_features.json
Titanic Bond,"10th-Level Circle of the Primeval Feature The primeval companion grows to Large size, and when you summon it, you can grant it either a climbing speed or a swimming speed equal to its walking speed.

In turn, the primeval companion lends you some of its terrifying might. Once per turn while your primeval companion is summoned, when you hit a creature with an attack or deal damage to a creature you can see with a spell you cast, you can force that creature to make a Wisdom saving throw against your spell save DC; on a failure, the creature is frightened of you until the end of your next turn.",3,Druid,Circle of the Primeval (UA),False,,Unearthed Arcana 83 - Giant Options,druid_features.json
Scourge of the Ancients,"14th-Level Circle of the Primeval Feature

You have learned to fully harness the titanic legacy of your companion. As part of the bonus action you use to command your companion, you can expend a spell slot of any level to heighten your primeval companion’s might, granting it the following benefits:

• Hulking Behemoth. The companion becomes Huge and gains temporary hit points equal to 10 times the level of the spell slot expended. If there isn’t enough room for the companion to become Huge, it attains the maximum possible size in the space available.

• Mauler. On a hit, the companion’s Strike deals additional damage equal to 1d8 plus the level of the spell slot expended.

• Titanic Stride. The companion’s walking speed increases by a number of feet equal to 5 times the level of the spell slot expended.

These benefits last for 1 hour, until the companion vanishes, or until you expend a spell slot for this feature again.",3,Druid,Circle of the Primeval (UA),False,,Unearthed Arcana 83 - Giant Options,druid_features.json
Star Map,"At 2nd level, You've created a star map as part of your study of the heavens. The map is a Tiny object and can serve as a spellcasting focus for your druid spells. You decide what form the object takes, or you can determine what it is by rolling on the Star Map table.

If you lose your map, you can perform a 1-hour ceremony to magically create a replacement. This ceremony can be performed during a short or long rest, and it destroys the previous map.

You can cast the Augury and Guiding Bolt spells without expending a spell slot and without preparing the spell, provided you use the star map as the spellcasting focus. You can cast a spell from the map in this way a number of times equal to your Wisdom modifier (minimum of once), and you regain all expended uses when you finish a long rest.",2,Druid,Circle of Stars (UA),False,,"Unearthed Arcana 69 - Subclasses, Part 3",druid_features.json
Starry Form,"At 2nd level, you gain the ability to harness constellations’ power to alter your form. As an action, you can expend a use of your Wild Shape feature to take on a starry form rather than transforming into a beast.

While in your starry form, you retain your game statistics, but your body takes on a luminous, starlike quality; your joints glimmer like stars, and glowing lines connect them as on a star chart. This form sheds bright light in a 10-foot radius and dim light for an additional 10 feet. The form lasts for 10 minutes or until you’re incapacitated.

Whenever you assume your starry form, choose which of the following constellations glimmers on your body; your choice gives you certain benefits while in the form:

Chalice. A constellation of a life-giving goblet appears on you. Whenever you cast a spell using a spell slot that restores hit points to a creature, you or another creature within 30 feet of you can regain hit points equal to 1d8 + half your level in this class.

Archer. A constellation of an archer appears on you. You gain a bonus action that you can use to make a ranged spell attack, hurling a luminous arrow that targets a creature you can see within 60 feet of you. On a hit, the attack deals radiant damage equal to 1d8 + your Wisdom modifier.

Dragon. A constellation of a wise, ancient dragon appears on you. When you make an Intelligence or a Wisdom check or a Constitution saving throw to maintain concentration on a spell, you can treat a roll of 9 or lower on the d20 as a 10",2,Druid,Circle of Stars (UA),False,,"Unearthed Arcana 69 - Subclasses, Part 3",druid_features.json
Cosmic Omen,"When you reach 6th level, you learn to use your star map to divine the will of the cosmos. Whenever you finish a long rest, you can consult your star map for omens. When you do so, roll a d6. You gain one of the following possible omens based on whether you rolled an even number or an odd number on the d6:

Weal (even). Whenever a creature you can see within 30 feet of you makes an attack roll, a saving throw, or an ability check, you can use your reaction to roll a d6 and add the number rolled to the total.

Woe (odd). Whenever a creature you can see within 30 feet of you makes an attack roll, a saving throw, or an ability check, you can use your reaction to roll a d6 and subtract the number rolled from the total.

You can use this reaction a number of times equal to your Wisdom modifier, and you regain all expended uses when you finish a long rest.",6,Druid,Circle of Stars (UA),False,,"Unearthed Arcana 69 - Subclasses, Part 3",druid_features.json
Full of Stars,"At 10th level, while your Starry Form feature is active, you become partially incorporeal, giving you resistance to bludgeoning, piercing, and slashing damage.",10,Druid,Circle of Stars (UA),False,,"Unearthed Arcana 69 - Subclasses, Part 3",druid_features.json
Star Flare,"At 14th level, your connection to the cosmos allows you to conjure brilliant starlight. As an action, you conjure a burst of light in a 30-foot-radius sphere centered on a point you can see within 120 feet of you. You can immediately teleport each willing creature in the sphere to an unoccupied space within 30 feet of it. Each creature remaining in the sphere must succeed on a Constitution saving throw against your spell save DC or take 4d10 radiant damage and be blinded until the end of your next turn.

Once you have used this action, you can’t use it again until you finish a long rest or until you expend a spell slot of 5th level or higher to use it again.",14,Druid,Circle of Stars (UA),False,1,"Unearthed Arcana 69 - Subclasses, Part 3",druid_features.json
Harvest's Scythe,"Starting at 2nd level, you learn to unravel and harvest the life energy of other creatures. You can augment your spells to drain the life force from creatures. You have a pool of energy represented by a number of d10s equal to your druid level.

When you roll damage for a spell, you can increase that damage by spending dice from the pool. You can spend a number of dice equal to half your druid level or less. Roll the spent dice and add them to the damage as necrotic damage. If you kill one or more hostile creatures with a spell augmented in this way, you or an ally of your choice that you can see within 30 feet of you regains 2 hit points per die spent to increase the spell’s damage, or 5 hit points per die if at least one of the slain creatures was undead.

You regain the expended dice when you finish a long rest.",2,Druid,Circle of Twilight (UA),False,,Unearthed Arcana 23 - Druid,druid_features.json
Speech Beyond the Grave,"At 6th level, you gain the ability to reach beyond death’s veil in search of knowledge. Using this feature, you can cast Speak with Dead without material components, and you understand what the target of this casting says. It can understand your questions, even if you don’t share a language or it is not intelligent enough to speak.

Once you use this feature, you can’t use it again until you finish a short or long rest.",6,Druid,Circle of Twilight (UA),False,1,Unearthed Arcana 23 - Druid,druid_features.json
Watcher at the Threshold,"At 10th level, you gain resistance to necrotic and radiant damage. In addition, while you aren’t incapacitated, any ally within 30 feet of you has advantage on death saving throws.",10,Druid,Circle of Twilight (UA),False,,Unearthed Arcana 23 - Druid,druid_features.json
Paths of the Dead,"At 14th level, your mastery of death allows you to tread the paths used by ghosts and other spirits. Using this feature, you can cast Etherealness. Once the spell ends, you can’t cast it with this feature again until you finish a short or long rest.",14,Druid,Circle of Twilight (UA),False,,Unearthed Arcana 23 - Druid,druid_features.json
Circle Spells,"You have formed a mystical bond with a wildfire spirit, a primal being of creation and destruction. Your link with this spirit grants you access to certain spells. At 2nd level, you learn the Fire Bolt cantrip. When you reach certain levels in this class, you gain access to the spells listed for that level in the Circle of Wildfire Spells table. Once you gain access to one of these spells, you always have it prepared, and it doesn’t count against the number of spells you can prepare each day. If you gain access to a spell that doesn’t appear on the druid spell list, the spell is nonetheless a druid spell for you.",2,Druid,Circle of Wildfire (UA),False,,"Unearthed Arcana 63 - Cleric, Druid, Wizard",druid_features.json
Summon Wildfire,"At 2nd level, you can summon the primal spirit bound to your soul. As an action, you can expend one use of your Wild Shape feature to summon your wildfire spirit, rather than assuming a beast form.

The spirit appears in an unoccupied space of your choice you can see within 30 feet of you. Each creature within 10 feet of the spirit (other than you) when it appears must succeed on a Dexterity saving throw against your spell save DC or take 2d10 fire damage.

The wildfire spirit is friendly to you and your companions and obeys your commands. See this creature’s game statistics in the wildfire spirit stat block. You determine the spirit’s appearance. Some spirits take the form of a humanoid figure made of gnarled branches covered in flame, while others look like beasts wreathed in fire.

In combat, the wildfire spirit shares your initiative count, but it takes its turn immediately after yours. The only action it takes on its turn is the Dodge action, unless you take a bonus action on your turn to command it to take one of the actions in its stat block or to take the Dash, Disengage, Help, or Hide action.

The wildfire spirit manifests for 1 hour, until it is reduced to 0 hit points, or until you use your Wild Shape again.

Wildfire Spirit

Small elemental, any chaotic alignment

Armor Class 13 (natural armor) Hit Points equal to the wildfire spirit’s Constitution modifier + your Wisdom modifier + five times your level in this class Speed 20 ft., fly 30 ft. (hover) STR 10 (+0) DEX 14 (+2) CON 14 (+2) INT 13 (+1) WIS 15 (+2) CHA 11 (+0) Saving Throws Dex +4, Con +4, Wis +4 Skills Nature +4 Damage Immunities fire Condition Immunities charmed, frightened, grappled, prone, restrained Senses darkvision 60 ft., passive Perception 12 Languages understands the languages you speak

Soul Bond. The following numbers increase by 1 when your proficiency bonus increases by 1: the spirit’s skill and saving throw bonuses above, the bonuses to hit and damage of its Flame Seed, and the bonus to damage of its Fiery Teleportation.

Actions (Require Your Bonus Action)

Flame Send. Ranged Weapon Attack: +4, range 30ft., one target you can see. Hit: 1d6 + 2 fire damage.

Fiery Teleportation (Recharges after a Short or Long Rest). The spirit and each willing creature of your choice within 5 feet of it teleport up to 30 feet to unoccupied spaces you can see. Each creature within 10 feet of the space that the spirit left must succeed on a Dexterity saving throw against your spell save DC or take 1d6 + 2 fire damage.",2,Druid,Circle of Wildfire (UA),False,,"Unearthed Arcana 63 - Cleric, Druid, Wizard",druid_features.json
Enhanced Bond,"At 6th level, the bond with your wildfire spirit enhances your destructive and restorative spells. Whenever you cast a spell that deals fire damage or restores hit points while your wildfire spirit is summoned, roll a d8, and you gain a bonus to one roll of the spell equal to the number rolled.

In addition, when you cast a spell with a range other than self, the spell can originate from you or your wildfire spirit.",6,Druid,Circle of Wildfire (UA),False,,"Unearthed Arcana 63 - Cleric, Druid, Wizard",druid_features.json
Flames of Life,"You gain the ability to turn death into flames of vitality. When a Small or larger creature that you can see dies within 30 feet of you or your wildfire spirit, you can use your reaction to cause primal flames to spring from the body. When a creature you can see touches these flames, the creature regains hit points or takes fire damage (your choice) equal to 2d10 + your Wisdom modifier. The flames vanish after a creature has touched them or after 1 minute.

You can use this feature a number of times equal to your Wisdom modifier (minimum of once). You regain all expended uses when you finish a long rest.",3,Druid,Circle of Wildfire (UA),False,,"Unearthed Arcana 63 - Cleric, Druid, Wizard",druid_features.json
Blazing Endurance,"At 14th level,The bond with your wildfire spirit is exceptionally strong, even fatal blows only fuel your defiance. If you drop to 0 hit points and don’t die outright, you drop to 1 hit point instead and gain temporary hit points equal to five times your druid level, and each creature of your choice within 30 feet of you that you can see takes fire damage equal to 2d10 + your druid level.

Once you use this feature, you can’t use it again until you finish a long rest.",14,Druid,Circle of Wildfire (UA),False,1,"Unearthed Arcana 63 - Cleric, Druid, Wizard",druid_features.json
Base Features,"Hit Points:
Hit Dice: 1d10 per fighter level Hit Points at 1st Level: 10 + your Constitution modifier Hit Points at Higher Levels: 1d10 (or 6) + your Constitution modifier per fighter level after 1st

Proficiencies:
Armor: All armor, shields Weapons: Simple weapons, martial weapons Tools: None Saving Throws: Strength, Constitution Skills: Choose two skills from Acrobatics, Animal Handling, Athletics, History, Insight, Intimidation, Perception, and Survival

Equipment:
You start with the following equipment, in addition to the equipment granted by your background:

• (a) chain mail or (b) leather, longbow, and 20 arrows

• (a) a martial weapon and a shield or (b) two martial weapons

• (a) a light crossbow and 20 bolts or (b) two handaxes

• (a) a dungeoneer's pack or (b) an explorer's pack",1,Fighter,,False,,,fighter_features.json
Fighting Style,"You adopt a particular style of fighting as your specialty. Choose one of the following options. You can't take a Fighting Style option more than once, even if you later get to choose again.

• Archery (PHB). You gain a +2 bonus to attack rolls you make with ranged weapons.

• Blind Fighting (TCE). You have blindsight with a range of 10 feet. Within that range, you can effectively see anything that isn't behind total cover, even if you're blinded or in darkness. Moreover, you can see an invisible creature within that range, unless the creature successfully hides from you.

• Defense (PHB). While you are wearing armor, you gain a +1 bonus to AC.

• Dueling (PHB). When you are wielding a melee weapon in one hand and no other weapons, you gain a +2 bonus to damage rolls with that weapon.

• Great Weapon Fighting (PHB). When you roll a 1 or 2 on a damage die for an attack you make with a melee weapon that you are wielding with two hands, you can reroll the die and must use the new roll, even if the new roll is a 1 or a 2. The weapon must have the two-handed or versatile property for you to gain this benefit.

• Interception (TCE). When a creature you can see hits a target, other than you, within 5 feet of you with an attack, you can use your reaction to reduce the damage the target takes by 1d10 + your proficiency bonus (to a minimum of 0 damage). You must be wielding a shield or a simple or martial weapon to use this reaction.

• Protection (PHB). When a creature you can see attacks a target other than you that is within 5 feet of you, you can use your reaction to impose disadvantage on the attack roll. You must be wielding a shield.

• Superior Technique (TCE). You learn one maneuver of your choice from among those available to the Battle Master archetype. If a maneuver you use requires your target to make a saving throw to resist the maneuver's effects, the saving throw DC equals 8 + your proficiency bonus + your Strength or Dexterity modifier (your choice.) You gain one superiority die, which is a d6 (this die is added to any superiority dice you have from another source). This die is used to fuel your maneuvers. A superiority die is expended when you use it. You regain your expended superiority dice when you finish a short or long rest.

• You gain one superiority die, which is a d6 (this die is added to any superiority dice you have from another source). This die is used to fuel your maneuvers. A superiority die is expended when you use it. You regain your expended superiority dice when you finish a short or long rest.

• You gain one superiority die, which is a d6 (this die is added to any superiority dice you have from another source). This die is used to fuel your maneuvers. A superiority die is expended when you use it. You regain your expended superiority dice when you finish a short or long rest.

• Thrown Weapon Fighting (TCE). You can draw a weapon that has the thrown property as part of the attack you make with the weapon. In addition, when you hit with a ranged attack using a thrown weapon, you gain a +2 bonus to the damage roll.

• In addition, when you hit with a ranged attack using a thrown weapon, you gain a +2 bonus to the damage roll.

• In addition, when you hit with a ranged attack using a thrown weapon, you gain a +2 bonus to the damage roll.

• Two-Weapon Fighting (PHB). When you engage in two-weapon fighting, you can add your ability modifier to the damage of the second attack.

• Unarmed Fighting (TCE). Your unarmed strikes can deal bludgeoning damage equal to 1d6 + your Strength modifier on a hit. If you aren't wielding any weapons or a shield when you make the attack roll, the d6 becomes a d8. At the start of each of your turns, you can deal 1d4 bludgeoning damage to one creature grappled by you.

• At the start of each of your turns, you can deal 1d4 bludgeoning damage to one creature grappled by you.

• At the start of each of your turns, you can deal 1d4 bludgeoning damage to one creature grappled by you.

• Close Quarters Shooter (UA). When making a ranged attack while you are within 5 feet of a hostile creature, you do not have disadvantage on the attack roll. Your ranged attacks ignore half cover and three-quarters cover against targets within 30 feet of you. You have a +1 bonus to attack rolls on ranged attacks.

• Mariner (UA). As long as you are not wearing heavy armor or using a shield, you have a swimming speed and a climbing speed equal to your normal speed, and you gain a +1 bonus to armor class.

• Tunnel Fighter (UA). As a bonus action, you can enter a defensive stance that lasts until the start of your next turn. While in your defensive stance, you can make opportunity attacks without using your reaction, and you can use your reaction to make a melee attack against a creature that moves more than 5 feet while within your reach.",1,Fighter,Pick your subclass where you set your class (top left),True,,,fighter_features.json
Second Wind,"You have a limited well of stamina that you can draw on to protect yourself from harm. On your turn, you can use a bonus action to regain hit points equal to 1d10 + your fighter level.

Once you use this feature, you must finish a short or long rest before you can use it again.",1,Fighter,,False,1,,fighter_features.json
Action Surge,"Starting at 2nd level, you can push yourself beyond your normal limits for a moment. On your turn, you can take one additional action.

Once you use this feature, you must finish a short or long rest before you can use it again. Starting at 17th level, you can use it twice before a rest, but only once on the same turn.",2,Fighter,,False,2,,fighter_features.json
Martial Archetype,"At 3rd level, you choose an archetype that you strive to emulate in your combat styles and techniques. The archetype you choose grants you features at 3rd level and again at 7th, 10th, 15th, and 18th level.",3,Fighter,Pick your subclass where you set your class (top left),True,,,fighter_features.json
Martial Versatility,"Whenever you reach a level in this class that grants the Ability Score Improvement feature, you can do one of the following, as you shift the focus of your martial practice:

• Replace a fighting style you know with another fighting style available to fighters.

• If you know any maneuvers from the Battle Master archetype, you can replace one maneuver you know with a different maneuver.",4,Fighter,,False,,,fighter_features.json
Extra Attack,"Beginning at 5th level, you can attack twice, instead of once, whenever you take the Attack action on your turn.

The number of attacks increases to three when you reach 11th level in this class and to four when you reach 20th level in this class.",5,Fighter,,False,,,fighter_features.json
Indomitable,"Beginning at 9th level, you can reroll a saving throw that you fail. If you do so, you must use the new roll, and you can't use this feature again until you finish a long rest.

You can use this feature twice between long rests starting at 13th level and three times between long rests starting at 17th level.",9,Fighter,,False,2,,fighter_features.json
Combat Superiority,"When you choose this archetype at 3rd level, you learn maneuvers that are fueled by special dice called superiority dice.

Maneuvers. You learn three maneuvers of your choice. Many maneuvers enhance an attack in some way. You can use only one maneuver per attack. You learn two additional maneuvers of your choice at 7th, 10th, and 15th level. Each time you learn new maneuvers, you can also replace one maneuver you know with a different one.

Superiority Dice. You have four superiority dice, which are d8s. A superiority die is expended when you use it. You regain all of your expended superiority dice when you finish a short or long rest. You gain another superiority die at 7th level and one more at 15th level.

Saving Throws. Some of your maneuvers require your target to make a saving throw to resist the maneuver's effects. The saving throw DC is calculated as follows:

Maneuver save DC = 8 + your proficiency bonus + your Strength or Dexterity modifier (your choice)",3,Fighter,Battle Master,False,,Player's Handbook,fighter_features.json
Student of War,"At 3rd level, you gain proficiency with one type of artisan's tools of your choice.",3,Fighter,Battle Master,False,,Player's Handbook,fighter_features.json
Know Your Enemy,"Starting at 7th level, if you spend at least 1 minute observing or interacting with another creature outside combat, you can learn certain information about its capabilities compared to your own. The DM tells you if the creature is your equal, superior, or inferior in regard to two of the following characteristics of your choice:

• Strength score

• Dexterity score

• Constitution score

• Armor Class

• Current hit points

• Total class levels, if any

• Fighter class levels, if any",7,Fighter,Battle Master,False,,Player's Handbook,fighter_features.json
Improved Combat Superiority,"At 10th level, your superiority dice turn into d10s. At 18th level, they turn into d12s.",10,Fighter,Battle Master,False,,Player's Handbook,fighter_features.json
Relentless,"Starting at 15th level, when you roll initiative and have no superiority dice remaining, you regain 1 superiority die.",15,Fighter,Battle Master,False,,Player's Handbook,fighter_features.json
Arcane Archer Lore,"At 3rd level, you learn magical theory or some of the secrets of nature – typical for practitioners of of this elven martial tradition. You choose to gain proficiency in either the Arcana or the Nature skill, and you choose to learn either the Prestidigitation or Druidcraft cantrip.",3,Fighter,Arcane Archer,False,,Xanathar's Guide to Everything,fighter_features.json
Arcane Shot,"At 3rd level, you learn to unleash special magical effects with some of your shots. When you gain this feature, you learn two Arcane Shot options of your choice (see ""Arcane Shot Options"" below).

Once per turn when you fire an arrow from a shortbow or longbow as part of the Attack action, you can apply one of your Arcane Shot options to that arrow. You decide to use the option when the arrow hits, unless the option doesn’t involve an attack roll. You have two uses of this ability, and you regain all expended uses of it when you finish a short or long rest.

You gain an additional Arcane Shot option of your choice when you reach certain levels in this class: 7th, 10th, 15th, and 18th level. Each option also improves when you become an 18th-level fighter.",3,Fighter,Arcane Archer,False,,Xanathar's Guide to Everything,fighter_features.json
Magic Arrow,"At 7th level, you gain the ability to infuse arrows with magic. Whenever you fire a nonmagical arrow from a shortbow or longbow, you can make it magical for the purpose of overcoming resistance and immunity to nonmagical attacks and damage. The magic fades from the arrow immediately after it hits or misses its target.",7,Fighter,Arcane Archer,False,,Xanathar's Guide to Everything,fighter_features.json
Curving Shot,"At 7th level, you learn how to direct an errant arrow toward a new target. When you make an attack roll with a magic arrow and miss, you can use a bonus action to reroll the attack roll against a different target within 60 feet of the original target.",7,Fighter,Arcane Archer,False,,Xanathar's Guide to Everything,fighter_features.json
Ever-Ready Shot,"Starting at 15th level, your magical archery is available whenever battle starts. If you roll initiative and have no uses of Arcane Shot remaining, you regain one use of it.",15,Fighter,Arcane Archer,False,,Xanathar's Guide to Everything,fighter_features.json
Arcane Shot Options,"The Arcane Shot feature lets you choose options for it at certain levels. The options are presented here in alphabetical order. They are all magical effects, and each one is associated with one of the schools of magic.

If an option requires a saving throw, your Arcane Shot save DC equals 8 + your proficiency bonus + your Intelligence modifier.

Banishing Arrow. You use abjuration magic to try to temporarily banish your target to a harmless location in the Feywild. The creature hit by the arrow must also succeed on a Charisma saving throw or be banished. While banished in this way, its speed is 0, and it is incapacitated. At the end of its next turn, the target reappears in the space it vacated or in the nearest unoccupied space if that space is occupied.

After you reach 18th level in this class, a target also takes 2d6 force damage when the arrow hits it.

Beguiling Arrow. Your enchantment magic causes this arrow to temporarily beguile its target. The creature hit by the arrow takes an extra 2d6 psychic damage, and choose one of your allies within 30 feet of the target. The target must succeed on a Wisdom saving throw, or it is charmed by the chosen ally until the start of your next turn. This effect ends early if the chosen ally attacks the charmed target, deals damage to it, or forces it to make a saving throw.

The psychic damage increases to 4d6 when you reach 18th level in this class.

Bursting Arrow. You imbue your arrow with force energy drawn from the school of evocation. The arrow detonates after your attack. Immediately after the arrow hits the creature, the target and all other creatures within 10 feet of it take 2d6 force damage each.

The force damage increases to 4d6 when you reach 18th level in this class.

Enfeebling Arrow. You weave necromantic magic into your arrow. The creature hit by the arrow takes an extra 2d6 necrotic damage. The target must also succeed on a Constitution saving throw, or the damage dealt by its weapon attacks is halved until the start of your next turn.

The necrotic damage increases to 4d6 when you reach 18th level in this class.

Grasping Arrow. When this arrow strikes its target, conjuration magic creates grasping, poisonous brambles, which wrap around the target. The creature hit by the arrow takes an extra 2d6 poison damage, its speed is reduced by 10 feet, and it takes 2d6 slashing damage the first time on each turn it moves 1 foot or more without teleporting. The target or any creature that can reach it can use its action to remove the brambles with a successful Strength (Athletics) check against your Arcane Shot save DC. Otherwise, the brambles last for 1 minute or until you use this option again.

The poison damage and slashing damage both increase to 4d6 when you reach 18th level in this class.

Piercing Arrow. You use transmutation magic to give your arrow an ethereal quality. When you use this option, you don’t make an attack roll for the attack. Instead, the arrow fires forward in a line, which is 1 foot wide and 30 feet long, before disappearing. The arrow passes harmlessly through objects, ignoring cover. Each creature in that line must make a Dexterity saving throw. On a failed save, a creature takes damage as if it were hit by the arrow, plus an extra 1d6 piercing damage. On a successful save, a target takes half as much damage.

The piercing damage increases to 2d6 when you reach 18th level in this class.

Seeking Arrow. Using divination magic, you grant your arrow the ability to seek out your target, allowing the arrow to curve and twist its path in search of its prey. When you use this option, you don’t make an attack roll for the attack. Instead, choose one creature you have seen in the past minute. The arrow flies toward that creature, moving around corners if necessary and ignoring three-quarters cover and half cover. If the target is within the weapon’s range and there is a path large enough for the arrow to travel to the target, the target must make a Dexterity saving throw. On a failed save, it takes damage as if it were hit by the arrow, plus an extra 1d6 force damage, and you learn the target’s current location. On a successful save, the target takes half as much damage, and you don’t learn its location.

The force damage increases to 2d6 when you reach 18th level in this class.

Shadow Arrow. You weave illusion magic into your arrow, causing it to occlude your foe’s vision with shadows. The creature hit by the arrow takes an extra 2d6 psychic damage, and it must succeed on a Wisdom saving throw or be unable to see anything farther than 5 feet away until the start of your next turn.

The psychic damage increases to 4d6 when you reach 18th level in this class.",18,Fighter,Arcane Archer,False,,Xanathar's Guide to Everything,fighter_features.json
Rallying Cry,"When you choose this archetype at 3rd level, you learn how to inspire your allies to fight on past their injuries.

When you use your Second Wind feature, you can choose up to three creatures within 60 feet of you that are allied with you. Each one regains hit points equal to your fighter level, provided that the creature can see or hear you.",3,Fighter,Banneret,False,,Sword Coast Adventurer's Guide,fighter_features.json
Royal Envoy,"Knights of high standing are expected to conduct themselves with grace.

At 7th level, you gain proficiency in the Persuasion skill. If you are already proficient in it, you gain proficiency in one of the following skills of your choice: Animal Handling, Insight, Intimidation, or Performance.

Your proficiency bonus is doubled for any ability check you make that uses Persuasion. You receive this benefit regardless of the skill proficiency you gain from this feature.",7,Fighter,Banneret,False,,Sword Coast Adventurer's Guide,fighter_features.json
Inspiring Surge,"Starting at 10th level, when you use your Action Surge feature, you can choose one creature within 60 feet of you that is allied with you. That creature can make one melee or ranged weapon attack with its reaction, provided that it can see or hear you.

Starting at 18th level, you can choose two allies within 60 feet of you, rather than one.",10,Fighter,Banneret,False,,Sword Coast Adventurer's Guide,fighter_features.json
Bulwark,"Beginning at 15th level, you can extend the benefit of your Indomitable feature to an ally. When you decide to use Indomitable to reroll an Intelligence, a Wisdom, or a Charisma saving throw and you aren't incapacitated, you can choose one ally within 60 feet of you that also failed its saving throw against the same effect. If that creature can see or hear you, it can reroll its saving throw and must use the new roll.",15,Fighter,Banneret,False,,Sword Coast Adventurer's Guide,fighter_features.json
Bonus Proficiency,"When you choose this archetype at 3rd level, you gain proficiency in one of the following skills of your choice: Animal Handling, History, Insight, Performance, or Persuasion. Alternatively, you learn one language of your choice.",3,Fighter,Cavalier,False,,Xanathar's Guide to Everything,fighter_features.json
Born to the Saddle,"Starting at 3rd level, your mastery as a rider becomes apparent. You have advantage on saving throws made to avoid falling off your mount. If you fall off your mount and descend no more than 10 feet, you can land on your feet if you’re not incapacitated.

Finally, mounting or dismounting a creature costs you only 5 feet of movement, rather than half your speed.",3,Fighter,Cavalier,False,,Xanathar's Guide to Everything,fighter_features.json
Unwavering Mark,"Starting at 3rd level, you can menace your foes, foiling their attacks and punishing them for harming others. When you hit a creature with a melee weapon attack, you can mark the creature until the end of your next turn. This effect ends early if you are incapacitated or you die, or if someone else marks the creature.

While it is within 5 feet of you, a creature marked by you has disadvantage on any attack roll that doesn't target you.

In addition, if a creature marked by you deals damage to anyone other than you, you can make a special melee weapon attack against the marked creature as a bonus action on your next turn. You have advantage on the attack roll, and if it hits, the attack's weapon deals extra damage to the target equal to half your fighter level.

Regardless of the number of creatures you mark, you can make this special attack a number of times equal to your Strength modifier (a minimum of once), and you regain all expended uses of it when you finish a long rest.",3,Fighter,Cavalier,False,,Xanathar's Guide to Everything,fighter_features.json
Warding Maneuver,"At 7th level, you learn to fend off strikes directed at you, your mount, or other creatures nearby. If you or a creature you can see within 5 feet of you is hit by an attack, you can roll 1d8 as a reaction if you're wielding a melee weapon or a shield. Roll the die, and add the number rolled to the target's AC against that attack. If the attack still hits, the target has resistance against the attack's damage.

You can use this feature a number of times equal to your Constitution modifier (a minimum of once), and you regain all expended uses of it when you finish a long rest.",7,Fighter,Cavalier,False,,Xanathar's Guide to Everything,fighter_features.json
Hold the Line,"At 10th level, you become a master of locking down your enemies. Creatures provoke an opportunity attack from you when they move 5 feet or more while within your reach, and if you hit a creature with an opportunity attack, the target's speed is reduced to 0 until the end of the current turn.",10,Fighter,Cavalier,False,,Xanathar's Guide to Everything,fighter_features.json
Ferocious Charger,"Starting at 15th level, you can run down your foes, whether you're mounted or not. If you move at least 10 feet in a straight line right before attacking a creature and you hit it with the attack, that target must succeed on a Strength saving throw (DC 8 + your proficiency bonus + your Strength modifier) or be knocked prone. You can use this feature only once on each of your turns.",15,Fighter,Cavalier,False,,Xanathar's Guide to Everything,fighter_features.json
Vigilant Defender,"Starting at 18th level, you respond to danger with extraordinary vigilance. In combat, you get a special reaction that you can take once on every creature's turn, except your turn. You can use this special reaction only to make an opportunity attack, and you can't use it on the same turn that you take your normal reaction.",18,Fighter,Cavalier,False,,Xanathar's Guide to Everything,fighter_features.json
Improved Critical,"Beginning when you choose this archetype at 3rd level, your weapon attacks score a critical hit on a roll of 19 or 20.",3,Fighter,Champion,False,,Player's Handbook,fighter_features.json
Remarkable Athlete,"Starting at 7th level, you can add half your proficiency bonus (rounded up) to any Strength, Dexterity, or Constitution check you make that doesn't already use your proficiency bonus.

In addition, when you make a running long jump, the distance you can cover increases by a number of feet equal to your Strength modifier.",7,Fighter,Champion,False,,Player's Handbook,fighter_features.json
Additional Fighting Style,"At 10th level, you can choose a second option from the Fighting Style class feature.",10,Fighter,Champion,False,,Player's Handbook,fighter_features.json
Superior Critical,"Starting at 15th level, your weapon attacks score a critical hit on a roll of 18-20.",15,Fighter,Champion,False,,Player's Handbook,fighter_features.json
Survivor,"At 18th level, you attain the pinnacle of resilience in battle. At the start of each of your turns, you regain hit points equal to 5 + your Constitution modifier if you have no more than half of your hit points left. You don't gain this benefit if you have 0 hit points.",18,Fighter,Champion,False,,Player's Handbook,fighter_features.json
Manifest Echo,"At 3rd level, you can use a bonus action to magically manifest an echo of yourself in an unoccupied space you can see within 15 feet of you. This echo is a magical, translucent, gray image of you that lasts until it is destroyed, until you dismiss it as a bonus action, until you manifest another echo, or until you're incapacitated.

Your echo has AC 14 + your proficiency bonus, 1 hit point, and immunity to all conditions. If it has to make a saving throw, it uses your saving throw bonus for the roll. It is the same size as you, and it occupies its space. On your turn, you can mentally command the echo to move up to 30 feet in any direction (no action required). If your echo is ever more than 30 feet from you at the end of your turn, it is destroyed.

• As a bonus action, you can teleport, magically swapping places with your echo at a cost of 15 feet of your movement, regardless of the distance between the two of you.

• When you take the Attack action on your turn, any attack you make with that action can originate from your space or the echo's space. You make this choice for each attack.

• When a creature that you can see within 5 feet of your echo moves at least 5 feet away from it, you can use your reaction to make an opportunity attack against that creature as if you were in the echo's space.",3,Fighter,Echo Knight,False,,Explorer's Guide to Wildemount,fighter_features.json
Unleash Incarnation,"At 3rd level, you can heighten your echo's fury. Whenever you take the Attack action, you can make one additional melee attack from the echo's position.

You can use this feature a number of times equal to your Constitution modifier (a minimum of once). You regain all expended uses when you finish a long rest.",3,Fighter,Echo Knight,False,,Explorer's Guide to Wildemount,fighter_features.json
Echo Avatar,"Starting at 7th level, you can temporarily transfer your consciousness to your echo. As an action, you can see through your echo's eyes and hear through its ears. During this time, you are deafened and blinded. You can sustain this effect for up to 10 minutes, and you can end it at any time (requires no action). While your echo is being used in this way, it can be up to 1,000 feet away from you without being destroyed.",7,Fighter,Echo Knight,False,,Explorer's Guide to Wildemount,fighter_features.json
Shadow Martyr,"Starting at 10th level, you can make your echo throw itself in front of an attack directed at another creature that you can see. Before the attack roll is made, you can use your reaction to teleport the echo to an unoccupied space within 5 feet of the targeted creature. The attack roll that triggered the reaction is instead made against your echo.

Once you use this feature, you can't use it again until you finish a short or long rest.",10,Fighter,Echo Knight,False,1,Explorer's Guide to Wildemount,fighter_features.json
Reclaim Potential,"By 15th level, you've learned to absorb the fleeting magic of your echo. When an echo of yours is destroyed by taking damage, you can gain a number of temporary hit points equal to 2d6 + your Constitution modifier, provided you don't already have temporary hit points.

You can use this feature a number of times equal to your Constitution modifier (a minimum of once). You regain all expended uses when you finish a long rest.",15,Fighter,Echo Knight,False,,Explorer's Guide to Wildemount,fighter_features.json
Legion of One,"At 18th level, you can use a bonus action to create two echos with your Manifest Echo feature, and these echoes can co-exist. If you try to create a third echo, the previous two echoes are destroyed. Anything you can do from one echo's position can be done from the other's instead.

In addition, when you roll initiative and have no uses of your Unleash Incarnation feature left, you regain one use of that feature.",18,Fighter,Echo Knight,False,,Explorer's Guide to Wildemount,fighter_features.json
Weapon Bond,"At 3rd level, you learn a ritual that creates a magical bond between yourself and one weapon. You perform the ritual over the course of 1 hour, which can be done during a short rest. The weapon must be within your reach throughout the ritual, at the conclusion of which you touch the weapon and forge the bond.

Once you have bonded a weapon to yourself, you can't be disarmed of that weapon unless you are incapacitated. If it is on the same plane of existence, you can summon that weapon as a bonus action on your turn, causing it to teleport instantly to your hand.

You can have up to two bonded weapons, but can summon only one at a time with your bonus action. If you attempt to bond with a third weapon, you must break the bond with one of the other two.",3,Fighter,Eldritch Knight,False,,Player's Handbook,fighter_features.json
War Magic,"Beginning at 7th level, when you use your action to cast a cantrip, you can make one weapon attack as a bonus action.",7,Fighter,Eldritch Knight,False,,Player's Handbook,fighter_features.json
Eldritch Strike,"At 10th level, you learn how to make your weapon strikes undercut a creature's resistance to your spells. When you hit a creature with a weapon attack, that creature has disadvantage on the next saving throw it makes against a spell you cast before the end of your next turn.",10,Fighter,Eldritch Knight,False,,Player's Handbook,fighter_features.json
Arcane Charge,"At 15th level, you gain the ability to teleport up to 30 feet to an unoccupied space you can see when you use your Action Surge. You can teleport before or after the additional action.",15,Fighter,Eldritch Knight,False,,Player's Handbook,fighter_features.json
Improved War Magic,"Starting at 18th level, when you use your action to cast a spell, you can make one weapon attack as a bonus action.",18,Fighter,Eldritch Knight,False,,Player's Handbook,fighter_features.json
Psionic Power,"At 3rd level, you harbor a wellspring of psionic energy within yourself. This energy is represented by your Psionic Energy dice, which are each a d6. You have a number of these dice equal to twice your proficiency bonus, and they fuel various psionic powers you have, which are detailed below.

Some of your powers expend the Psionic Energy die they use, as specified in a power's description, and you can't use a power if it requires you to use a die when your dice are all expended. You regain all your expended Psionic Energy dice when you finish a long rest. In addition, as a bonus action, you can regain one expended Psionic Energy die, but you can't do so again until you finish a short or long rest.

When you reach certain levels in this class, the size of your Psionic Energy dice increases: at 5th level (d8), 11th level (d10), and 17th level (d12).

The powers below use your Psionic Energy dice.

Protective Field. When you or another creature you can see within 30 feet of you takes damage, you can use your reaction to expend one Psionic Energy die, roll the die, and reduce the damage taken by the number rolled plus your Intelligence modifier (minimum reduction of 1), as you create a momentary shield of telekinetic force.

Psionic Strike. You can propel your weapons with psionic force. Once on each of your turns, immediately after you hit a target within 30 feet of you with an attack and deal damage to it with a weapon, you can expend one Psionic Energy die, rolling it and dealing force damage to the target equal to the number rolled plus your Intelligence modifier.

Telekinetic Movement. You can move an object or a creature with your mind. As an action, you target one loose object that is Large or smaller or one willing creature, other than yourself. If you can see the target and it is within 30 feet of you, you can move it up to 30 feet to an unoccupied space you can see. Alternatively, if it is a Tiny object, you can move it to or from your hand. Either way, you can move the target horizontally, vertically, or both. Once you take this action, you can't do so again until you finish a short or long rest, unless you expend a Psionic Energy die to take it again.",3,Fighter,Psi Warrior,False,,Tasha's Cauldron of Everything,fighter_features.json
Telekinetic Adept,"By the 7th level, You have mastered new ways to use your telekinetic abilities, detailed below.

Psi-Powered Leap. As a bonus action, you can propel your body with your mind. You gain a flying speed equal to twice your walking speed until the end of the current turn. Once you take this bonus action, you can't do so again until you finish a short or long rest, unless you expend a Psionic Energy die to take it again.

Telekinetic Thrust. When you deal damage to a target with your Psionic Strike, you can force the target to make a Strength saving throw against a DC equal to 8 + your proficiency bonus + your Intelligence modifier. If the save fails, you can knock the target prone or move it up to 10 feet in any direction horizontally.",7,Fighter,Psi Warrior,False,,Tasha's Cauldron of Everything,fighter_features.json
Guarded Mind,"Starting at 10th level, the psionic energy flowing through you has bolstered your mind. You have resistance to psychic damage. Moreover, if you start your turn charmed or frightened, you can expend a Psionic Energy die and end every effect on yourself subjecting you to those conditions.",10,Fighter,Psi Warrior,False,,Tasha's Cauldron of Everything,fighter_features.json
Bulwark of Force,"At 15th level, you can shield yourself and others with telekinetic force. As a bonus action, you can choose creatures, which can include you, that you can see within 30 feet of you, up to a number of creatures equal to your Intelligence modifier (minimum of one creature). Each of the chosen creatures is protected by half cover for 1 minute or until you're incapacitated.

Once you take this bonus action, you can't do so again until you finish a long rest, unless you expend a Psionic Energy die to take it again.",15,Fighter,Psi Warrior,False,,Tasha's Cauldron of Everything,fighter_features.json
Telekinetic Master,"By 18th level, your ability to move creatures and objects with your mind is matched by few. You can cast the Telekinesis spell, requiring no components, and your spellcasting ability for the spell is Intelligence. On each of your turns while you concentrate on the spell, including the turn when you cast it, you can make one attack with a weapon as a bonus action.

Once you cast the spell with this feature, you can't do so again until you finish a long rest, unless you expend a Psionic Energy die to cast it again.",18,Fighter,Psi Warrior,False,,Tasha's Cauldron of Everything,fighter_features.json
Bonus Proficiencies,"When you choose this archetype at 3rd level, you gain proficiency with smith’s tools, and you learn to speak, read, and write Giant.",3,Fighter,Rune Knight,False,,Tasha's Cauldron of Everything,fighter_features.json
Rune Carver,"Starting at 3rd level, you can use magic runes to enhance your gear. You learn two runes of your choice, from among the runes described below, and each time you gain a level in this class, you can replace one rune you know with a different one from this feature. When you reach certain levels in this class, you learn additional runes, as shown in the Runes Known table.

Whenever you finish a long rest, you can touch a number of objects equal to the number of runes you know, and you inscribe a different rune onto each of the objects. To be eligible, an object must be a weapon, a suit of armor, a shield, a piece of jewelry, or something else you can wear or hold in a hand. Your rune remains on an object until you finish a long rest, and an object can bear only one of your runes at a time.

The following runes are available to you when you learn a rune. If a rune has a level requirement, you must be at least that level in this class to learn the rune. If a rune requires a saving throw, your Rune Magic save DC equals 8 + your proficiency bonus + your Constitution modifier.

• Cloud Rune. This rune emulates the deceptive magic used by some cloud giants. While wearing or carrying an object inscribed with this rune, you have advantage on Dexterity (Sleight of Hand) checks and Charisma (Deception) checks. In addition, when you or a creature you can see within 30 feet of you is hit by an attack roll, you can use your reaction to invoke the rune and choose a different creature within 30 feet of you, other than the attacker. The chosen creature becomes the target of the attack, using the same roll. This magic can transfer the attack's effects regardless of the attack's range. Once you invoke this rune, you can't do so again until you finish a short or long rest.

• In addition, when you or a creature you can see within 30 feet of you is hit by an attack roll, you can use your reaction to invoke the rune and choose a different creature within 30 feet of you, other than the attacker. The chosen creature becomes the target of the attack, using the same roll. This magic can transfer the attack's effects regardless of the attack's range. Once you invoke this rune, you can't do so again until you finish a short or long rest.

• In addition, when you or a creature you can see within 30 feet of you is hit by an attack roll, you can use your reaction to invoke the rune and choose a different creature within 30 feet of you, other than the attacker. The chosen creature becomes the target of the attack, using the same roll. This magic can transfer the attack's effects regardless of the attack's range. Once you invoke this rune, you can't do so again until you finish a short or long rest.

• Fire Rune. This rune's magic channels the masterful craftsmanship of great smiths. While wearing or carrying an object inscribed with this rune, your proficiency bonus is doubled for any ability check you make that uses your proficiency with a tool. In addition, when you hit a creature with an attack using a weapon, you can invoke the rune to summon fiery shackles: the target takes an extra 2d6 fire damage, and it must succeed on a Strength saving throw or be restrained for 1 minute. While restrained by the shackles, the target takes 2d6 fire damage at the start of each of its turns. The target can repeat the saving throw at the end of each of its turns, banishing the shackles on a success. Once you invoke this rune, you can't do so again until you finish a short or long rest.

• In addition, when you hit a creature with an attack using a weapon, you can invoke the rune to summon fiery shackles: the target takes an extra 2d6 fire damage, and it must succeed on a Strength saving throw or be restrained for 1 minute. While restrained by the shackles, the target takes 2d6 fire damage at the start of each of its turns. The target can repeat the saving throw at the end of each of its turns, banishing the shackles on a success. Once you invoke this rune, you can't do so again until you finish a short or long rest.

• In addition, when you hit a creature with an attack using a weapon, you can invoke the rune to summon fiery shackles: the target takes an extra 2d6 fire damage, and it must succeed on a Strength saving throw or be restrained for 1 minute. While restrained by the shackles, the target takes 2d6 fire damage at the start of each of its turns. The target can repeat the saving throw at the end of each of its turns, banishing the shackles on a success. Once you invoke this rune, you can't do so again until you finish a short or long rest.

• Frost Rune. This rune's magic evokes the might of those who survive in the wintry wilderness, such as frost giants. While wearing or carrying an object inscribed with this rune, you have advantage on Wisdom (Animal Handling) checks and Charisma (Intimidation) checks. In addition, you can invoke the rune as a bonus action to increase your sturdiness. For 10 minutes, you gain a +2 bonus to all ability checks and saving throws that use Strength or Constitution. Once you invoke this rune, you can't do so again until you finish a short or long rest.

• In addition, you can invoke the rune as a bonus action to increase your sturdiness. For 10 minutes, you gain a +2 bonus to all ability checks and saving throws that use Strength or Constitution. Once you invoke this rune, you can't do so again until you finish a short or long rest.

• In addition, you can invoke the rune as a bonus action to increase your sturdiness. For 10 minutes, you gain a +2 bonus to all ability checks and saving throws that use Strength or Constitution. Once you invoke this rune, you can't do so again until you finish a short or long rest.

• Stone Rune. This rune's magic channels the judiciousness associated with stone giants. While wearing or carrying an object inscribed with this rune, you have advantage on Wisdom (Insight) checks, and you have darkvision out to a range of 120 feet. In addition, when a creature you can see ends its turn within 30 feet of you, you can use your reaction to invoke the rune and force the creature to make a Wisdom saving throw. Unless the save succeeds, the creature is charmed by you for 1 minute. While charmed in this way, the creature has a speed of 0 and is incapacitated, descending into a dreamy stupor. The creature repeats the saving throw at the end of each of its turns, ending the effect on a success. Once you invoke this rune, you can't do so again until you finish a short or long rest.

• In addition, when a creature you can see ends its turn within 30 feet of you, you can use your reaction to invoke the rune and force the creature to make a Wisdom saving throw. Unless the save succeeds, the creature is charmed by you for 1 minute. While charmed in this way, the creature has a speed of 0 and is incapacitated, descending into a dreamy stupor. The creature repeats the saving throw at the end of each of its turns, ending the effect on a success. Once you invoke this rune, you can't do so again until you finish a short or long rest.

• In addition, when a creature you can see ends its turn within 30 feet of you, you can use your reaction to invoke the rune and force the creature to make a Wisdom saving throw. Unless the save succeeds, the creature is charmed by you for 1 minute. While charmed in this way, the creature has a speed of 0 and is incapacitated, descending into a dreamy stupor. The creature repeats the saving throw at the end of each of its turns, ending the effect on a success. Once you invoke this rune, you can't do so again until you finish a short or long rest.

• Hill Rune (7th Level or Higher). This rune's magic bestows a resilience reminiscent of a hill giant. While wearing or carrying an object that bears this rune, you have advantage on saving throws against being poisoned, and you have resistance against poison damage. In addition, you can invoke the rune as a bonus action, gaining resistance to bludgeoning, piercing, and slashing damage for 1 minute. Once you invoke this rune, you can't do so again until you finish a short or long rest.

• In addition, you can invoke the rune as a bonus action, gaining resistance to bludgeoning, piercing, and slashing damage for 1 minute. Once you invoke this rune, you can't do so again until you finish a short or long rest.

• In addition, you can invoke the rune as a bonus action, gaining resistance to bludgeoning, piercing, and slashing damage for 1 minute. Once you invoke this rune, you can't do so again until you finish a short or long rest.

• Storm Rune (7th Level or Higher). Using this rune, you can glimpse the future like a storm giant seer. While wearing or carrying an object inscribed with this rune, you have advantage on Intelligence (Arcana) checks, and you can't be surprised as long as you aren't incapacitated. In addition, you can invoke the rune as a bonus action to enter a prophetic state for 1 minute or until you're incapacitated. Until the state ends, when you or another creature you can see within 60 feet of you makes an attack roll, a saving throw, or an ability check, you can use your reaction to cause the roll to have advantage or disadvantage. Once you invoke this rune, you can't do so again until you finish a short or long rest.

• In addition, you can invoke the rune as a bonus action to enter a prophetic state for 1 minute or until you're incapacitated. Until the state ends, when you or another creature you can see within 60 feet of you makes an attack roll, a saving throw, or an ability check, you can use your reaction to cause the roll to have advantage or disadvantage. Once you invoke this rune, you can't do so again until you finish a short or long rest.

• In addition, you can invoke the rune as a bonus action to enter a prophetic state for 1 minute or until you're incapacitated. Until the state ends, when you or another creature you can see within 60 feet of you makes an attack roll, a saving throw, or an ability check, you can use your reaction to cause the roll to have advantage or disadvantage. Once you invoke this rune, you can't do so again until you finish a short or long rest.",3,Fighter,Rune Knight,False,,Tasha's Cauldron of Everything,fighter_features.json
Giant's Might,"At 3rd level, you have learned how to imbue yourself with the might of giants. As a bonus action, you magically gain the following benefits, which last for 1 minute:

• If you are smaller than Large, you become Large, along with anything you are wearing. If you lack the room to become Large, your size doesn't change.

• You have advantage on Strength checks and Strength saving throws.

• Once on each of your turns, one of your attacks with a weapon or an unarmed strike can deal an extra 1d6 damage to a target on a hit.

You can use this feature a number of times equal to your proficiency bonus, and you regain all expended uses of it when you finish a long rest.",3,Fighter,Rune Knight,False,,Tasha's Cauldron of Everything,fighter_features.json
Runic Shield,"At 7th level, you learn to invoke your rune magic to protect your allies. When another creature you can see within 60 feet of you is hit by an attack roll, you can use your reaction to force the attacker to reroll the d20 and use the new roll.

You can use this feature a number of times equal to your proficiency bonus, and you regain all expended uses when you finish a long rest.",7,Fighter,Rune Knight,False,,Tasha's Cauldron of Everything,fighter_features.json
Great Stature,"By 10th level, the magic of your runes permanently alters you. When you gain this feature, roll 3d4. You grow a number of inches in height equal to the roll.

Moreover, the extra damage you deal with your Giant's Might feature increases to 1d8.",10,Fighter,Rune Knight,False,,Tasha's Cauldron of Everything,fighter_features.json
Master of Runes,"At 15th level, you can invoke each rune you know from your Rune Carver feature twice, rather than once, and you regain all expended uses when you finish a short or long rest.",15,Fighter,Rune Knight,False,,Tasha's Cauldron of Everything,fighter_features.json
Runic Juggernaut,"At 18th level, you learn how to amplify your rune-powered transformation. As a result, the extra damage you deal with the Giant's Might feature increases to 1d10. Moreover, when you use that feature, your size can increase to Huge, and while you are that size, your reach increases by 5 feet.",18,Fighter,Rune Knight,False,,Tasha's Cauldron of Everything,fighter_features.json
Bonus Proficiency,"When you choose this archetype at 3rd level, you gain proficiency in one of the following skills of your choice: History, Insight, Performance, or Persuasion. Alternatively, you learn one language of your choice.",3,Fighter,Samurai,False,,Xanathar's Guide to Everything,fighter_features.json
Fighting Spirit,"Starting at 3rd level, your intensity in battle can shield you and help you strike true. As a bonus action on your turn, you can give yourself advantage on all weapon attack rolls until the end of the current turn. When you do so, you also gain 5 temporary hit points. The number of hit points increases when you reach certain levels in this class, increasing to 10 at 10th level and 15 at 15th level.

You can use this feature three times. You regain all expended uses of it when you finish a long rest.",3,Fighter,Samurai,False,3,Xanathar's Guide to Everything,fighter_features.json
Elegant Courtier,"Starting at 7th level, your discipline and attention to detail allow you to excel in social situations. Whenever you make a Charisma (Persuasion) check, you gain a bonus to the check equal to your Wisdom modifier.

Your self-control also causes you to gain proficiency in Wisdom saving throws. If you already have this proficiency, you instead gain proficiency in Intelligence or Charisma saving throws (your choice).",7,Fighter,Samurai,False,,Xanathar's Guide to Everything,fighter_features.json
Tireless Spirit,"Starting at 10th level, when you roll initiative and have no uses of Fighting Spirit remaining, you regain one use.",10,Fighter,Samurai,False,,Xanathar's Guide to Everything,fighter_features.json
Rapid Strike,"Starting at 15th level, you learn to trade accuracy for swift strikes. If you take the Attack action on your turn and have advantage on an attack roll against one of the targets, you can forgo the advantage for that roll to make an additional weapon attack against that target, as part of the same action. You can do so no more than once per turn.",15,Fighter,Samurai,False,,Xanathar's Guide to Everything,fighter_features.json
Strength Before Death,"Starting at 18th level, your fighting spirit can delay the grasp of death. If you take damage that reduces you to 0 hit points, you can use your reaction to delay falling unconscious, and you can immediately take an extra turn. While you have 0 hit points during that extra turn, taking damage causes death saving throw failures as normal, and three death saving throw failures can still kill you. When the extra turn ends, you fall unconscious if you still have 0 hit points.

Once you use this feature, you can’t use it again until you finish a long rest.",18,Fighter,Samurai,False,1,Xanathar's Guide to Everything,fighter_features.json
Arcane Arrow,"When you choose this archetype at 3rd level, you learn to channel magic into your attacks with a longbow or shortbow.",3,Fighter,Arcane Archer (UA),False,,Unearthed Arcana 23 - Fighter,fighter_features.json
Arcane Shot,"At 3rd level, you learn to unleash special magical effects with some of your shots. When you gain this feature, you learn two Arcane Shot options of your choice (see ""Arcane Shot Options"" below).

• Create Magic Arrow. As a bonus action on your turn, you can create one magic arrow in your hand. The arrow lasts until the end of the turn or until it hits or misses a target. You can fire the arrow from a shortbow or longbow. The arrow is a magic weapon that deals an additional 2d6 force damage on a hit. You have two uses of this feature, and you regain all expended uses of it when you finish a short or long rest.

• You have two uses of this feature, and you regain all expended uses of it when you finish a short or long rest.

• You have two uses of this feature, and you regain all expended uses of it when you finish a short or long rest.

• Arcane Shot. When you gain this feature, you learn two Arcane Shot options of your choice (see the Arcane Shots section below). Whenever you create a magic arrow with this feature, you can apply the benefits of one of your Arcane Shot options to that arrow. You gain an additional Arcane Shot option of your choice at 7th, 10th, 15th, and 18th level.

• You gain an additional Arcane Shot option of your choice at 7th, 10th, 15th, and 18th level.

• You gain an additional Arcane Shot option of your choice at 7th, 10th, 15th, and 18th level.",3,Fighter,Arcane Archer (UA),False,,Unearthed Arcana 23 - Fighter,fighter_features.json
Archer's Lore,"At 3rd level, you learn a few skills relating to the typical duties of an Arcane Archer. You learn to understand magical theory and develop survival skills for wandering the wilds.

You gain proficiency in two of the following skills of your choice: Arcana, Athletics, Nature, Perception, Stealth, and Survival.",3,Fighter,Arcane Archer (UA),False,,Unearthed Arcana 23 - Fighter,fighter_features.json
Conjure Arrows,"At 7th level, you learn a minor but useful magical trick. As an action, you can conjure 20 non-magical arrows. The arrows appear in your hand or in a container, such as a quiver, on your body. The arrows remain for 10 minutes or until you use this feature again; they then vanish.",7,Fighter,Arcane Archer (UA),False,,Unearthed Arcana 23 - Fighter,fighter_features.json
Ever-Ready Arrow,"Starting at 15th level, you can conjure forth a magic-infused arrow more often than before. One minute after expending your last remaining use of Arcane Arrow, you regain one use of it.",15,Fighter,Arcane Archer (UA),False,,Unearthed Arcana 23 - Fighter,fighter_features.json
Deadly Arrow,"At 18th level, your Arcane Arrow's bonus damage increases to 4d6 force damage.",18,Fighter,Arcane Archer (UA),False,,Unearthed Arcana 23 - Fighter,fighter_features.json
Arcane Shots,"The Arcane Arrow feature lets you choose Arcane Shot options at certain levels. The options are presented here in alphabetical order.

These are all magical effects.

• Beguiling Arrow. Your enchantment magic causes this arrow to temporarily beguile its target. Choose one of your allies within 30 feet of the target. If the arrow hits the target, the target can't attack the chosen ally or include that ally in a harmful area of effect until the end of your next turn. The target ignores this effect if it is immune to the charmed condition. This effect also ends if the chosen ally deals any damage to the target.

• Brute Bane Arrow. You weave necromantic magic into your arrow. If a creature is hit by the arrow, any bludgeoning, piercing, or slashing damage dealt by the creature's attacks is halved until the end of your next turn.

• Bursting Arrow. You imbue your arrow with a blast of force energy drawn from the school of evocation. If you hit a creature with this arrow, each creature within 10 feet of it takes 2d6 force damage.

• Defending Arrow. You use abjuration magic to weave a charm that disrupts your enemy's magic. A creature hit by this arrow suffers disadvantage on the next attack roll it makes before the end of your next turn.

• Grasping Arrow. When this arrow strikes its target, conjuration magic creates grasping, thorny brambles that wrap around the target. The target hit by the arrow takes a –10 penalty to speed, and it takes 2d6 slashing damage if it moves 1 foot or more without teleporting. The target or any creature that can touch it can use its action to try to remove the brambles, which requires a successful DC 10 Strength check. Otherwise, the brambles last for 1 minute.

• Otherwise, the brambles last for 1 minute.

• Otherwise, the brambles last for 1 minute.

• Piercing Arrow. You use transmutation magic to transform your arrow into an ethereal dart that passes through its targets. When you attack with this arrow, it fires forward in a line that is 1 foot wide and 30 feet long. You make a separate attack using your Arcane Arrow against each creature in that line.

• Seeking Arrow. Using divination magic, you grant your arrow the ability to seek out your target, allowing the arrow to curve and twist its path in search of its prey. As an action, choose one creature you have seen in the past minute, and make a ranged attack against it, using the Arcane Arrow. The arrow flies around corners if necessary, and this attack ignores three-quarters cover, half cover, and disadvantage caused by the target being out of sight or being at long range. The attack automatically misses if the target is out of the weapon's range or if there is no path large enough for the arrow to travel to the target. If the arrow hits its target, you know it, but you don't learn the target's location unless it's within your line of sight.

• Shadow Arrow. You weave illusion magic into your arrow, causing it to occlude your foe's vision with grasping shadows. Until the end of your next turn, the target hit by the arrow can't see more than 30 feet away",3,Fighter,Arcane Archer (UA),False,,Unearthed Arcana 23 - Fighter,fighter_features.json
Magic Arrow,"When you choose this archetype at 3rd level, you gain the ability to infuse arrows with magic. Whenever you fire a nonmagical arrow from a shortbow or longbow, you can make it a magic arrow, with a +1 bonus to the attack and damage rolls. The magic fades from the arrow immediately after it hits or misses its target.",3,Fighter,Arcane Archer Revised (UA),False,,Unearthed Arcana 39 - Revised Subclasses,fighter_features.json
Arcane Shot,"At 3rd level, you learn to unleash special magical effects with some of your shots. When you gain this feature, you learn two Arcane Shot options of your choice (see the ""Arcane Shot Options"" section below).

Once per turn when you fire a magic arrow from a shortbow or longbow as part of the Attack action, you can apply one of your Arcane Shot options to that arrow. You decide to use the option when the arrow hits, unless the option doesn't involve an attack roll. You have two uses of this ability, and you regain all expended uses of it when you finish a short or long rest.

You gain an additional Arcane Shot option of your choice when you reach certain levels in this class: 7th, 10th, 15th, and 18th level. Each option also improves when you become an 18th-level fighter.",3,Fighter,Arcane Archer Revised (UA),False,,Unearthed Arcana 39 - Revised Subclasses,fighter_features.json
Arcane Archer's Lore,"At 3rd level, you learn magical theory or some of the secrets of nature—typical for practitioners of this elven martial tradition. You gain proficiency in either the Arcana or the Nature skill.",3,Fighter,Arcane Archer Revised (UA),False,,Unearthed Arcana 39 - Revised Subclasses,fighter_features.json
Curving Shot,"At 7th level, you learn how to direct an errant arrow toward a new target. When you make an attack roll with a magic arrow and miss, you can use a bonus action to reroll the attack rollagainst a different target within 60 feet of the original target.",7,Fighter,Arcane Archer Revised (UA),False,,Unearthed Arcana 39 - Revised Subclasses,fighter_features.json
Ever-Ready Shot,"Starting at 15th level, your magical archery is ever available to you when you need it most. If you roll initiative and have no uses of Arcane Shot remaining, you regain one use of it.",15,Fighter,Arcane Archer Revised (UA),False,,Unearthed Arcana 39 - Revised Subclasses,fighter_features.json
Arcane Shot Options,"The Arcane Shot feature lets you choose options for it at certain levels. The options are presented here in alphabetical order. They are all magical effects, and each one is associated with one of the schools of magic.

If an option requires a saving throw, your Arcane Shot save DC equals 8 + your proficiency bonus + your Intelligence modifier.

• Banishing Arrow. You use abjuration magic to try to temporarily banish your target to a harmless location in the Feywild. If the arrow hits a creature, the target must also succeed on a Charisma saving throw or be banished. While banished in this way, its speed is 0, and it is incapacitated. At the end of its next turn, the target reappears in the space it vacated or in the nearest unoccupied space if that space is occupied. After you reach 18th level in this class, a target also takes 2d6 force damage when the arrow hits it.

• After you reach 18th level in this class, a target also takes 2d6 force damage when the arrow hits it.

• After you reach 18th level in this class, a target also takes 2d6 force damage when the arrow hits it.

• Brute Bane Arrow. You weave necromantic magic into your arrow. If the arrow hits a creature, the target takes an extra 2d6 necrotic damage, and it must make a Constitution saving throw. On a failed save, the damage of the target's attacks is halved until the start of your next turn. The necrotic damage increases to 4d6 when you reach 18th level in this class.

• The necrotic damage increases to 4d6 when you reach 18th level in this class.

• The necrotic damage increases to 4d6 when you reach 18th level in this class.

• Bursting Arrow. You imbue your arrow with a blast of force energy drawn from the school of evocation. If the arrow hits a creature, the target and each creature within 10 feet of it also take2d6 force damage each. The force damage increases to 4d6 when you reach 18th level in this class.

• The force damage increases to 4d6 when you reach 18th level in this class.

• The force damage increases to 4d6 when you reach 18th level in this class.

• Grasping Arrow. When this arrow strikes its target, conjuration magic creates grasping, poisonous brambles, which wrap around the target. If the arrow hits a creature, the target takes an extra 2d6 poison damage, its speed is reduced by 10 feet, and it takes 2d6 slashing damage the first time on each turn it moves 1 foot or more without teleporting. The target or any creature that can reach it can use its action to remove the brambles with a successful Strength (Athletics) check against your Arcane Shot save DC. Otherwise, the brambles last for 1 minute or until you use this option again. The poison and slashing damage both increase to 4d6 when you reach 18th level in this class.

• The poison and slashing damage both increase to 4d6 when you reach 18th level in this class.

• The poison and slashing damage both increase to 4d6 when you reach 18th level in this class.

• Mind-Scrambling Arrow. Your enchantment magic causes this arrow to temporarily beguile its target. Choose one of your allies within 30 feet of the target. If the arrow hits a creature, the target takes an extra 2d6 psychic damage, and it must succeed on a Wisdom saving throw or it can't attack the chosen ally or include that ally in a harmful area of effect until the start of your next turn. This effect ends early if the chosen ally deals any damage to the target. The psychic damage increases to 4d6 when you reach 18th level in this class.

• The psychic damage increases to 4d6 when you reach 18th level in this class.

• The psychic damage increases to 4d6 when you reach 18th level in this class.

• Piercing Arrow. You use transmutation magic to give your arrow an ethereal quality. When you use this option, you don't make an attack roll for the attack. Instead, the arrow fires forward in a line that is 1 foot wide and 30 feet long, before disappearing. The arrow passes harmlessly through objects, ignoring cover. Each creature in that line must make a Dexterity saving throw. On a failed save, a target takes damage as if it were hit by the arrow, plus an extra 1d6 piercing damage. On a successful save, a target takes half as much damage. The piercing damage increases to 2d6 when you reach 18th level in this class.

• The piercing damage increases to 2d6 when you reach 18th level in this class.

• The piercing damage increases to 2d6 when you reach 18th level in this class.

• Seeking Arrow. Using divination magic, you grant your arrow the ability to seek out your target, allowing the arrow to curve and twist its path in search of its prey. When you use this option, you don't make an attack roll for the attack. Instead, choose one creature you have seen in the past minute. The arrow flies toward that creature, moving around corners if necessary and ignoring three-quarters cover and half cover. If the target is within the weapon's range and there is a path large enough for the arrow to travel to the target, the target must make a Dexterity saving throw. On a failed save, it takes damage as if it were hit by the arrow, plus an extra 1d6 force damage, and you learn the target's current location. On a successful save, the target takes half as much damage, and you don't learn its location. The force damage increases to 2d6 when you reach 18th level in this class.

• The force damage increases to 2d6 when you reach 18th level in this class.

• The force damage increases to 2d6 when you reach 18th level in this class.

• Shadow Arrow. You weave illusion magic into your arrow, causing it to occlude your foe's vision with shadows. If the arrow hits a creature, the target takes an extra 2d6 psychic damage, and it must succeed on a Wisdom saving throw or be unable to see anything farther than 5 feet away until the start of your next turn. The psychic damage increases to 4d6 when you reach 18th level in this class

• The psychic damage increases to 4d6 when you reach 18th level in this class

• The psychic damage increases to 4d6 when you reach 18th level in this class",18,Fighter,Arcane Archer Revised (UA),False,,Unearthed Arcana 39 - Revised Subclasses,fighter_features.json
Brute Force,"Starting at 3rd level, you’re able to strike with your weapons with especially brutal force. Whenever you hit with a weapon that you’re proficient with and deal damage, the weapon’s damage increases by an amount based on your level in this class, as shown on the Brute Bonus Damage table.",3,Fighter,Brute,False,,Unearthed Arcana 46 - Three Subclasses,fighter_features.json
Brutish Durability,"Beginning at 7th level, your toughness allows you to shrug off assaults that would devastate others.

Whenever you make a saving throw, roll 1d6 and add the die to your saving throw total. If applying this bonus to a death saving throw increases the total to 20 or higher, you gain the benefits of rolling a 20 on the d20.",7,Fighter,Brute,False,,Unearthed Arcana 46 - Three Subclasses,fighter_features.json
Additional Fighting Style,"At 10th level, you can choose a second option from the Fighting Style class feature.",10,Fighter,Brute,False,,Unearthed Arcana 46 - Three Subclasses,fighter_features.json
Devastating Critical,"Starting at 15th level, when you score a critical hit with a weapon attack, you gain a bonus to that weapon’s damage roll equal to your level in this class.",15,Fighter,Brute,False,,Unearthed Arcana 46 - Three Subclasses,fighter_features.json
Survivor,"At 18th level, you attain the pinnacle of resilience in battle. At the start of each of your turns in combat, you regain hit points equal to 5 + your Constitution modifier (minimum of 1 hit point). You don’t gain this benefit if you have 0 hit points or if you have more than half of your hit points left.",18,Fighter,Brute,False,,Unearthed Arcana 46 - Three Subclasses,fighter_features.json
Bonus Proficiency,"When you choose this archetype at 3rd level, you gain proficiency in one of the following skills of your choice: Animal Handling, History, Insight, Performance, or Persuasion. Alternatively, you learn one language of your choice.",3,Fighter,Cavalier (UA),False,,Unearthed Arcana 40 - Revised Class Options,fighter_features.json
Born to the Saddle,"Starting at 3rd level, your mastery as a rider becomes apparent. You have advantage on saving throws made to avoid falling off your mount. If you fall off your mount and descend no more than 10 feet, you can land on your feet if you're not incapacitated.

Finally, mounting or dismounting a creature costs you only 5 feet of movement, rather than half your speed.",3,Fighter,Cavalier (UA),False,,Unearthed Arcana 40 - Revised Class Options,fighter_features.json
Unwavering Mark,"At 3rd level, you gain a set of combat abilities, referred to as maneuvers, which are fueled by special dice called superiority dice.

Superiority Dice. You have four superiority dice, which are d8s. A superiority die is expended when you use it. You regain all your expended superiority dice when you finish a short or long rest.

You gain another superiority die at 7th level and one more at 15th level.

Maneuvers. You spend your superiority dice on your maneuvers. You can use more than one maneuver per turn, but no more than one maneuver per attack.

You know the following maneuvers:

Control Mount. When you make a Wisdom (Animal Handling) check to influence a creature that you or an ally is riding, you can expend one superiority die, roll it, and add the number rolled to the check. You can do this before or after rolling the d20, but before applying the results of the check.

Precision Attack. When you make a weapon attack against a creature, you can expend one superiority die, roll it, and add it to the attack roll. You can use this ability before or after rolling the d20, but before any of the effects of the attack are applied.

Trip Attack. When you hit a creature with a weapon attack, you can expend one superiority die to attempt to knock the target down. Roll the die, and add it to the attack's damage roll. If the target is Large or smaller, it must also succeed on a Strength saving throw (DC 8 + your proficiency bonus + your Strength modifier) or be knocked prone.

Warding Maneuver. If you or a creature within 5 feet of you is hit by an attack, you can expend one superiority die as a reaction if you're wielding a weapon or a shield. Roll the die, and add the number rolled to the target's AC against that attack. If the attack still hits, the target has resistance against the attack's damage",3,Fighter,Cavalier (UA),False,,Unearthed Arcana 40 - Revised Class Options,fighter_features.json
Ferocious Charger,"At 7th level, you gain additional benefits when you use your Trip Attack maneuver. You can expend up to two superiority dice on it, adding both dice to the damage roll. When you spend two dice in this way, the target has disadvantage on its Strength saving throw to avoid being knocked prone.",7,Fighter,Cavalier (UA),False,,Unearthed Arcana 40 - Revised Class Options,fighter_features.json
Improved Combat Superiority,"At 10th level, your superiority dice turn into d10s. At 18th level, they turn into d12s.",10,Fighter,Cavalier (UA),False,,Unearthed Arcana 40 - Revised Class Options,fighter_features.json
Relentless,"Starting at 15th level, when you roll initiative and have no superiority dice remaining, you regain one superiority die.",15,Fighter,Cavalier (UA),False,,Unearthed Arcana 40 - Revised Class Options,fighter_features.json
Born to the Saddle,"Starting at 3rd level, mounting or dismounting a creature costs you only 5 feet of movement, rather than half your speed. In addition, you have advantage on saving throws made to avoid falling off your mount. If you fall off it, you can automatically land on your feet if you aren’t incapacitated and you fall less than 10 feet.",3,Fighter,Knight,False,,Unearthed Arcana 23 - Fighter,fighter_features.json
Implacable Mark,"At 3rd level, you excel at foiling attacks and protecting your allies by menacing your foes. When you hit a creature with a melee weapon attack, the target is marked by you until the end of your next turn. A creature ignores this effect if the creature can’t be frightened.

The marked target has disadvantage on any attack roll against a creature other than you or someone else who marked it.

If a target marked by you is within 5 feet of you on its turn and it moves at least 1 foot or makes an attack that suffers disadvantage from this feature, you can make one melee weapon attack against it using your reaction. This attack roll has advantage, and if it hits, the attack’s weapon deals extra damage to the target equal to your fighter level.

You can make this special attack even if you have already expended your reaction this round, but not if you have already used your reaction this turn. You can make this attack three times, and you regain all expended uses of it when you finish a short or long rest.",3,Fighter,Knight,False,,Unearthed Arcana 23 - Fighter,fighter_features.json
Noble Cavalry,"At 7th level, you gain proficiency in two of the following skills of your choice: Animal Handling, History, Insight, Persuasion, or Religion. Alternatively, you learn one language of your choice.",7,Fighter,Knight,False,,Unearthed Arcana 23 - Fighter,fighter_features.json
Hold the Line,"At 10th level, you master the ability to harass and slow your enemies. As a reaction when a creature moves at least 1 foot within 5 feet of you, you can make one melee weapon attack against that creature. If you hit, the attack’s weapon deals extra damage to the target equal to half your fighter level, and the target’s speed is reduced to 0 until the end of this turn.",10,Fighter,Knight,False,,Unearthed Arcana 23 - Fighter,fighter_features.json
Rapid Strike,"Starting at 15th level, you learn to trade accuracy for swift strikes. If you have advantage on a weapon attack against a target on your turn, you can forgo that advantage to immediately make an additional weapon attack against the same target as a bonus action.",15,Fighter,Knight,False,,Unearthed Arcana 23 - Fighter,fighter_features.json
Defender's Blade,"At 18th level, you respond to danger with extraordinary vigilance. You can use your reaction for an opportunity attack even if you have already expended your reaction this round, but not if you have already used your reaction this turn. In addition, you gain a +1 bonus to AC while wearing heavy armor.",18,Fighter,Knight,False,,Unearthed Arcana 23 - Fighter,fighter_features.json
Bonus Proficiencies,"When you choose this archetype at 3rd level, you gain proficiency in two of the following skills of your choice: Arcana, History, Insight, Investigation, Nature, or Perception. You can gain proficiency with a tool of your choice in place of one skill choice.",3,Fighter,Monster Hunter,False,,Unearthed Arcana 13 - Gothic Heroes,fighter_features.json
Combat Superiority,"When you choose this archetype at 3rd level, you gain a set of abilities that are fueled by special dice called superiority dice.

Superiority Dice. You have four superiority dice, which are d8s. A superiority die is expended when you use it. You regain all of your expended superiority dice when you finish a short or long rest.

You gain another superiority die at 7th level and one more at 15th level.

Using Superiority Dice. You can expend superiority dice to gain a number of different benefits:

• Precision Attack. When you make a weapon attack against a creature, you can expend one superiority die to add it to the attack roll. You can use this ability before or after making the attack roll, but before any of the effects of the attack are applied.

• Sharpened Attack. When you damage a creature with a weapon attack, you can expend one superiority die to add it to the damage roll. You can use this ability after rolling damage. If the attack causes the target to make a Constitution saving throw to maintain concentration, it has disadvantage on that save.

• Sharpened Senses. When you make a Wisdom (Perception) check to detect a hidden creature or object, or a Wisdom (Insight) check to determine if someone is lying to you, you can expend one superiority die to add it to the roll. You can use this feature after seeing the total but before learning if you succeeded or failed.

• Superior Willpower. When you make an Intelligence, a Wisdom, or a Charisma saving throw, you can expend one superiority die to add it to the roll. You can use this feature only before you learn if the save succeeded or failed.",3,Fighter,Monster Hunter,False,,Unearthed Arcana 13 - Gothic Heroes,fighter_features.json
Hunter's Mysticism,"At 3rd level, your study of the supernatural gives you a limited ability to use magic. You can cast Detect Magic as a ritual. You can cast Protection from Evil and Good, but you cannot cast it again with this feature until you finish a long rest. Wisdom is your spellcasting ability for these spells.

In addition, you gain the ability to speak one of the following languages of your choice: Abyssal, Celestial, or Infernal.",3,Fighter,Monster Hunter,False,,Unearthed Arcana 13 - Gothic Heroes,fighter_features.json
Monster Slayer,"At 7th level, whenever you expend superiority dice to add to a damage roll, you can expend up to two dice instead of just one, adding both to the roll. Both dice are expended as normal. If the target of your attack is an aberration, a fey, a fiend, or an undead, you deal maximum damage with both dice, instead of rolling them.",7,Fighter,Monster Hunter,False,,Unearthed Arcana 13 - Gothic Heroes,fighter_features.json
Improved Combat Superiority,"At 10th level, your superiority dice turn into d10s. At 18th level, they turn into d12s.",10,Fighter,Monster Hunter,False,,Unearthed Arcana 13 - Gothic Heroes,fighter_features.json
Relentless,"Starting at 15th level, when you roll initiative and have no superiority dice remaining, you regain one superiority die.",15,Fighter,Monster Hunter,False,,Unearthed Arcana 13 - Gothic Heroes,fighter_features.json
Psionic Talent,"At 3rd level, you harbor a wellspring of psionic power within yourself, an energy that ebbs and flows as you channel it in various ways. This power is represented by your Psionic Talent die, the starting size of which is a d6.

Changing the Die’s Size. If you roll the highest number on your Psionic Talent die, it decreases by one die size after the roll. This represents you burning through your psionic energy. For example, if the die is a d6 and you roll a 6, it becomes a d4. If it’s a d4 and you roll a 4, it becomes unusable until you finish a long rest.

Conversely, if you roll a 1 on your Psionic Talent die, it increases by one die size after the roll, up to its starting size. This represents you conserving psionic energy for later use. For example, if you roll a 1 on a d4, the die then becomes a d6.

Whenever you finish a long rest, your Psionic Talent die resets to its starting size. When you reach certain levels in this class, the starting size of your Psionic Talent die increases: at 5th level (d8), 11th level (d10), and 17th level (d12).

You can use your Psionic Talent die in the following ways:

Protective Field. When you or another creature you can see within 30 feet of you takes damage, you can use your reaction to roll your Psionic Talent die and reduce the damage taken by the number rolled plus your Intelligence modifier (minimum reduction of 1), as you create a momentary shield of telekinetic force.

Psi-Powered Leap. When you make a high or long jump, you can roll your Psionic Talent die and extend the distance of the jump, up to a number of feet equal to twice the number rolled plus twice your Intelligence modifier (minimum of 1 extra foot). This extra distance costs you only 1 foot of movement.

Telekinetic Strike. You can propel your attacks with telekinetic force. Once on each of your turns, immediately after you deal damage to a target within 30 feet of you with a weapon attack, you can roll your Psionic Talent die and also deal force damage to the target equal to the number rolled.",3,Fighter,Psi Knight,False,,Unearthed Arcana 71 - Psionic Options Revisited,fighter_features.json
Telekinetic Adept,"By the 7th level, you have mastered new ways to use your telekinesis:

Psionic Thrust. When you deal damage to a target with the Telekinetic Strike of your Psionic Talent, you can force the target to make a Strength saving throw against a DC equal to 8 + your proficiency bonus + your Intelligence modifier. Unless the save succeeds, you can knock the target prone or move it up to 10 feet in any direction horizontally.

Telekinetic Movement. If your Psionic Talent die is available, you can move an object or a creature with your mind. As an action, you target one loose object that is Large or smaller or one willing creature, other than yourself. If you can see the target and it is within 30 feet of you, you can move it up to 30 feet to an unoccupied space you can see. Alternatively, if it is a Tiny object, you can move it to or from your hand. Either way, you can move the target horizontally, vertically, or both. When you take this action, your Psionic Talent die decreases by one die size.",7,Fighter,Psi Knight,False,,Unearthed Arcana 71 - Psionic Options Revisited,fighter_features.json
Psi-Enhanced Metabolism,"Starting at 10th level, the psionic energy flowing through you has bolstered your mind and body. You have resistance to poison and psychic damage, and you are immune to the poisoned condition.",10,Fighter,Psi Knight,False,,Unearthed Arcana 71 - Psionic Options Revisited,fighter_features.json
Bulwark of Force,"At 15th level, you can shield yourself and others with telekinetic force. As a bonus action, you can choose creatures, which can include you, that you can see within 30 feet of you, up to a number of creatures equal to your Intelligence modifier (minimum of one creature). Each of the chosen creatures is protected by half cover for 1 minute or until you’re incapacitated.

Once you use this feature, you can’t do so again until you finish a long rest, unless you decrease your Psionic Talent die by one die size to use this feature again.",15,Fighter,Psi Knight,False,,Unearthed Arcana 71 - Psionic Options Revisited,fighter_features.json
Telekinetic Master,"When you reach 18th level, your ability to move creatures and objects with your mind is matched by few. If your Psionic Talent die is available, you can cast the telekinesis spell, requiring no components. Your spellcasting ability for the spell is Intelligence. When you cast this spell, your Psionic Talent die decreases by one die size.",18,Fighter,Psi Knight,False,,Unearthed Arcana 71 - Psionic Options Revisited,fighter_features.json
Telekinetic Hand,"At 3rd level, you learn the Mage Hand cantrip. You can cast it without components, and you can make the spectral hand invisible. Intelligence is your spellcasting ability for this spell.",3,Fighter,Psychic Warrior,False,,"Unearthed Arcana 66 - Fighter, Rogue, Wizard",fighter_features.json
Psionic Armament,"Starting at 3rd level, you can channel your psychic power to magically augment your prowess. When you finish a long rest, choose whether to augment your defenses or your strikes. The chosen benefit lasts until you finish a long rest.

Augmented Defenses. When you or a creature you can see within 30 feet of you takes damage, you can use your reaction to roll a d10 and reduce the amount of damage taken by the number rolled. When you reach 10th level in this class, the die changes to a d12.

Augmented Strikes. Once during each of your turns when you hit a creature with a weapon attack, you can also deal 1d4 psychic damage to that target. When you reach 10th level in this class, the psychic damage increases to 1d6.",3,Fighter,Psychic Warrior,False,,"Unearthed Arcana 66 - Fighter, Rogue, Wizard",fighter_features.json
Strength of Mind,"At 7th level, as a bonus action, you can telekinetically lash out at a creature you can see within 20 feet of you. The target must make a Strength saving throw against a DC equal to 8 + your proficiency modifier + your Intelligence modifier. On a failed save, the target takes force damage equal to 2d6 plus your Intelligence modifier and is telekinetically moved 15 feet directly toward or away from you (your choice). On a successful save, it takes half as much damage and isn't moved.

You can use this feature a number of times equal to your Intelligence modifier (minimum of once), and you regain all expended uses when you finish a long rest.",7,Fighter,Psychic Warrior,False,,"Unearthed Arcana 66 - Fighter, Rogue, Wizard",fighter_features.json
Telekinetic Bulwark,"At 10th level, when you take the Attack action, you can forgo one of your attacks to project a bastion of psionic power in a 10-foot radius around yourself. It lasts for 1 minute or until you're incapacitated. For the duration, you and your allies in that area gain the benefits of half cover and have advantage on Strength saving throws.

Once you use this feature, you can't do so again until you finish a long rest or until after you use your Second Wind feature.",10,Fighter,Psychic Warrior,False,,"Unearthed Arcana 66 - Fighter, Rogue, Wizard",fighter_features.json
Agonizing Strikes,"Starting at 15th level, your attacks can channel psychic agony. When you hit a creature with a weapon attack, you can also deal 2d10 psychic damage to that target and force it to make a Constitution saving throw against a DC equal to 8 + your proficiency bonus + your Intelligence modifier. Unless the save succeeds, the target falls prone, and it suffers disadvantage on ability checks until the end of your next turn.

You can use this feature a number of times equal to your Intelligence modifier (minimum of once), and you regain all expended uses when you finish a long rest.",15,Fighter,Psychic Warrior,False,,"Unearthed Arcana 66 - Fighter, Rogue, Wizard",fighter_features.json
Psychic Dreadnought,"At 18th level, the power of your mind suffuses your entire being, making you a nigh-unstoppable force on the battlefield. Using your reaction when you take damage, you can give yourself the following benefits for 1 minute or until you're incapacitated.

• At the start of each of your turns, you regain 10 hit points.

• Your walking speed increases by 10 feet

• If you're prone, you can stand up by spending 5 feet of movement.

Once you activate this feature, you can't use it again until you finish a long rest.",18,Fighter,Psychic Warrior,False,1,"Unearthed Arcana 66 - Fighter, Rogue, Wizard",fighter_features.json
Bonus Proficiencies,"When you choose this archetype at 3rd level, you gain proficiency with smith’s tools, and you learn to speak, read, and write Giant.",3,Fighter,Rune Knight (UA),False,,"Unearthed Arcana 64 - Fighter, Ranger, Rogue",fighter_features.json
Rune Magic,"Starting at 3rd level, you learn how to use runes to enhance your gear. When you gain this feature, you learn how to inscribe two runes of your choice on weapons, armor, or shields (see “Rune Options”).

Whenever you finish a long rest, you can touch a number of objects equal to the number of runes you know, and you inscribe a different rune onto each of the objects. To be eligible, an object must be a weapon, a suit of armor, or a shield.

Your rune remains on an object until you finish a long rest, and an object can bear only one of your runes. Each time you gain a level in this class, you can replace one rune you know with a different one.

Rune Options

Here are rune options for the Rune Magic feature. They are all magical effects. If a rune requires a saving throw, your Rune Magic save DC equals 8 + your proficiency bonus + your Intelligence modifier.

• Haug (Hill Rune). This rune’s magic bestows a resilience reminiscent of a hill giant. While wearing or carrying an object inscribed with this rune, you have advantage on saving throws against being poisoned, and you have resistance against poison damage. In addition, you can invoke the rune as a bonus action, gaining resistance to bludgeoning, piercing, and slashing damage for 1 minute. Once you invoke the rune, you can’t do so again until you finish a short or long rest.

• In addition, you can invoke the rune as a bonus action, gaining resistance to bludgeoning, piercing, and slashing damage for 1 minute. Once you invoke the rune, you can’t do so again until you finish a short or long rest.

• In addition, you can invoke the rune as a bonus action, gaining resistance to bludgeoning, piercing, and slashing damage for 1 minute. Once you invoke the rune, you can’t do so again until you finish a short or long rest.

• Ild (Fire Rune). This rune’s magic channels the masterful craftsmanship of fire giant smiths. While wearing or carrying an object inscribed with this rune, your proficiency bonus is doubled for any ability check you make that uses your proficiency with a tool. In addition, when you hit a creature with a weapon attack, you can invoke the rune to summon fiery shackles: the target must succeed on a Strength saving throw or be restrained for 1 minute. While restrained by the shackles, the target takes 2d6 fire damage at the start of each of its turns. The target can repeat the saving throw at the end of each of its turns, banishing the shackles on a success. Once you invoke the rune, you can’t do so again until you finish a short or long rest.

• In addition, when you hit a creature with a weapon attack, you can invoke the rune to summon fiery shackles: the target must succeed on a Strength saving throw or be restrained for 1 minute. While restrained by the shackles, the target takes 2d6 fire damage at the start of each of its turns. The target can repeat the saving throw at the end of each of its turns, banishing the shackles on a success. Once you invoke the rune, you can’t do so again until you finish a short or long rest.

• In addition, when you hit a creature with a weapon attack, you can invoke the rune to summon fiery shackles: the target must succeed on a Strength saving throw or be restrained for 1 minute. While restrained by the shackles, the target takes 2d6 fire damage at the start of each of its turns. The target can repeat the saving throw at the end of each of its turns, banishing the shackles on a success. Once you invoke the rune, you can’t do so again until you finish a short or long rest.

• Ise (Frost Rune). This rune’s magic evokes a frost giant’s stoic calm. While wearing or carrying an object inscribed with this rune, you have advantage on Wisdom (Animal Handling) checks and Charisma (Intimidation) checks. In addition, you can invoke the rune as a bonus action to increase your Strength score by 2 for 10 minutes. This increase can cause your score to exceed 20, but not 30. Once you invoke the rune, you can’t do so again until you finish a short or long rest.

• In addition, you can invoke the rune as a bonus action to increase your Strength score by 2 for 10 minutes. This increase can cause your score to exceed 20, but not 30. Once you invoke the rune, you can’t do so again until you finish a short or long rest.

• In addition, you can invoke the rune as a bonus action to increase your Strength score by 2 for 10 minutes. This increase can cause your score to exceed 20, but not 30. Once you invoke the rune, you can’t do so again until you finish a short or long rest.

• Skye (Cloud Rune). This rune’s magic emulates the deceptiveness of a cloud giant. While wearing or carrying an object inscribed with this rune, you have advantage on Dexterity (Sleight of Hand) checks and Charisma (Deception) checks. In addition, when you or a creature you can see within 30 feet of you is hit by an attack roll, you can use your reaction to invoke the rune and cause that attack to target a different creature within 30 feet of you (other than the attacker), using the same roll. This magic can transfer the attack regardless of the attack’s range. Once you invoke the rune, you can’t do so again until you finish a short or long rest.

• In addition, when you or a creature you can see within 30 feet of you is hit by an attack roll, you can use your reaction to invoke the rune and cause that attack to target a different creature within 30 feet of you (other than the attacker), using the same roll. This magic can transfer the attack regardless of the attack’s range. Once you invoke the rune, you can’t do so again until you finish a short or long rest.

• In addition, when you or a creature you can see within 30 feet of you is hit by an attack roll, you can use your reaction to invoke the rune and cause that attack to target a different creature within 30 feet of you (other than the attacker), using the same roll. This magic can transfer the attack regardless of the attack’s range. Once you invoke the rune, you can’t do so again until you finish a short or long rest.

• Stein (Stone Rune). This rune’s magic channels the insightfulness of a stone giant. While wearing or carrying an object inscribed with this rune, you have advantage on Wisdom (Insight) checks, and you have darkvision out to a range of 60 feet. If you already have darkvision, its range increases by 30 feet. In addition, when a creature you can see ends its turn within 30 feet of you, you can use your reaction to invoke the rune and force the creature to make a Wisdom saving throw. Unless the save succeeds, the creature is charmed by you for 1 minute. While charmed in this way, the creature has a speed of 0 and is incapacitated, descending into a dreamy stupor. The effect ends if the charmed creature takes any damage or if someone else uses an action to shake the creature out of its haze. Once you invoke the rune, you can’t do so again until you finish a short or long rest.

• In addition, when a creature you can see ends its turn within 30 feet of you, you can use your reaction to invoke the rune and force the creature to make a Wisdom saving throw. Unless the save succeeds, the creature is charmed by you for 1 minute. While charmed in this way, the creature has a speed of 0 and is incapacitated, descending into a dreamy stupor. The effect ends if the charmed creature takes any damage or if someone else uses an action to shake the creature out of its haze. Once you invoke the rune, you can’t do so again until you finish a short or long rest.

• In addition, when a creature you can see ends its turn within 30 feet of you, you can use your reaction to invoke the rune and force the creature to make a Wisdom saving throw. Unless the save succeeds, the creature is charmed by you for 1 minute. While charmed in this way, the creature has a speed of 0 and is incapacitated, descending into a dreamy stupor. The effect ends if the charmed creature takes any damage or if someone else uses an action to shake the creature out of its haze. Once you invoke the rune, you can’t do so again until you finish a short or long rest.

• Uvar (Storm Rune). Using this rune, you can glimpse the future like a storm giant. While wearing or carrying an object inscribed with this rune, you have advantage on Intelligence (Arcana) checks, and you can’t be surprised as long as you are not incapacitated. In addition, you can invoke the rune as a bonus action to enter a prophetic state for 1 minute or until you’re incapacitated. Until the state ends, when you or another creature you can see within 60 feet of you makes an attack roll, a saving throw, or an ability check, you can use your reaction to cause the roll to have advantage or disadvantage. Once you invoke the rune, you can’t do so again until you finish a short or long rest.

• In addition, you can invoke the rune as a bonus action to enter a prophetic state for 1 minute or until you’re incapacitated. Until the state ends, when you or another creature you can see within 60 feet of you makes an attack roll, a saving throw, or an ability check, you can use your reaction to cause the roll to have advantage or disadvantage. Once you invoke the rune, you can’t do so again until you finish a short or long rest.

• In addition, you can invoke the rune as a bonus action to enter a prophetic state for 1 minute or until you’re incapacitated. Until the state ends, when you or another creature you can see within 60 feet of you makes an attack roll, a saving throw, or an ability check, you can use your reaction to cause the roll to have advantage or disadvantage. Once you invoke the rune, you can’t do so again until you finish a short or long rest.",3,Fighter,Rune Knight (UA),False,,"Unearthed Arcana 64 - Fighter, Ranger, Rogue",fighter_features.json
Giant Might,"At 3rd level, you can imbue yourself with the might of giants. As a bonus action, you magically gain the following benefits, which last for 1 minute:

• If you are smaller than Large, you become Large, along with anything you are wearing. If you lack the room to become Large, your size doesn’t change.

• You have advantage on Strength checks and Strength saving throws.

• Your weapon attacks deal an extra 1d6 damage.

You can use this feature twice, and you regain all expended uses of it when you finish a long rest.",3,Fighter,Rune Knight (UA),False,2,"Unearthed Arcana 64 - Fighter, Ranger, Rogue",fighter_features.json
Defensive Runes,"At 7th level, you learn to invoke your rune magic to protect your allies. When another creature you can see within 60 feet of you is hit by an attack roll, you can use your reaction to grant a bonus to the creature’s AC against that attack. The bonus equals 1 + your Intelligence modifier (minimum of +2).

In addition, you learn one new rune of your choice from the Rune Magic feature (for a total of three).

By 10th level the magic of your runes permanently alters you. When you gain this feature, roll 3d4. You grow a number of inches in height equal to the roll. Moreover, the extra damage you deal with your Giant Might feature increases to 1d8. In addition, you learn one new rune of your choice from your Rune Magic feature (for a total of four).

At 15th level, you can invoke each rune you know from your Rune Magic feature twice, rather than once, and you regain all expended uses when you finish a short or long rest.

In addition, you learn one new rune of your choice from the Rune Magic feature (for a total of five).",7,Fighter,Rune Knight (UA),False,,"Unearthed Arcana 64 - Fighter, Ranger, Rogue",fighter_features.json
Blessing of the All Father,"At 18th level, you learn how to share your rune magic with your allies. When you use your Giant Might feature, you can choose one willing creature you can see within 60 feet of you. The chosen creature also gains the benefits of your Giant Might feature.",18,Fighter,Rune Knight (UA),False,,"Unearthed Arcana 64 - Fighter, Ranger, Rogue",fighter_features.json
Bonus Proficiency,"When you choose this archetype at 3rd level, you gain proficiency in one of the following skills of your choice: History, Insight, Performance, or Persuasion. Alternatively, you learn one language of your choice.",3,Fighter,Samurai (UA),False,,Unearthed Arcana 23 - Fighter,fighter_features.json
Fighting Spirit,"Starting at 3rd level, the might of your willpower can shield you and help you strike true. As a bonus action on your turn, you can give yourself two benefits: advantage on all attack rolls and resistance to bludgeoning, piercing, and slashing damage. These benefits last until the end of your next turn.

You can use this feature three times. You regain all expended uses of it when you finish a short or long rest.",3,Fighter,Samurai (UA),False,3,Unearthed Arcana 23 - Fighter,fighter_features.json
Elegant Courtier,"Starting at 7th level, your discipline and attention to detail allow you to excel in social situations that require strict adherence to etiquette. You can add your Wisdom modifier to any Charisma check you make to persuade or please a noble or anyone else of high social station.

You also gain proficiency in the History, Insight, or Persuasion skill (choose one). Alternatively, you learn one language of your choice.",7,Fighter,Samurai (UA),False,,Unearthed Arcana 23 - Fighter,fighter_features.json
Tireless Spirit,"At 10th level, your superior willpower allows you to shrug off mind-assaulting effects. You gain proficiency in Wisdom saving throws. If you already have this proficiency, you gain proficiency in Intelligence or Charisma saving throws (choose one).",10,Fighter,Samurai (UA),False,,Unearthed Arcana 23 - Fighter,fighter_features.json
Rapid Strike,"Starting at 15th level, you learn to trade accuracy for swift strikes. If you have advantage on a weapon attack against a target on your turn, you can forgo that advantage to immediately make an additional weapon attack against the same target as a bonus action.",15,Fighter,Samurai (UA),False,,Unearthed Arcana 23 - Fighter,fighter_features.json
Strength Before Death,"Starting at 18th level, your fighting spirit can delay the grasp of death. If you take damage that would reduce you to 0 hit points, you can delay that damage and immediately take a bonus turn, interrupting the current turn. You don't take the damage until the bonus turn ends. It is possible to do things, such as gaining resistance, that change how much of that damage you take.

Once you use this feature, you can’t use it again until you finish a long rest.",18,Fighter,Samurai (UA),False,1,Unearthed Arcana 23 - Fighter,fighter_features.json
Bonus Proficiencies,"When you choose this archetype at 3rd level, you gain proficiency in three of the following skills of your choice: Acrobatics, Athletics, Investigation, Medicine, Nature, Perception, Stealth, or Survival. You can choose to gain proficiency with thieves’ tools in place of one skill choice.",3,Fighter,Scout,False,,Unearthed Arcana 12 - Kits of Old,fighter_features.json
Combat Superiority,"At 3rd level, you gain a set of abilities that are fueled by special dice called superiority dice.

Superiority Dice. You have four superiority dice, which are d8s. A superiority die is expended when you use it. You regain all of your expended superiority dice when you finish a long or short rest.

You gain another superiority die at 7th level and one more at 15th level.

Using Superiority Dice. You can expend superiority dice to gain a number of different benefits:

• Survival Superiority. When you make a check that allows you to apply your proficiency in Athletics, Nature, Perception, Stealth, or Survival, you can expend one superiority die to bolster the check. Add half the number rolled on the superiority die (rounding up) to your check. You apply this bonus after making the check but before learning if it was successful.

• Precision Attack. When you make a weapon attack against a creature, you can expend one superiority die to add it to the attack roll. You can use this ability before or after making the attack roll, but before any of the effects of the attack are applied.

• Scout’s Evasion. If you are hit by an attack while wearing light or medium armor, you can expend one superiority die as a reaction, adding the number rolled to your AC. If the attack still hits, you take half damage from it.",3,Fighter,Scout,False,,Unearthed Arcana 12 - Kits of Old,fighter_features.json
Improved Combat Superiority,"At 10th level, your superiority dice turn into d10s. At 18th level, they turn into d12s.",10,Fighter,Scout,False,,Unearthed Arcana 12 - Kits of Old,fighter_features.json
Relentless,"Starting at 15th level, when you roll initiative and have no superiority dice remaining, you regain 1 superiority die.",15,Fighter,Scout,False,,Unearthed Arcana 12 - Kits of Old,fighter_features.json
Steady Aim,"Beginning when you choose this archetype at 3rd level, your aim becomes deadly. As a bonus action on your turn, you can take careful aim at a creature you can see that is within range of a ranged weapon you’re wielding. Until the end of this turn, your ranged attacks with that weapon gain two benefits against the target:

• The attacks ignore half and three-quarters cover.

• On each hit, the weapon deals additional damage to the target equal to 2 + half your fighter level.

You can use this feature three times. You regain all expended uses of it when you finish a short or long rest.",3,Fighter,Sharpshooter,False,3,Unearthed Arcana 23 - Fighter,fighter_features.json
Careful Eyes,"Starting at 7th level, you excel at picking out hidden enemies and other threats. You can take the Search action as a bonus action.

You also gain proficiency in the Perception, Investigation, or Survival skill (choose one).",7,Fighter,Sharpshooter,False,,Unearthed Arcana 23 - Fighter,fighter_features.json
Close-Quarters Shooting,"At 10th level, you learn to handle yourself in close combat. Making a ranged attack roll while within 5 feet of an enemy doesn’t impose disadvantage on your roll.

In addition, if you hit a creature within 5 feet of you with a ranged attack on your turn, that creature can’t take reactions until the end of this turn.",10,Fighter,Sharpshooter,False,,Unearthed Arcana 23 - Fighter,fighter_features.json
Rapid Strike,"Starting at 15th level, you learn to trade accuracy for swift strikes. If you have advantage on a weapon attack against a target on your turn, you can forgo that advantage to immediately make an additional weapon attack against the same target as a bonus action.",15,Fighter,Sharpshooter,False,,Unearthed Arcana 23 - Fighter,fighter_features.json
Snap Shot,"Starting at 18th level, you are ever ready to spring into action. If you take the Attack action on your first turn of a combat, you can make one additional ranged weapon attack as part of that action.",18,Fighter,Sharpshooter,False,,Unearthed Arcana 23 - Fighter,fighter_features.json
Base Features,"Hit Points:
Hit Dice: 1d8 per monk level Hit Points at 1st Level: 8 + your Constitution modifier Hit Points at Higher Levels: 1d8 (or 5) + your Constitution modifier per monk level after 1st

Proficiencies:
Armor: None Weapons: Simple weapons, shortswords Tools: Choose one type of artisan's tools or one musical instrument Saving Throws: Strength, Dexterity Skills: Choose two from Acrobatics, Athletics, History, Insight, Religion, and Stealth

Equipment:
You start with the following equipment, in addition to the equipment granted by your background:

• (a) a shortsword or (b) any simple weapon

• (a) a dungeoneer's pack or (b) an explorer's pack

• 10 darts",1,Monk,,False,,,monk_features.json
Unarmored Defense,"Beginning at 1st level, while you are wearing no armor and not wielding a shield, your AC equals 10 + your Dexterity modifier + your Wisdom modifier.",1,Monk,,False,,,monk_features.json
Martial Arts,"At 1st level, your practice of martial arts gives you mastery of combat styles that use unarmed strikes and monk weapons, which are shortswords and any simple melee weapons that don't have the two-handed or heavy property.

You gain the following benefits while you are unarmed or wielding only monk weapons and you aren't wearing armor or wielding a shield:

• You can use Dexterity instead of Strength for the attack and damage rolls of your unarmed strikes and monk weapons.

• You can roll a d4 in place of the normal damage of your unarmed strike or monk weapon. This die changes as you gain monk levels, as shown in the Martial Arts column of the Monk table.

• When you use the Attack action with an unarmed strike or a monk weapon on your turn, you can make one unarmed strike as a bonus action. For example, if you take the Attack action and attack with a quarterstaff, you can also make an unarmed strike as a bonus action, assuming you haven't already taken a bonus action this turn.

Certain monasteries use specialized forms of the monk weapons. For example, you might use a club that is two lengths of wood connected by a short chain (called a nunchaku) or a sickle with a shorter, straighter blade (called a kama). Whatever name you use for a monk weapon, you can use the game statistics provided for the weapon on the Weapons page.",1,Monk,,False,,,monk_features.json
Ki,"Starting at 2nd level, your training allows you to harness the mystic energy of ki. Your access to this energy is represented by a number of ki points. Your monk level determines the number of points you have, as shown in the Ki Points column of the Monk table.

You can spend these points to fuel various ki features. You start knowing three such features: Flurry of Blows, Patient Defense, and Step of the Wind. You learn more ki features as you gain levels in this class.

When you spend a ki point, it is unavailable until you finish a short or long rest, at the end of which you draw all of your expended ki back into yourself. You must spend at least 30 minutes of the rest meditating to regain your ki points.

Some of your ki features require your target to make a saving throw to resist the feature's effects. The saving throw DC is calculated as follows:

Ki save DC = 8 + your proficiency bonus + your Wisdom modifier

• Flurry of Blows. Immediately after you take the Attack action on your turn, you can spend 1 ki point to make two unarmed strikes as a bonus action.

• Patient Defense. You can spend 1 ki point to take the Dodge action as a bonus action on your turn.

• Step of the Wind. You can spend 1 ki point to take the Disengage or Dash action as a bonus action on your turn, and your jump distance is doubled for the turn.",2,Monk,,False,,,monk_features.json
Unarmored Movement,"Starting at 2nd level, your speed increases by 10 feet while you are not wearing armor or wielding a shield. This bonus increases when you reach certain monk levels, as shown in the Monk table.

At 9th level, you gain the ability to move along vertical surfaces and across liquids on your turn without falling during the move.",2,Monk,,False,,,monk_features.json
Dedicated Weapon,"Also at 2nd level, you train yourself to use a variety of weapons as monk weapons, not just simple melee weapons and shortswords. Whenever you finish a short or long rest, you can touch one weapon, focus your ki on it, and then count that weapon as a monk weapon until you use this feature again.

The chosen weapon must meet these criteria:

• The weapon must be a simple or martial weapon.

• You must be proficient with it.

• It must lack the heavy and special properties.",2,Monk,,False,,,monk_features.json
Monastic Tradition,"When you reach 3rd level, you commit yourself to a monastic tradition. Your tradition grants you features at 3rd level and again at 6th, 11th, and 17th level.",3,Monk,,False,,,monk_features.json
Deflect Missiles,"Starting at 3rd level, you can use your reaction to deflect or catch the missile when you are hit by a ranged weapon attack. When you do so, the damage you take from the attack is reduced by 1d10 + your Dexterity modifier + your monk level.

If you reduce the damage to 0, you can catch the missile if it is small enough for you to hold in one hand and you have at least one hand free. If you catch a missile in this way, you can spend 1 ki point to make a ranged attack with a range of 20/60 using the weapon or piece of ammunition you just caught, as part of the same reaction. You make this attack with proficiency, regardless of your weapon proficiencies, and the missile counts as a monk weapon for the attack.",3,Monk,,False,,,monk_features.json
Ki-Fueled Attack,"Also at 3rd level, if you spend 1 ki point or more as part of your action on your turn, you can make one attack with an unarmed strike or a monk weapon as a bonus action before the end of the turn.",3,Monk,,False,,,monk_features.json
Slow Fall,"Beginning at 4th level, you can use your reaction when you fall to reduce any falling damage you take by an amount equal to five times your monk level.",4,Monk,,False,,,monk_features.json
Quickened Healing,"Also at 4th level, as an action, you can spend 2 ki points and roll a Martial Arts die. You regain a number of hit points equal to the number rolled plus your proficiency bonus.",4,Monk,,False,,,monk_features.json
Stunning Strike,"Starting at 5th level, you can interfere with the flow of ki in an opponent's body. When you hit another creature with a melee weapon attack, you can spend 1 ki point to attempt a stunning strike. The target must succeed on a Constitution saving throw or be stunned until the end of your next turn.",5,Monk,,False,,,monk_features.json
Focused Aim,"Also at 5th level, when you miss with an attack roll, you can spend 1 to 3 ki points to increase your attack roll by 2 for each of these ki points you spend, potentially turning the miss into a hit.",5,Monk,,False,,,monk_features.json
Ki-Empowered Strikes,"Starting at 6th level, your unarmed strikes count as magical for the purpose of overcoming resistance and immunity to nonmagical attacks and damage.",6,Monk,,False,,,monk_features.json
Evasion,"At 7th level, your instinctive agility lets you dodge out of the way of certain area effects, such as a blue dragon's lightning breath or a fireball spell. When you are subjected to an effect that allows you to make a Dexterity saving throw to take only half damage, you instead take no damage if you succeed on the saving throw, and only half damage if you fail.",7,Monk,,False,,,monk_features.json
Stillness of Mind,"Starting at 7th level, you can use your action to end one effect on yourself that is causing you to be charmed or frightened.",7,Monk,,False,,,monk_features.json
Purity of Body,"At 10th level, your mastery of the ki flowing through you makes you immune to disease and poison.",10,Monk,,False,,,monk_features.json
Tongue of the Sun and Moon,"Starting at 13th level, you learn to touch the ki of other minds so that you understand all spoken languages. Moreover, any creature that can understand a language can understand what you say.",13,Monk,,False,,,monk_features.json
Diamond Soul,"Beginning at 14th level, your mastery of ki grants you proficiency in all saving throws.

Additionally, whenever you make a saving throw and fail, you can spend 1 ki point to reroll it and take the second result.",14,Monk,,False,,,monk_features.json
Timeless Body,"At 15th level, your ki sustains you so that you suffer none of the frailty of old age, and you can't be aged magically. You can still die of old age, however. In addition, you no longer need food or water.",15,Monk,,False,,,monk_features.json
Empty Body,"Beginning at 18th level, you can use your action to spend 4 ki points to become invisible for 1 minute. During that time, you also have resistance to all damage but force damage.

Additionally, you can spend 8 ki points to cast the astral projection spell, without needing material components. When you do so, you can't take any other creatures with you.",18,Monk,,False,,,monk_features.json
Perfect Self,"At 20th level, when you roll for initiative and have no ki points remaining, you regain 4 ki points.",20,Monk,,False,,,monk_features.json
Arms of the Astral Self,"At 3rd level, your mastery of your ki allows you to summon a portion of your astral self. As a bonus action, you can spend 1 ki point to summon the arms of your astral self. When you do so, each creature of your choice that you can see within 10 feet of you must succeed on a Dexterity saving throw or take force damage equal to two rolls of your Martial Arts die.

For 10 minutes, these spectral arms hover near your shoulders or surround your arms (your choice). You determine the arms' appearance, and they vanish early if you are incapacitated or die.

While the spectral arms are present, you gain the following benefits:

• You can use your Wisdom modifier in place of your Strength modifier when making Strength checks and Strength saving throws.

• You can use the spectral arms to make unarmed strikes.

• When you make an unarmed strike with the arms on your turn, your reach for it is 5 feet greater than normal.

• The unarmed strikes you make with the arms can use your Wisdom modifier in place of your Strength or Dexterity modifier for the attack and damage rolls, and their damage type is force.",3,Monk,Way of the Astral Self,False,,Tasha's Cauldron of Everything,monk_features.json
Visage of the Astral Self,"When you reach 6th level, you can summon the visage of your astral self. As a bonus action, or as part of the bonus action you take to activate Arms of the Astral Self, you can spend 1 ki point to summon this visage for 10 minutes. It vanishes early if you are incapacitated or die.

The spectral visage covers your face like a helmet or mask. You determine its appearance.

While the spectral visage is present, you gain the following benefits.

Astral Sight. You can see normally in darkness, both magical and nonmagical, to a distance of 120 feet.

Wisdom of the Spirit. You have advantage on Wisdom (Insight) and Charisma (Intimidation) checks.

Word of the Spirit. When you speak, you can direct your words to a creature of your choice that you can see within 60 feet of you, making it so only that creature can hear you. Alternatively, you can amplify your voice so that all creatures within 600 feet can hear you.",6,Monk,Way of the Astral Self,False,,Tasha's Cauldron of Everything,monk_features.json
Body of the Astral Self,"Starting at 11th level, when you have both your astral arms and visage summoned, you can cause the body of your astral self to appear (no action required). This spectral body covers your physical form like a suit of armor, connecting with the arms and visage. You determine its appearance.

While the spectral body is present, you gain the following benefits.

Deflect Energy. When you take acid, cold, fire, force, lightning, or thunder damage, you can use your reaction to deflect it. When you do so, the damage you take is reduced by 1d10 + your Wisdom modifier (minimum reduction of 1).

Empowered Arms. Once on each of your turns when you hit a target with the Arms of the Astral Self, you can deal extra damage to the target equal to your Martial Arts die.",11,Monk,Way of the Astral Self,False,,Tasha's Cauldron of Everything,monk_features.json
Awakened Astral Self,"Starting at 17th level, your connection to your astral self is complete, allowing you to unleash its full potential. As a bonus action, you can spend 5 ki points to summon the arms, visage, and body of your astral self and awaken it for 10 minutes. This awakening ends early if you are incapacitated or die.

While your astral self is awakened, you gain the following benefits.

Armor of the Spirit. You gain a +2 bonus to Armor Class.

Astral Barrage. Whenever you use the Extra Attack feature to attack twice, you can instead attack three times if all the attacks are made with your astral arms.",17,Monk,Way of the Astral Self,False,,Tasha's Cauldron of Everything,monk_features.json
Draconic Disciple,"At 3rd level, you can channel draconic power to magnify your presence and imbue your unarmed strikes with the essence of a dragon’s breath. You gain the following benefits:

• Draconic Presence. If you fail a Charisma (Intimidation) or Charisma (Persuasion) check, you can use your reaction to reroll the check, as you tap into the mighty presence of dragons. Once this feature turns a failure into a success, you can’t use it again until you finish a long rest.

• Draconic Strike. When you damage a target with an unarmed strike, you can change the damage type to acid, cold, fire, lightning, or poison.

• Tongue of Dragons. You learn to speak, read, and write Draconic or one other language of your choice.",3,Monk,Way of the Ascendant Dragon,False,1,Fizban's Treasury of Dragons,monk_features.json
Breath of the Dragon,"At 3rd level you can channel destructive waves of energy, like those created by the dragons you emulate. When you take the Attack action on your turn, you can replace one of the attacks with an exhalation of draconic energy in either a 20-foot cone or a 30-foot line that is 5 feet wide (your choice). Choose a damage type: acid, cold, fire, lightning, or poison. Each creature in that area must make a Dexterity saving throw against your ki save DC, taking damage of the chosen type equal to two rolls of your Martial Arts die on a failed save, or half as much damage on a successful one.

At 11th level, the damage of this feature increases to three rolls of your Martial Arts die.

You can use this feature a number of times equal to your proficiency bonus, and you regain all expended uses when you finish a long rest. While you have no uses available, you can spend 2 ki points to use this feature again.",3,Monk,Way of the Ascendant Dragon,False,,Fizban's Treasury of Dragons,monk_features.json
Wings Unfurled,"At 6th level when you use your Step of the Wind, you can unfurl spectral draconic wings from your back that vanish at the end of your turn. While the wings exist, you have a flying speed equal to your walking speed.

You can use this feature a number of times equal to your proficiency bonus, and you regain all expended uses when you finish a long rest.",6,Monk,Way of the Ascendant Dragon,False,,Fizban's Treasury of Dragons,monk_features.json
Aspect of the Wyrm,"At 11th level the power of your draconic spirit now radiates from you, warding your allies or inspiring fear in your enemies. As a bonus action, you can create an aura of draconic power that radiates 10 feet from you for 1 minute. For the duration, you gain one of the following effects of your choice:

• Frightful Presence. When you create this aura, and as a bonus action on subsequent turns, you can choose a creature within the aura. The target must succeed on a Wisdom saving throw against your ki save DC or become frightened of you for 1 minute. The target can repeat the saving throw at the end of each of its turns, ending the effect on itself on a successful save.

• Resistance. Choose a damage type when you activate this aura: acid, cold, fire, lightning, or poison. You and your allies within the aura have resistance to that damage.

Once you create this aura, you can’t create it again until you finish a long rest, unless you expend 3 ki points to create it again.",11,Monk,Way of the Ascendant Dragon,False,,Fizban's Treasury of Dragons,monk_features.json
Ascendant Aspect,"At 17th level, your draconic spirit reaches its peak. You gain the following benefits:

• Augment Breath. When you use your Breath of the Dragon, you can spend 1 ki point to augment its shape and power. The exhalation of draconic energy becomes either a 60-foot cone or a 90-foot line that is 5 feet wide (your choice), and each creature in that area takes damage equal to four rolls of your Martial Arts die on a failed save, or half as much damage on a successful one.

• Blindsight. You gain blindsight out to 10 feet. Within that range, you can effectively see anything that isn’t behind total cover, even if you’re blinded or in darkness. Moreover, you can see an invisible creature within that range, unless the creature successfully hides from you.

• Explosive Fury. When you activate your Aspect of the Wyrm, draconic fury explodes from you. Choose any number of creatures you can see in your aura. Each of those creatures must succeed on a Dexterity saving throw against your ki save DC or take 3d10 acid, cold, fire, lightning, or poison damage (your choice).",17,Monk,Way of the Ascendant Dragon,False,,Fizban's Treasury of Dragons,monk_features.json
Bonus Proficiencies,"When you choose this tradition at 3rd level, you gain proficiency in the Performance skill if you don't already have it. Your martial arts technique mixes combat training with the precision of a dancer and the antics of a jester. You also gain proficiency with brewer's supplies if you don't already have it.",3,Monk,Way of the Drunken Master,False,,Xanathar's Guide to Everything,monk_features.json
Drunken Technique,"At 3rd level, you learn how to twist and turn quickly as part of your Flurry of Blows. Whenever you use Flurry of Blows, you gain the benefit of the Disengage action, and your walking speed increases by 10 feet until the end of the current turn.",3,Monk,Way of the Drunken Master,False,,Xanathar's Guide to Everything,monk_features.json
Tipsy Sway,"Starting at 6th level, you can move in sudden, swaying ways. You gain the following benefits.

• Leap to Your Feet. When you're prone, you can stand up by spending 5 feet of movement, rather than half your speed.

• Redirect Attack. When a creature misses you with a melee attack roll, you can spend 1 ki point as a reaction to cause that attack to hit one creature of your choice, other than the attacker, that you can see within 5 feet of you.",6,Monk,Way of the Drunken Master,False,,Xanathar's Guide to Everything,monk_features.json
Drunkard's Luck,"Starting at 11th level, you always seem to get a lucky bounce at the right moment. When you make an ability check, an attack roll, or a saving throw and have disadvantage, you can spend 2 ki points to cancel the disadvantage for that roll.",11,Monk,Way of the Drunken Master,False,,Xanathar's Guide to Everything,monk_features.json
Intoxicated Frenzy,"At 17th level, you gain the ability to make an overwhelming number of attacks against a group of enemies. When you use your Flurry of Blows, you can make up to three additional attacks with it (up to a total of five Flurry of Blows attacks), provided that each Flurry of Blows attack targets a different creature this turn.",17,Monk,Way of the Drunken Master,False,,Xanathar's Guide to Everything,monk_features.json
Disciple of the Elements,"When you choose this tradition at 3rd level, you learn magical disciplines that harness the power of the four elements. A discipline requires you to spend ki points each time you use it.

You know the Elemental Attunement discipline and one other elemental discipline of your choice. You learn one additional elemental discipline of your choice at 6th, 11th, and 17th level.

Whenever you learn a new elemental discipline, you can also replace one elemental discipline that you already know with a different discipline.

Casting Elemental Spells. Some elemental disciplines allow you to cast spells. See chapter 10 for the general rules of spellcasting. To cast one of these spells, you use its casting time and other rules, but you don't need to provide material components for it.

Once you reach 5th level in this class, you can spend additional ki points to increase the level of an elemental discipline spell that you cast, provided that the spell has an enhanced effect at a higher level, as Burning Hands does. The spell's level increases by 1 for each additional ki point you spend. For example, if you are a 5th-level monk and use Sweeping Cinder Strike to cast Burning Hands, you can spend 3 ki points to cast it as a 2nd-level spell (the discipline's base cost of 2 ki points plus 1).

The maximum number of ki points you can spend to cast a spell in this way (including its base ki point cost and any additional ki points you spend to increase its level) is determined by your monk level, as shown in the Spells and Ki Points table.",3,Monk,Way of the Four Elements,False,,Player's Handbook,monk_features.json
Path of the Kensei,"When you choose this tradition at 3rd level, your special martial arts training leads you to master the use of certain weapons. This path also includes instruction in the deft strokes of calligraphy or painting. You gain the following benefits:

• Kensei Weapons. Choose two types of weapons to be your kensei weapons: one melee weapon and one ranged weapon. Each of these weapons can be any simple or martial weapon that lacks the heavy and special properties. The longbow is also a valid choice. You gain proficiency with these weapons if you don't already have it. Weapons of the chosen types are monk weapons for you. Many of this tradition's features work only with your kensei weapons. When you reach 6th, 11th, and 17th level in this class, you can choose another type of weapon – either melee or ranged – to be a kensei weapon for you, following the criteria above.

• Agile Parry. If you make an unarmed strike as part of the Attack action on your turn and are holding a kensei weapon, you can use it to defend yourself if it is a melee weapon. You gain a +2 bonus to AC until the start of your next turn, while the weapon is in your hand and you aren’t incapacitated.

• Kensei's Shot. You can use a bonus action on your turn to make your ranged attacks with a kensei weapon more deadly. When you do so, any target you hit with a ranged attack using a kensei weapon takes an extra 1d4 damage of the weapon’s type. You retain this benefit until the end of the current turn.

• Way of the Brush. You gain proficiency with your choice of calligrapher's supplies or painter's supplies.",3,Monk,Way of the Kensei,False,,Xanathar's Guide to Everything,monk_features.json
One with the Blade,"At 6th level, you extend your ki into your kensei weapons, granting you the following benefits.

• Magic Kensei Weapons. Your attacks with your kensei weapons count as magical for the purpose of overcoming resistance and immunity to nonmagical attacks and damage.

• Deft Strike. When you hit a target with a kensei weapon, you can spend 1 ki point to cause the weapon to deal extra damage to the target equal to your Martial Arts die. You can use this feature only once on each of your turns.",6,Monk,Way of the Kensei,False,,Xanathar's Guide to Everything,monk_features.json
Sharpen the Blade,"At 11th level, you gain the ability to augment your weapons further with your ki. As a bonus action, you can expend up to 3 ki points to grant one kensei weapon you touch a bonus to attack and damage rolls when you attack with it. The bonus equals the number of ki points you spent. This bonus lasts for 1 minute or until you use this feature again. This feature has no effect on a magic weapon that already has a bonus to attack and damage rolls.",11,Monk,Way of the Kensei,False,,Xanathar's Guide to Everything,monk_features.json
Unerring Accuracy,"At 17th level, your mastery of weapons grants you extraordinary accuracy. If you miss with an attack roll using a monk weapon on your turn, you can reroll it. You can use this feature only once on each of your turns.",17,Monk,Way of the Kensei,False,,Xanathar's Guide to Everything,monk_features.json
Touch of Death,"Starting when you choose this tradition at 3rd level, your study of death allows you to extract vitality from another creature as it nears its demise. When you reduce a creature within 5 feet of you to 0 hit points, you gain temporary hit points equal to your Wisdom modifier + your monk level (minimum of 1 temporary hit point).",3,Monk,Way of the Long Death,False,,Sword Coast Adventurer's Guide,monk_features.json
Hour of Reaping,"At 6th level, you gain the ability to unsettle or terrify those around you as an action, for your soul has been touched by the shadow of death. When you take this action, each creature within 30 feet of you that can see you must succeed on a Wisdom saving throw or be frightened of you until the end of your next turn.",6,Monk,Way of the Long Death,False,,Sword Coast Adventurer's Guide,monk_features.json
Mastery of Death,"Beginning at 11th level, you use your familiarity with death to escape its grasp. When you are reduced to 0 hit points, you can expend 1 ki point (no action required) to have 1 hit point instead.",11,Monk,Way of the Long Death,False,,Sword Coast Adventurer's Guide,monk_features.json
Touch of the Long Death,"Starting at 17th level, your touch can channel the energy of death into a creature. As an action, you touch one creature within 5 feet of you, and you expend 1 to 10 ki points. The target must make a Constitution saving throw, and it takes 2d10 necrotic damage per ki point spent on a failed save, or half as much damage on a successful one.",17,Monk,Way of the Long Death,False,,Sword Coast Adventurer's Guide,monk_features.json
Implements of Mercy,"When you choose this tradition at 3rd level, you gain proficiency in the Insight and Medicine skills, and you gain proficiency with the herbalism kit.

You also gain a special mask, which you often wear when using the features of this subclass. You determine its appearance, or generate it randomly by rolling on the Merciful Mask table.",3,Monk,Way of Mercy,False,,Tasha's Cauldron of Everything,monk_features.json
Hands of Healing,"At 3rd level, your mystical touch can mend wounds. As an action, you can spend 1 ki point to touch a creature and restore a number of hit points equal to a roll of your Martial Arts die + your Wisdom modifier.

When you use your Flurry of Blows, you can replace one of the unarmed strikes with a use of this feature without spending a ki point for the healing.",3,Monk,Way of Mercy,False,,Tasha's Cauldron of Everything,monk_features.json
Hands of Harm,"At 3rd level, you use your ki to inflict wounds. When you hit a creature with an unarmed strike, you can spend 1 ki point to deal extra necrotic damage equal to one roll of your Martial Arts die + your Wisdom modifier. You can use this feature only once per turn.",3,Monk,Way of Mercy,False,,Tasha's Cauldron of Everything,monk_features.json
Physician's Touch,"Starting at 6th level, you can administer even greater cures with a touch, and if you feel it's necessary, you can use your knowledge to cause harm.

When you use Hands of Healing on a creature, you can also end one disease or one of the following conditions affecting the creature: blinded, deafened, paralyzed, poisoned, or stunned.

When you use Hands of Harm on a creature, you can subject that creature to the poisoned condition until the end of your next turn.",6,Monk,Way of Mercy,False,,Tasha's Cauldron of Everything,monk_features.json
Flurry of Healing and Harm,"Starting at 11th level, you can now mete out a flurry of comfort and hurt. When you use Flurry of Blows, you can now replace each of the unarmed strikes with a use of your Hands of Healing, without spending ki points for the healing.

In addition, when you make an unarmed strike with Flurry of Blows, you can use Hand of Harm with that strike without spending the ki point for Hands of Harm. You can still use Hands of Harm only once per turn.",11,Monk,Way of Mercy,False,,Tasha's Cauldron of Everything,monk_features.json
Hand of Ultimate Mercy,"By 17th level, your mastery of life energy opens the door to the ultimate mercy. As an action, you can touch the corpse of a creature that died within the past 24 hours and expend 5 ki points. The creature then returns to life, regaining a number of hit points equal to 4d10 + your Wisdom modifier. If the creature died while subject to any of the following conditions, it revives with them removed: blinded, deafened, paralyzed, poisoned, and stunned.

Once you use this feature, you can't use it again until you finish a long rest.",17,Monk,Way of Mercy,False,1,Tasha's Cauldron of Everything,monk_features.json
Open Hand Technique,"Starting when you choose this tradition at 3rd level, you can manipulate your enemy's ki when you harness your own. Whenever you hit a creature with one of the attacks granted by your Flurry of Blows, you can impose one of the following effects on that target:

• It must succeed on a Dexterity saving throw or be knocked prone.

• It must make a Strength saving throw. If it fails, you can push it up to 15 feet away from you.

• It can't take reactions until the end of your next turn.",3,Monk,Way of the Open Hand,False,,Player's Handbook,monk_features.json
Wholeness of Body,"At 6th level, you gain the ability to heal yourself. As an action, you can regain hit points equal to three times your monk level. You must finish a long rest before you can use this feature again.",6,Monk,Way of the Open Hand,False,1,Player's Handbook,monk_features.json
Tranquility,"Beginning at 11th level, you can enter a special meditation that surrounds you with an aura of peace. At the end of a long rest, you gain the effect of a Sanctuary spell that lasts until the start of your next long rest (the spell can end early as normal). The saving throw DC for the spell equals 8 + your Wisdom modifier + your proficiency bonus.",11,Monk,Way of the Open Hand,False,,Player's Handbook,monk_features.json
Quivering Palm,"At 17th level, you gain the ability to set up lethal vibrations in someone's body. When you hit a creature with an unarmed strike, you can spend 3 ki points to start these imperceptible vibrations, which last for a number of days equal to your monk level. The vibrations are harmless unless you use your action to end them. To do so, you and the target must be on the same plane of existence. When you use this action, the creature must make a Constitution saving throw. If it fails, it is reduced to 0 hit points. If it succeeds, it takes 10d10 necrotic damage.

You can have only one creature under the effect of this feature at a time. You can choose to end the vibrations harmlessly without using an action.",17,Monk,Way of the Open Hand,False,,Player's Handbook,monk_features.json
Shadow Arts,"Starting when you choose this tradition at 3rd level, you can use your ki to duplicate the effects of certain spells. As an action, you can spend 2 ki points to cast Darkness, Darkvision, Pass Without Trace, or Silence, without providing material components. Additionally, you gain the Minor Illusion cantrip if you don't already know it.",3,Monk,Way of Shadow,False,,Player's Handbook,monk_features.json
Shadow Step,"At 6th level, you gain the ability to step from one shadow into another. When you are in dim light or darkness, as a bonus action you can teleport up to 60 feet to an unoccupied space you can see that is also in dim light or darkness. You then have advantage on the first melee attack you make before the end of the turn.",6,Monk,Way of Shadow,False,,Player's Handbook,monk_features.json
Cloak of Shadows,"By 11th level, you have learned to become one with the shadows. When you are in an area of dim light or darkness, you can use your action to become invisible. You remain invisible until you make an attack, cast a spell, or are in an area of bright light.",11,Monk,Way of Shadow,False,,Player's Handbook,monk_features.json
Opportunist,"At 17th level, you can exploit a creature's momentary distraction when it is hit by an attack. Whenever a creature within 5 feet of you is hit by an attack made by a creature other than you, you can use your reaction to make a melee attack against that creature.",17,Monk,Way of Shadow,False,,Player's Handbook,monk_features.json
Radiant Sun Bolt,"Starting when you choose this tradition at 3rd level, you can hurl searing bolts of magical radiance.

You gain a new attack option that you can use with the Attack action. This special attack is a ranged spell attack with a range of 30 feet. You are proficient with it, and you add your Dexterity modifier to its attack and damage rolls. Its damage is radiant, and its damage die is a d4. This die changes as you gain monk levels, as shown in the Martial Arts column of the Monk table.

When you take the Attack action on your turn and use this special attack as part of it, you can spend 1 ki point to make the special attack twice as a bonus action.

When you gain the Extra Attack feature, this special attack can be used for any of the attacks you make as part of the Attack action.",3,Monk,Way of the Sun Soul,False,,,monk_features.json
Searing Arc Strike,"At 6th level, you gain the ability to channel your ki into searing waves of energy. Immediately after you take the Attack action on your turn, you can spend 2 ki points to cast the Burning Hands spell as a bonus action.

You can spend additional ki points to cast Burning Hands as a higher level spell. Each additional ki point you spend increases the spell's level by 1. The maximum number of ki points (2 plus any additional points) that you can spend on the spell equals half your monk level.",6,Monk,Way of the Sun Soul,False,,,monk_features.json
Searing Sunburst,"At 11th level, you gain the ability to create an orb of light that erupts into a devastating explosion. As an action, you magically create an orb and hurl it at a point you choose within 150 feet, where it erupts into a sphere of radiant light for a brief but deadly instant.

Each creature in that 20-foot-radius sphere must succeed on a Constitution saving throw or take 2d6 radiant damage. A creature doesn't need to make the save if the creature is behind total cover that is opaque.

You can increase the sphere's damage by spending ki points. Each point you spend, up to a maximum of 3, increases the damage by 2d6.",11,Monk,Way of the Sun Soul,False,,,monk_features.json
Sun Shield,"At 17th level, you become wreathed in a luminous, magical aura. You shed bright light in a 30-foot radius and dim light for an additional 30 feet. You can extinguish or restore the light as a bonus action.

If a creature hits you with a melee attack while this light shines, you can use your reaction to deal radiant damage to the creature. The radiant damage equals 5 + your Wisdom modifier.",17,Monk,Way of the Sun Soul,False,,,monk_features.json
Draconic Disciple,"At 3rd-level you can channel your draconic ki to imbue your unarmed strikes with the essence of a dragon's breath and to use your connection with draconic creatures to magnify your presence. You gain the following benefits:

• When you damage a target with an unarmed strike, you can change the damage type to acid, cold, fire, lightning, or poison.

• If you can't already, you learn to speak, read, and write Draconic.

• If you fail a Charisma (Intimidation) or Charisma (Persuasion) check, you can use your reaction to reroll the check, as you tap into the mighty presence of dragons. Once this feature turns a failure into a success, you can't use it again until you finish a long rest.",3,Monk,Way of the Ascendant Dragon (UA),False,1,"Unearthed Arcana 75 - Subclasses, Part 5",monk_features.json
Breath of the Dragon,"At 3rd-level you can channel your ki into destructive waves of energy like the dragons you emulate. When you take the Attack action on your turn, you can replace one of the attacks with an exhalation of draconic energy in either a 20-foot cone or a 30-foot line that is 5 feet wide (your choice). Choose a damage type: acid, cold, fire, lightning, or poison. Each creature in the area must make a Dexterity saving throw against your ki save DC, taking damage of the chosen type equal to two rolls of your Martial Arts die on a failure, or half as much damage on a success.

At 11th level, the damage of your breath increases to three rolls of your Martial Arts die.

You can use this feature a number of times equal to your proficiency bonus, and you regain all expended uses when you finish a long rest.

While you have no uses available, you can spend 1 ki point to use this feature again.",11,Monk,Way of the Ascendant Dragon (UA),False,,"Unearthed Arcana 75 - Subclasses, Part 5",monk_features.json
Wings Unfurled,"At 6th-level when you use your Step of the Wind, you can unfurl spectral draconic wings from your back that vanish at the end of your turn. While the wings exist, you have a flying speed equal to your walking speed.

You can use this feature a number of times equal to your proficiency bonus, and you regain all expended uses when you finish a long rest.

While you have no uses available, you can spend 1 additional ki point when you activate Step of the Wind to use this feature again.",3,Monk,Way of the Ascendant Dragon (UA),False,,"Unearthed Arcana 75 - Subclasses, Part 5",monk_features.json
Aspect of the Wyrm,"When you reach 11th-level the power of your draconic ki now radiates from you, protecting your allies from harm and punishing any who raise arms against them. As a bonus action, you can create an aura of draconic power that radiates 30 feet from you for 1 minute. Choose acid, cold, fire, lightning, or poison damage, and for the duration, you gain the following effects:

• You and your allies within your aura gain resistance to the chosen damage type.

• Waves of destructive energy flow out from you and your allies when any of you are attacked. When you or one of your allies in the aura is hit by an attack made by another creature within the aura, the target that was hit can use their reaction to deal an amount of damage of the chosen type equal to one roll of your Martial Arts die to the attacker.

Once you use this bonus action, you can't use it again until you finish a long rest, unless you expend 4 ki points to use it again.",3,Monk,Way of the Ascendant Dragon (UA),False,1,"Unearthed Arcana 75 - Subclasses, Part 5",monk_features.json
Ascendant Aspect,"At 17th-level your draconic ki reaches its peak. You gain the following benefits:

• You gain blindsight out to 30 feet. Within that range, you can effectively see anything that isn't behind total cover, even if you're blinded or in darkness. Moreover, you can see an invisible creature within that range, unless the creature successfully hides from you.

• When you damage a creature with your Breath of the Dragon, the energy clings to the target. At the start of each of the creature's turns, it takes damage of the type your breath dealt equal to one roll of your Martial Arts die. At the end of its turn, the creature can repeat the save, ending the effect on itself on a success.

• When you activate your Aspect of the Wyrm, draconic fury explodes from you. Choose any number of creatures you can see within your aura. Those creatures each take 4d10 acid, cold, fire, lightning, or poison damage (your choice).",3,Monk,Way of the Ascendant Dragon (UA),False,,"Unearthed Arcana 75 - Subclasses, Part 5",monk_features.json
Arms of the Astral Self,"At 3rd level, your mastery of your ki allows you to summon a portion of your astral self. On your turn, you can spend 2 ki points as a bonus action to summon the arms of your astral self for 10 minutes. These spectral arms hover near your shoulders. You determine the arms’ appearance based on the qualities of your character. While your astral arms are summoned, you gain the following benefits:

• You can use your Wisdom modifier in place of your Strength modifier when making Strength checks and Strength saving throws.

• The arms are monk weapons and have a reach of 10 feet. The arms deal radiant or necrotic damage (your choice). When you attack with the arms, you can use your Wisdom modifier instead of your Strength or Dexterity modifier for the attack and damage rolls.

• Immediately after you use the Attack action with your astral arms on your turn, you can make one extra attack with your astral arms as a bonus action. The number of extra attacks increases when you reach certain levels in this class, increasing to two at 11th level and three at 17th level.",3,Monk,Way of the Astral Self (UA),False,,Unearthed Arcana 60 - Barbarian and Monk,monk_features.json
Visage of the Astral Self,"Starting at 6th level, you can summon the visage of your astral self. On your turn, you can spend 1 ki point as a bonus action, or as part of summoning your astral arms, to summon this visage for 10 minutes. The spectral visage covers your face like a helmet or mask. You determine its appearance based on the qualities of your character.

While your visage is summoned, you gain the following benefits:

• Wisdom of the Spirit. You have advantage on Wisdom (Insight) and Charisma (Intimidation) checks.

• Astral Sight. You can see normally in darkness, both magical and nonmagical, to a distance of 120 feet.",6,Monk,Way of the Astral Self (UA),False,,Unearthed Arcana 60 - Barbarian and Monk,monk_features.json
Awakening of the Astral Self,"Starting at 11th level, you tap into the greater power of your astral self. While you have both your astral arms and visage summoned, you gain the following benefits.

• Deflect Energy. When you take acid, cold, fire, lightning, or force damage, you can use your reaction to deflect it. When you do so, the damage you take is reduced by 1d10 + your Wisdom modifier + your monk level.

• Empowered Arms. Once on each of your turns when you hit a target with your astral arms, you can deal extra damage to the target equal to your Martial Arts die.

• Word of the Spirit. When you speak through your visage, you can direct your words to a creature of your choice that you can see within 30 feet of you, making it so only that creature can hear you. Alternatively, you can amplify your voice so that all creatures within 600 feet can hear you.",11,Monk,Way of the Astral Self (UA),False,,Unearthed Arcana 60 - Barbarian and Monk,monk_features.json
Complete Astral Self,"Starting at 17th level, your connection to your astral self is complete, allowing you summon it entirely. On your turn, you can spend 10 ki points as a bonus action to summon the arms, visage, and body of your astral self for 10 minutes. This spectral body covers your physical form like a suit of armor, connecting with the arms and visage. You determine its appearance based on the qualities of your character.

While your astral self is summoned, you gain the following benefits.

• Armor of the Spirit. You gain a +2 bonus to AC while you aren’t incapacitated.

• Astral Barrage. Whenever you use the Extra Attack feature to attack twice, you can instead attack three times using your astral arms.

• Ki Consumption. When a creature within 10 feet of you is reduced to 0 hit points, you can use your reaction to regain ki points equal to your Wisdom modifier (minimum 1).",17,Monk,Way of the Astral Self (UA),False,,Unearthed Arcana 60 - Barbarian and Monk,monk_features.json
Path of the Kensei,"When you choose this tradition at 3rd level, you learn to extend your knowledge of the martial arts beyond the standard array of monk weapons. You gain the following benefits:

• You gain proficiency with three martial weapons of your choice. A martial weapon is considered a kensei weapon for you if you’re proficient with it.

• Whenever you wield a kensei weapon, you choose whether to use Dexterity or Strength for the attack and damage rolls of the weapon, and you choose whether to use your Martial Arts damage die in place of the weapon’s damage die.

• When you take the Attack action on your turn and hit a target with a kensei weapon, you can use a bonus action to pummel the target, dealing an additional 1d4 bludgeoning damage to that target and to any other target you hit with the weapon as part of the Attack.

• If you make an unarmed strike as part of the Attack action on your turn and are holding a kensei weapon, you can use that weapon to defend yourself. You gain a +2 bonus to AC until the start of your next turn while you are not incapacitated and the weapon is in your hand.",3,Monk,Kensei (UA),False,,Unearthed Arcana 24 - Monk,monk_features.json
One with the Blade,"At 6th level, you extend your ki into the weapons you hold, granting you the following benefits.

Magic Weapons. Your attacks with your kensei weapons count as magical for the purpose of overcoming resistance and immunity to nonmagical attacks and damage.

Precise Strike. You can focus your attention on a single target in battle to understand and overcome its defenses. As a bonus action, pick one creature you can see within 30 feet of you. The next weapon attack you make against that creature during the current turn adds double your proficiency bonus to the attack roll, rather than your normal proficiency bonus. Once you use this ability, you can’t use it again until you finish a short or long rest.",6,Monk,Kensei (UA),False,1,Unearthed Arcana 24 - Monk,monk_features.json
Sharpen the Blade,"At 11th level, you gain the ability to augment your weapons with the strength of your ki. As a bonus action, you can expend up to 3 ki points to grant a weapon you touch a bonus to attack and damage rolls while you wield it. The bonus equals the number of ki points you spent. This bonus lasts for 1 minute.",11,Monk,Kensei (UA),False,,Unearthed Arcana 24 - Monk,monk_features.json
Unerring Accuracy,"At 17th level, your mastery of weapons grants you extraordinary accuracy. On each of your turns, you can reroll one weapon attack roll you make that misses.",17,Monk,Kensei (UA),False,,Unearthed Arcana 24 - Monk,monk_features.json
Implements of Mercy,"At 3rd level, you gain proficiency in the Insight or Medicine skill (your choice), and you gain proficiency with the herbalism kit and the poisoner’s kit.",3,Monk,Way of Mercy (UA),False,,"Unearthed Arcana 67 - Subclasses, Part 1",monk_features.json
Hands of Healing,"At 3rd level, your mystical touch can mend wounds. As an action, you can spend 1 ki point to touch a creature and restore a number of hit points equal to a roll of your Martial Arts die + your Wisdom modifier.

When you use your Flurry of Blows, you can replace one of the unarmed strikes with a use of this feature without spending its ki cost.",3,Monk,Way of Mercy (UA),False,,"Unearthed Arcana 67 - Subclasses, Part 1",monk_features.json
Hands of Harm,"At 3rd level, you use your ki to inflict wounds. When you hit a creature with an unarmed strike, you can spend 1 ki point to deal extra necrotic damage equal to one roll of your Martial Arts die. If the creature is incapacitated or poisoned, the creature instead takes necrotic damage equal to three rolls of your Martial Arts die instead. You can use this feature only once on each of your turns.",3,Monk,Way of Mercy (UA),False,,"Unearthed Arcana 67 - Subclasses, Part 1",monk_features.json
Noxious Aura,"At 6th level, as a bonus action, you spend 1 ki point to turn your ki into an aura of toxic miasma. The aura extends 5 feet from you in every direction, but not through total cover. It lasts for 1 minute, until you’re incapacitated, or you dismiss it (no action required).

While your aura is active, ranged attacks have disadvantage against you. Any other creature that starts its turn in the aura must succeed on a Constitution saving throw or become poisoned until the end of your next turn and take poison damage equal to your Wisdom modifier (minimum of 0 damage).",6,Monk,Way of Mercy (UA),False,,"Unearthed Arcana 67 - Subclasses, Part 1",monk_features.json
Healing Technique,"At 11th level, your skill in manipulating your ki to heal increases. When you restore hit points to a creature using your Hands of Healing, you can also end one disease or a condition from the following list affecting the target: blinded, deafened, paralyzed, or poisoned.",11,Monk,Way of Mercy (UA),False,,"Unearthed Arcana 67 - Subclasses, Part 1",monk_features.json
Hand of Mercy,"At 17th level, your mastery of life energy opens the door to the ultimate respite technique. As an action, you can touch a creature, expend 4 ki points, and force the creature to make a Constitution saving throw (a creature can willingly fail this save). Unless the save succeeds, the creature enters a state of suspended animation for a number of days equal to your monk level or until you end the effect early (no action required). During this time, the creature is paralyzed, has immunity to all damage, and any curse, disease, or poison affecting it is suspended. The creature appears dead to all outward inspection and to spells used to determine the creature’s status.

You can have only one creature under the effect of this feature at a time.",17,Monk,Way of Mercy (UA),False,,"Unearthed Arcana 67 - Subclasses, Part 1",monk_features.json
Path of Tranquility,"When you choose this tradition at 3rd level, you can become an island of calm in even the most chaotic of situations. With this feature, you can cast the sanctuary spell on yourself, no material component required, and it lasts up to 8 hours. Its saving throw DC equals 8 + your proficiency bonus + your Wisdom modifier. A creature that succeeds on the save is immune to this effect for 1 hour.

Once you cast the spell in this way, you can’t do so again for 1 minute.",3,Monk,Way of Tranquility,False,,Unearthed Arcana 24 - Monk,monk_features.json
Healing Hands,"Your mystical touch can heal wounds. Starting at 3rd level, you have a pool of magical healing power that replenishes when you take a long rest. With that pool, you can restore a total number of hit points equal to your monk level × 10.

As an action, you can touch a creature and draw power from the pool to restore a number of hit points to that creature, up to the maximum amount remaining in the pool.

Instead of healing the creature, you can expend 5 hit points from your pool of healing to cure the target of one disease or neutralize one poison affecting it. You can cure multiple diseases and neutralize multiple poisons with a single use of Healing Hands, expending hit points separately for each one.

When you use your Flurry of Blows, you can replace one of the unarmed strikes with a use of this feature.

This feature has no effect on undead and constructs.",3,Monk,Way of Tranquility,False,,Unearthed Arcana 24 - Monk,monk_features.json
Emissary of Peace,"At 6th level, you gain the ability to diffuse violent situations. Whenever you make a Charisma check to calm violent emotions or to counsel peace, you have advantage on the roll. You must make this entreaty in good faith; it doesn’t apply if proficiency in the Deception or Intimidation skill applies to your check.

You also gain proficiency in the Performance or Persuasion skill (choose one).",6,Monk,Way of Tranquility,False,,Unearthed Arcana 24 - Monk,monk_features.json
Douse the Flames of War,"At 11th level, you gain the ability to temporarily extinguish a creature’s violent impulses. As an action, you can touch a creature, and it must make a Wisdom saving throw with a DC equal to 8 + your proficiency bonus + your Wisdom modifier. The target automatically succeeds if it’s missing any of its hit points. If the target fails the save, it can’t attack for 1 minute. During that time, it also can’t cast spells that deal damage or that force someone to make a saving throw.

This effect ends if the target is attacked, takes damage, or is forced to make a saving throw or if the target witnesses any of those things happening to its allies.",11,Monk,Way of Tranquility,False,,Unearthed Arcana 24 - Monk,monk_features.json
Anger of a Gentle Soul,"At 17th level, you gain the ability to visit vengeance on someone who fells others. If you see a creature reduce another creature to 0 hit points, you can use your reaction to grant yourself a bonus to all damage rolls against the aggressor until the end of your next turn. The bonus equals your monk level.

Once you use this ability, you can’t use it again until you finish a short or long rest.",17,Monk,Way of Tranquility,False,1,Unearthed Arcana 24 - Monk,monk_features.json
Base Features,"Hit Points:
Hit Dice: 1d8 per mystic level Hit Points at 1st Level: 8 + your Constitution modifier Hit Points at Higher Levels: 1d8 (or 5) + your Constitution modifier per mystic level after 1st

Proficiencies:
Armor: Light armor Weapons: Simple weapons Tools: None Saving Throws: Intelligence, Wisdom Skills: Choose two skills from Arcana, History, Insight, Medicine, Nature, Perception, and Religion

Equipment:
You start with the following equipment, in addition to the equipment granted by your background:

• (a) a spear or (b) a mace

• (a) leather armor or (b) studded leather armor

• (a) a light crossbow and 20 bolts or (b) any simple weapon

• (a) a scholar’s pack or (b) an explorer’s pack

Alternatively, you can ignore the equipment here and in your background, and buy 5d4 × 10 gp worth of equipment from chapter 5 in the Player’s Handbook.",1,Mystic,,False,,,mystic_features.json
Psionics,"As a student of psionics, you can master and use psionic talents and disciplines. Psionics is a special form of magic use, distinct from spellcasting.

Psionic Talents

A psionic talent is a minor psionic effect you have mastered. At 1st level, you know one psionic talent of your choice. You learn additional talents of your choice at higher levels. The Talents Known column of the Mystic table shows the total number of talents you know at each level; when that number goes up for you, choose a new talent. You chose your talents from the Psionic Talents list.

Psionic Disciplines

A psionic discipline is a rigid set of mental exercises that allows a mystic to manifest psionic power. A mystic masters only a few disciplines at a time, and chooses them from the Psionic Discipline list.

At 1st level, you know one psionic discipline of your choice. The Disciplines Known column of the Mystic table shows the total number of disciplines you know at each level; when that number goes up for you, choose a new discipline. In addition, whenever you gain a level in this class, you can replace one discipline you know with a different one of your choice.

Psi Points

You have an internal reservoir of energy that can be devoted to psionic disciplines you know. This energy is represented by psi points. Each psionic discipline describes effects you can create with it by spending a certain number of psi points. A psionic talent requires no psi points.

The number of psi points you have is based on your mystic level, as shown in the Psi Points column of the Mystic table. The number shown for your level is your psi point maximum. Your psi point total returns to its maximum when you finish a long rest. The number of psi points you have can’t go below 0 or over your maximum.

Psi Limit

Though you have access to a potent amount of psionic energy, it takes training and practice to channel that energy. There is a limit on the number of psi points you can spend to activate a psionic discipline. The limit is based on your mystic level, as shown in the Psi Limit column of the Mystic table. For example, as a 3rd-level mystic, you can spend no more than 3 psi points on a discipline each time you use it, no matter how many psi points you have.

Psychic Focus

You can focus psionic energy on one of your psionic disciplines to draw ongoing benefits from it. As a bonus action, you can choose one of your psionic disciplines and gain its psychic focus benefit, which is detailed in that discipline’s description. The benefit lasts until you are incapacitated or until you use another bonus action to choose a different focus benefit. You can have only one psychic focus benefit at a time, and using the psychic focus of one discipline doesn’t limit your ability to use other disciplines.

Psionic Ability

Intelligence is your psionic ability for your psionic disciplines. You use your Intelligence modifier when setting the saving throw DC for a psionic discipline or when making an attack roll with one.

Discipline save DC = 8 + your proficiency bonus + your Intelligence modifier

Discipline attack modifier = your proficiency bonus + your Intelligence modifier",1,Mystic,,False,,,mystic_features.json
Mystic Order,"At 1st level, you choose a Mystic Order: the Order of the Avatar, the Order of the Awakened, the Order of the Immortal, the Order of the Nomad, the Order of the Soul Knife, or the Order of the Wu Jen. Each order specializes in a specific approach to psionics. Your order gives you features when you choose it at 1st level and additional features at 3rd, 6th, and 14th level.",1,Mystic,,False,,,mystic_features.json
Mystical Recovery,"Starting at 2nd level, you can draw vigor from the psi energy you use to power your psionic disciplines.

Immediately after you spend psi points on a psionic discipline, you can take a bonus action to regain hit points equal to the number of psi points you spent.",2,Mystic,,False,,,mystic_features.json
Telepathy,"At 2nd level, your mind awakens to the ability to communicate via telepathy. You can telepathically speak to any creature you can see within 120 feet of you in this manner. You don’t need to share a language with the creature for it to understand your telepathic messages, but the creature must be able to understand at least one language or be telepathic itself.",2,Mystic,,False,,,mystic_features.json
Strength of Mind,"Even the simplest psionic technique requires a deep understanding of how psionic energy can augment mind and body. This understanding allows you to alter your defenses to better deal with threats.

Starting at 4th level, you can replace your proficiency in Wisdom saving throws whenever you finish a short or long rest. To do so, choose Strength, Dexterity, Constitution, or Charisma. You gain proficiency in saves using that ability, instead of Wisdom. This change lasts until you finish your next short or long rest.",4,Mystic,,False,,,mystic_features.json
Potent Psionics,"At 8th level, you gain the ability to infuse your weapon attacks with psychic energy. Once on each of your turns when you hit a creature with a weapon, you can deal an extra 1d8 psychic damage to that target. When you reach 14th level, this extra damage increases to 2d8.

In addition, you add your Intelligence modifier to any damage roll you make for a psionic talent.",8,Mystic,,False,,,mystic_features.json
Consumptive Power,"At 10th level, you gain the ability to sacrifice your physical durability in exchange for psionic power. When activating a psionic discipline, you can pay its psi point cost with your hit points, instead of using any psi points. Your current hit points and hit point maximum are both reduced by the number of hit points you spend. This reduction can’t be lessened in any way, and the reduction to your hit point maximum lasts until you finish a long rest.

Once you use this feature, you can’t use it again until you finish a long rest.",10,Mystic,,False,1,,mystic_features.json
Psionic Mastery,"Beginning at 11th level, your mastery of psionic energy allows you to push your mind beyond its normal limits. As an action, you gain 9 special psi points that you can spend only on disciplines that require an action or a bonus action to use. You can use all 9 points on one discipline, or you can spread them across multiple disciplines. You can’t also spend your normal psi points on these disciplines; you can spend only the special points gained from this feature. When you finish a long rest, you lose any of these special points that you haven’t spent.

If more than one of the disciplines you activate with these points require concentration, you can concentrate on all of them. Activating one of them ends any effect you were already concentrating on, and if you begin concentrating on an effect that doesn’t use these special points, the disciplines end that you’re concentrating on.

At 15th level, the pool of psi points you gain from this feature increases to 11.

You have one use of this feature, and you regain any expended use of it with a long rest. You gain one additional use of this feature at 13th, 15th, and 17th level.",11,Mystic,,False,,,mystic_features.json
Psionic Body,"At 20th level, your mastery of psionic power causes your mind to transcend the body. Your physical form is infused with psionic energy. You gain the following benefits:

• You gain resistance to bludgeoning, piercing, and slashing damage.

• You no longer age.

• You are immune to disease, poison damage, and the poisoned condition.

• If you die, roll a d20. On a 10 or higher, you discorporate with 0 hit points, instead of dying, and you fall unconscious. You and your gear disappear. You appear at a spot of your choice 1d3 days later on the plane of existence where you died, having gained the benefits of one long rest.",20,Mystic,,False,,,mystic_features.json
Beacon,"As a bonus action, you cause bright light to radiate from your body in a 20-foot radius and dim light for an additional 20 feet. The light can be colored as you like. The light lasts for 1 hour, and you can extinguish it earlier as a bonus action.",3,Mystic,Psionic Talents,False,,,mystic_features.json
Blade Meld,"As a bonus action, a one-handed melee weapon you hold becomes one with your hand. For the next minute, you can't let go of the weapon nor can it be forced from your grasp.",3,Mystic,Psionic Talents,False,,,mystic_features.json
Blind Spot,"As an action, you erase your image from the mind of one creature you can see within 120 feet of you; the target must succeed on a Wisdom saving throw, or you are invisible to it until the end of your next turn.",3,Mystic,Psionic Talents,False,,,mystic_features.json
Delusion,"As an action, you plant a false belief in the mind of one creature that you can see within 60 feet of you. You can create a sound or an image. Only the target of this talent perceives the sound or image you create.

If you create a sound, its volume can range from a whisper to a scream. It can be your voice, someone else's voice, a creature's roar, a musical instrument, or any other sound you pick. It lasts for 1 minute.

If you create an object, it must fit within a 5-foot cube and can’t move or be reflective. The image can't create any effect that influences a sense other than sight. The image lasts for 1 minute, and it disappears if the creature touches it.",3,Mystic,Psionic Talents,False,,,mystic_features.json
Energy Beam,"As an action, you target one creature you can see within 90 feet of you. The target must succeed on a Dexterity saving throw or take 1d8 acid, cold, fire, lightning, or thunder damage (your choice).

The talent's damage increases by 1d8 when you reach 5th level (2d8), 11th level (3d8), and 17th level (4d8).",5,Mystic,Psionic Talents,False,,,mystic_features.json
Light Step,"As a bonus action, you alter your density and weight to improve your mobility. For the rest of your turn, your walking speed increases by 10 feet, and the first time you stand up this turn, you do so without expending any of your movement if your speed is greater than 0.",3,Mystic,Psionic Talents,False,,,mystic_features.json
Mind Meld,"As a bonus action, you can communicate telepathically with one willing creature you can see within 120 feet of you. The target must have an Intelligence of at least 2, otherwise this talent fails and the action is wasted.

This communication can occur until the end of the current turn. You don’t need to share a language with the target for it to understand your telepathic utterances, and it understands you even if it lacks a language. You also gain access to one memory of the target’s choice, gaining perfect recall of one thing it saw or did.",3,Mystic,Psionic Talents,False,,,mystic_features.json
Mind Slam,"As an action, you target one creature you can see within 60 feet of you. The target must succeed on a Constitution saving throw or take 1d6 force damage. If it takes any of this damage and is Large or smaller, it is knocked prone.

The talent’s damage increases by 1d6 when you reach 5th level (2d6), 11th level (3d6), and 17th level (4d6).",5,Mystic,Psionic Talents,False,,,mystic_features.json
Mind Thrust,"As an action, you target one creature you can see within 120 feet of you. The target must succeed on an Intelligence saving throw or take 1d10 psychic damage.

The talent’s damage increases by 1d10 when you reach 5th level (2d10), 11th level (3d10), and 17th level (4d10).",5,Mystic,Psionic Talents,False,,,mystic_features.json
Mystic Charm,"As an action, you beguile one humanoid you can see within 120 feet of you. The target must succeed on a Charisma saving throw or be charmed by you until the end of your next turn.",3,Mystic,Psionic Talents,False,,,mystic_features.json
Mystic Hand,"You can use your action to manipulate or move one object within 30 feet of you. The object can’t weigh more than 10 pounds, and you can’t affect an object being worn or carried by another creature. If the object is loose, you can move it up to 30 feet in any direction.

This talent allows you to open an unlocked door, pour out a beer stein, and so on.

The object falls to the ground at the end of your turn if you leave it suspended in midair.",3,Mystic,Psionic Talents,False,,,mystic_features.json
Psychic Hammer,"As an action, you try to grasp one creature you can see within 120 feet of you, with a hand crafted from telekinetic energy. The target must succeed on a Strength saving throw or take 1d6 force damage. If it takes any of this damage and is Large or smaller, you can move it up to 10 feet in a straight line in a direction of your choice. You can’t lift the target off the ground unless it is already airborne or underwater.

The talent’s damage increases by 1d6 when you reach 5th level (2d6), 11th level (3d6), and 17th level (4d6).",5,Mystic,Psionic Talents,False,,,mystic_features.json
Using a Discipline,"• Each psionic discipline has several ways you can use it, all contained in its description. The discipline specifies the type of action and number of psi points it requires. It also details whether you must concentrate on its effects, how many targets it affects, what saving throws it requires, and so on.

• The following sections go into more detail on using a discipline. Psionic disciplines are magical and function similarly to spells.

Psychic Focus

• The Psychic Focus section of a discipline describes the benefit you gain when you choose that discipline for your psychic focus.

Effect Options and Psi Points

• A discipline provides different options for how to use it with your psi points. Each effect option has a name, and the psi point cost of that option appears in parentheses after its name. You must spend that number of psi points to use that option, while abiding by your psi limit. If you don't have enough psi points left, or the cost is above your psi limit, you can't use the option.

• Some options show a range of psi points, rather than a specific cost. To use that option, you must spend a number of points within that point range, still abiding by your psi limit. Some options let you spend additional psi points to increase a discipline's potency. Again, you must abide by your psi limit, and you must spend all the points when you first use the discipline; you can't decide to spend additional points once you see the discipline in action.

• Each option notes specific information about its effect, including any action required to use it and its range.

Components

• Disciplines don't require the components that many spells require. Using a discipline requires no spoken words, gestures, or materials. The power of psionics comes from the mind.

Duration

• An effect option in a discipline specifies how long its effect lasts. Instantaneous. If no duration is specified, the effect of the option is instantaneous. Concentration. Some options require concentration to maintain their effects. This requirement is noted with ""conc."" after the option's psi point cost. The ""conc."" notation is followed by the maximum duration of the concentration. For example, if an option says ""conc., 1 min.,"" you can concentrate on its effect for up to 1 minute. Concentrating on a discipline follows the same rules as concentrating on a spell. This rule means you can't concentrate on a spell and a discipline at the same time, nor can you concentrate on two disciplines at the same time. See chapter 10, ""Spellcasting,"" in the Player's Handbook for how concentration works.

• Instantaneous. If no duration is specified, the effect of the option is instantaneous.

• Concentration. Some options require concentration to maintain their effects. This requirement is noted with ""conc."" after the option's psi point cost. The ""conc."" notation is followed by the maximum duration of the concentration. For example, if an option says ""conc., 1 min.,"" you can concentrate on its effect for up to 1 minute.

• Concentrating on a discipline follows the same rules as concentrating on a spell. This rule means you can't concentrate on a spell and a discipline at the same time, nor can you concentrate on two disciplines at the same time. See chapter 10, ""Spellcasting,"" in the Player's Handbook for how concentration works.

• Instantaneous. If no duration is specified, the effect of the option is instantaneous.

• Concentration. Some options require concentration to maintain their effects. This requirement is noted with ""conc."" after the option's psi point cost. The ""conc."" notation is followed by the maximum duration of the concentration. For example, if an option says ""conc., 1 min.,"" you can concentrate on its effect for up to 1 minute.

• Concentrating on a discipline follows the same rules as concentrating on a spell. This rule means you can't concentrate on a spell and a discipline at the same time, nor can you concentrate on two disciplines at the same time. See chapter 10, ""Spellcasting,"" in the Player's Handbook for how concentration works.

Targets and Areas of Effect

• Psionic disciplines use the same rules as spells for determining targets and areas of effect, as presented in chapter 10, ""Spellcasting,"" of the Player's Handbook.

Saving Throws and Attack Rolls

• If a discipline requires a saving throw, it specifies the type of save and the results of a successful or failed saving throw. The DC is determined by your psionic ability.

• Some disciplines require you to make an attack roll to determine whether the discipline's effect hits its target. The attack roll uses your psionic ability.

Combining Psionic Effects

• The effects of different psionic disciplines add together while the durations of the disciplines overlap. Likewise, different options from a psionic discipline combine if they are active at the same time. However, a specific option from a psionic discipline doesn't combine with itself if the option is used multiple times. Instead, the most potent effect—usually dependent on how many psi points were used to create the effect—applies while the durations of the effects overlap.

• Psionics and spells are separate effects, and therefore their benefits and drawbacks overlap. A psionic effect that reproduces a spell is an exception to this rule.

• Avatar

• Awakened

• Immortal

• Nomad

• Wu Jen",3,Mystic,Psychic Disciplines,False,,,mystic_features.json
Bonus Disciplines,"At 1st level, you learn two additional Psionic Disciplines of your choice. They must be chosen from among the Avatar disciplines.",1,Mystic,Order of the Avatar,False,,,mystic_features.json
Armor Training,"At 1st level, you gain proficiency with medium armor and shields.",1,Mystic,Order of the Avatar,False,,,mystic_features.json
Avatar of Battle,"Starting at 3rd level, you project an inspiring aura. While you aren’t incapacitated, each ally within 30 feet of you who can see you gains a +2 bonus to initiative rolls.",3,Mystic,Order of the Avatar,False,,,mystic_features.json
Avatar of Healing,"Beginning at 6th level, you project an aura of resilience. While you aren’t incapacitated, each ally within 30 feet of you who can see you regains additional hit points equal to your Intelligence modifier (minimum of 0) whenever they regain hit points from a psionic discipline.",6,Mystic,Order of the Avatar,False,,,mystic_features.json
Avatar of Speed,"Starting at 14th level, you project an aura of speed. While you aren’t incapacitated, any ally within 30 feet of you who can see you can take the Dash action as a bonus action.",14,Mystic,Order of the Avatar,False,,,mystic_features.json
Bonus Disciplines,"At 1st level, you learn two additional Psionic Disciplines of your choice. They must be chosen from among the Awakened disciplines.",1,Mystic,Order of the Awakened,False,,,mystic_features.json
Awakened Talent,"At 1st level, you gain proficiency with two of the following skills of your choice: Animal Handling, Deception, Insight, Intimidation, Investigation, Perception, and Persuasion.",1,Mystic,Order of the Awakened,False,,,mystic_features.json
Psionic Investigation,"Starting at 3rd level, you can focus your mind to read the psionic imprint left on an object. If you hold an object and concentrate on it for 10 minutes (as if concentrating on a psionic discipline), you learn a few basic facts about it. You gain a mental image from the object’s point of view, showing the last creature to hold the object within the past 24 hours.

You also learn of any events that have occurred within 20 feet of the object within the past hour. The events you perceive unfold from the object’s perspective. You see and hear such events as if you were there, but can’t use other senses.

Additionally, you can embed an intangible psionic sensor within the object. For the next 24 hours, you can use an action to learn the object’s location relative to you (its distance and direction) and to look at the object’s surroundings from its point of view as if you were there. This perception lasts until the start of your next turn.

Once you use this feature, you can’t use it again until you finish a short or long rest.",3,Mystic,Order of the Awakened,False,1,,mystic_features.json
Psionic Surge,"Starting at 6th level, you can overload your psychic focus to batter down an opponent’s defenses. You can impose disadvantage on a target’s saving throw against a discipline or talent you use, but at the cost of using your psychic focus. Your psychic focus immediately ends if it’s active, and you can’t use it until you finish a short or long rest.

You can’t use this feature if you can’t use your psychic focus.",6,Mystic,Order of the Awakened,False,,,mystic_features.json
Spectral Form,"At 14th level, you gain the ability to become a ghostly figure of psionic energy. As an action, you can transform into a transparent, ghostly version of yourself. While in this form, you have resistance to all damage, move at half speed, and can pass through objects and creatures while moving but can’t willingly end your movement in their spaces. The form lasts for 10 minutes or until you use an action to end it.

Once you use this feature, you can’t use it again until you finish a long rest.",14,Mystic,Order of the Awakened,False,1,,mystic_features.json
Bonus Disciplines,"At 1st level, you learn two additional Psionic Disciplines of your choice. They must be chosen from among the Immortal Disciplines.",1,Mystic,Order of the the Immortal,False,,,mystic_features.json
Immortal Durability,"Starting at 1st level, your hit point maximum increases by 1 per mystic level.

In addition, while you aren't wearing armor or wielding a shield, your base AC equals 10 + your Dexterity modifier + your Constitution modifier.",1,Mystic,Order of the the Immortal,False,,,mystic_features.json
Psionic Resilience,"Starting at 3rd level, your psionic energy grants you extraordinary fortitude. At the start of each of your turns, you gain temporary hit points equal to your Intelligence modifier (minimum of 0) if you have at least 1 hit point.",3,Mystic,Order of the the Immortal,False,,,mystic_features.json
Surge of Health,"Starting at 6th level, you can draw on your psychic focus to escape death’s grasp. As a reaction when you take damage, you can halve that damage against you. Your psychic focus immediately ends if it’s active, and you can’t use it until you finish a short or long rest.

You can’t use this feature if you can’t use your psychic focus.",6,Mystic,Order of the the Immortal,False,,,mystic_features.json
Immortal Will,"Starting at 14th level, you can draw on your reserves of psionic power to survive beyond death. At the end of your turn while at 0 hit points, you can spend 5 psi points to immediately regain a number of hit points equal to your mystic level + your Constitution modifier.",14,Mystic,Order of the the Immortal,False,,,mystic_features.json
Bonus Disciplines,"At 1st level, you learn two additional Psionic Disciplines of your choice. They must be chosen from among the Nomad disciplines.",1,Mystic,Order of the Nomad,False,,,mystic_features.json
Breadth of Knowledge,"At 1st level, you gain the ability to extend your knowledge. When you finish a long rest, you gain two proficiencies of your choice: two tools, two skills, or one of each. You can replace one or both of these selections with languages. This benefit lasts until you finish a long rest.",1,Mystic,Order of the Nomad,False,,,mystic_features.json
Memory of One Thousand Steps,"At 3rd level, you gain the ability to use psionics to recall your steps. As a reaction when you are hit by an attack, you can teleport to an unoccupied space that you occupied since the start of your last turn, and the attack misses you. Once you use this feature, you can’t use it again until you finish a short or long rest.",3,Mystic,Order of the Nomad,False,1,,mystic_features.json
Superior Teleportation,"At 6th level, you gain a superior talent for teleportation. When you use a psionic discipline to teleport any distance, you can increase that distance by up to 10 feet.",6,Mystic,Order of the Nomad,False,,,mystic_features.json
Effortless Journey,"Starting at 14th level, your mind can mystically move your body. Once on each of your turns, you can forfeit up to 30 feet of your movement to teleport the distance you forfeited. You must teleport to an unoccupied space you can see.",14,Mystic,Order of the Nomad,False,,,mystic_features.json
Martial Training,"At 1st level, you gain proficiency with medium armor and martial weapons.",1,Mystic,Order of the Soul Knife,False,,,mystic_features.json
Soul Knife,"Starting at 1st level, you gain the ability to manifest a blade of psychic energy. As a bonus action, you create scintillating knives of energy that project from both of your fists. You can’t hold anything in your hands while manifesting these blades. You can dismiss them as a bonus action.

For you, a soul knife is a martial melee weapon with the light and finesse properties. It deals 1d8 psychic damage on a hit.

As a bonus action, you can prepare to use the blades to parry; you gain a +2 bonus to AC until the start of your next turn or until you are incapacitated.",1,Mystic,Order of the Soul Knife,False,,,mystic_features.json
Hone the Blade,"Starting at 3rd level, you can spend psi points to augment your soul knife’s attack rolls and damage. You gain a bonus to attack and damage rolls with your soul knives depending on the number of psi points spent, as shown on the table below. This bonus lasts for 10 minutes.",3,Mystic,Order of the Soul Knife,False,,,mystic_features.json
Consumptive Knife,"Starting at 6th level, whenever you slay an enemy creature with a soul knife attack, you immediately regain 2 psi points.",6,Mystic,Order of the Soul Knife,False,,,mystic_features.json
Phantom Knife,"Starting at 14th level, you can make an attack that phases through most defenses. As an action, you can make one attack with your soul knife. Treat the target’s AC as 10 against this attack, regardless of the target’s actual AC.",14,Mystic,Order of the Soul Knife,False,,,mystic_features.json
Bonus Disciplines,"At 1st level, you learn two additional Psionic Disciplines of your choice. They must be chosen from among the Wu Jen disciplines.",1,Mystic,Order of the Wu Jen,False,,,mystic_features.json
Hermit’s Study,"At 1st level, you gain proficiency with two of the following skills of your choice: Animal Handling, Arcana, History, Insight, Medicine, Nature, Perception, Religion, or Survival.",1,Mystic,Order of the Wu Jen,False,,,mystic_features.json
Elemental Attunement,"Starting at 3rd level, when a creature’s resistance reduces the damage dealt by a psionic discipline of yours, you can spend 1 psi point to cause that use of the discipline to ignore the creature’s resistance. You can’t spend this point if doing so would increase the discipline’s cost above your psi limit.",3,Mystic,Order of the Wu Jen,False,,,mystic_features.json
Arcane Dabbler,"At 6th level, you learn three wizard spells of your choice and always have them prepared. The spells must be of 1st through 3rd level.

As a bonus action, you can spend psi points to create spell slots that you can use to cast these spells, as well as other spells you are capable of casting. The psi-point cost of each spell slot is detailed on the table below.

The spell slot remains until you use it or finish a long rest. You must observe your psi limit when spending psi points to create a spell slot.

Whenever you gain a level in this class, you can replace one of the chosen wizard spells with a different wizard spell of 1st through 3rd level.",6,Mystic,Order of the Wu Jen,False,,,mystic_features.json
Elemental Mastery,"Starting at 14th level, if you have resistance to a type of damage, you can spend 2 psi points as a reaction when you take damage of that type to ignore that damage; you gain immunity to that damage type until the end of your next turn.",14,Mystic,Order of the Wu Jen,False,,,mystic_features.json
Base Features,"Hit Points:
Hit Dice: 1d10 per paladin level Hit Points at 1st Level: 10 + your Constitution modifier Hit Points at Higher Levels: 1d10 (or 6) + your Constitution modifier per paladin level after 1st

Proficiencies:
Armor: All armor, shields Weapons: Simple weapons, martial weapons Tools: None Saving Throws: Wisdom, Charisma Skills: Choose two from Athletics, Insight, Intimidation, Medicine, Persuasion, and Religion

Equipment:
You start with the following equipment, in addition to the equipment granted by your background:

• (a) a martial weapon and a shield or (b) two martial weapons

• (a) five javelins or (b) any simple melee weapon

• (a) a priest's pack or (b) an explorer's pack

• Chain mail and a holy symbol",1,Paladin,,False,,,paladin_features.json
Divine Sense,"The presence of strong evil registers on your senses like a noxious odor, and powerful good rings like heavenly music in your ears. As an action, you can open your awareness to detect such forces. Until the end of your next turn, you know the location of any celestial, fiend, or undead within 60 feet of you that is not behind total cover. You know the type (celestial, fiend, or undead) of any being whose presence you sense, but not its identity (the vampire Count Strahd von Zarovich, for instance). Within the same radius, you also detect the presence of any place or object that has been consecrated or desecrated, as with the Hallow spell.

You can use this feature a number of times equal to 1 + your Charisma modifier. When you finish a long rest, you regain all expended uses.",1,Paladin,,False,,,paladin_features.json
Lay on Hands,"Your blessed touch can heal wounds. You have a pool of healing power that replenishes when you take a long rest. With that pool, you can restore a total number of hit points equal to your paladin level x 5.

As an action, you can touch a creature and draw power from the pool to restore a number of hit points to that creature, up to the maximum amount remaining in your pool.

Alternatively, you can expend 5 hit points from your pool of healing to cure the target of one disease or neutralize one poison affecting it. You can cure multiple diseases and neutralize multiple poisons with a single use of Lay on Hands, expending hit points separately for each one.

This feature has no effect on undead and constructs.",1,Paladin,,False,,,paladin_features.json
Fighting Style,"Starting at 2nd level, you adopt a particular style of fighting as your specialty. Choose one of the following options. You can't take a Fighting Style option more than once, even if you later get to choose again.

• Blessed Warrior. You learn two cantrips of your choice from the cleric spell list. They count as paladin spells for you, and Charisma is your spellcasting ability for them. Whenever you gain a level in this class, you can replace one of these cantrips with another cantrip from the cleric spell list.

• Blind Fighting. You have blindsight with a range of 10 feet. Within that range, you can effectively see anything that isn't behind total cover, even if you're blinded or in darkness. Moreover, you can see an invisible creature within that range, unless the creature successfully hides from you.

• Defense. While you are wearing armor, you gain a +1 bonus to AC.

• Dueling. When you are wielding a melee weapon in one hand and no other weapons, you gain a +2 bonus to damage rolls with that weapon.

• Great Weapon Fighting. When you roll a 1 or 2 on a damage die for an attack you make with a melee weapon that you are wielding with two hands, you can reroll the die and must use the new roll, even if the new roll is a 1 or a 2. The weapon must have the two-handed or versatile property for you to gain this benefit.

• Interception. When a creature you can see hits a target, other than you, within 5 feet of you with an attack, you can use your reaction to reduce the damage the target takes by 1d10 + your proficiency bonus (to a minimum of 0 damage). You must be wielding a shield or a simple or martial weapon to use this reaction.

• Protection. When a creature you can see attacks a target other than you that is within 5 feet of you, you can use your reaction to impose disadvantage on the attack roll. You must be wielding a shield.

• Close Quarters Shooter (UA). When making a ranged attack while you are within 5 feet of a hostile creature, you do not have disadvantage on the attack roll. Your ranged attacks ignore half cover and three-quarters cover against targets within 30 feet of you. You have a +1 bonus to attack rolls on ranged attacks.

• Mariner (UA). As long as you are not wearing heavy armor or using a shield, you have a swimming speed and a climbing speed equal to your normal speed, and you gain a +1 bonus to armor class.

• Thrown Weapon Fighting (UA). You can draw a weapon that has the thrown property as part of the attack you make with the weapon. In addition, when you hit with a ranged attack using a thrown weapon, you gain a +1 bonus to the damage roll.

• In addition, when you hit with a ranged attack using a thrown weapon, you gain a +1 bonus to the damage roll.

• In addition, when you hit with a ranged attack using a thrown weapon, you gain a +1 bonus to the damage roll.

• Tunnel Fighter (UA). As a bonus action, you can enter a defensive stance that lasts until the start of your next turn. While in your defensive stance, you can make opportunity attacks without using your reaction, and you can use your reaction to make a melee attack against a creature that moves more than 5 feet while within your reach.

• Unarmed Fighting (UA). Your unarmed strikes can deal bludgeoning damage equal to 1d6 + your Strength modifier. If you strike with two free hands, the d6 becomes a d8. When you successfully start a grapple, you can deal 1d4 bludgeoning damage to the grappled creature. Until the grapple ends, you can also deal this damage to the creature whenever you hit it with a melee attack.

• When you successfully start a grapple, you can deal 1d4 bludgeoning damage to the grappled creature. Until the grapple ends, you can also deal this damage to the creature whenever you hit it with a melee attack.

• When you successfully start a grapple, you can deal 1d4 bludgeoning damage to the grappled creature. Until the grapple ends, you can also deal this damage to the creature whenever you hit it with a melee attack.",2,Paladin,,False,,,paladin_features.json
Spellcasting,"Spellcasting:
By 2nd level, you have learned to draw on divine magic through meditation and prayer to cast spells as a cleric does.

Preparing and Casting Spells

The Paladin table shows how many spell slots you have to cast your paladin spells. To cast one of your paladin spells of 1st level or higher, you must expend a slot of the spell's level or higher. You regain all expended spell slots when you finish a long rest.

You prepare the list of paladin spells that are available for you to cast, choosing from the paladin spell list. When you do so, choose a number of paladin spells equal to your Charisma modifier + half your paladin level, rounded down (minimum of one spell). The spells must be of a level for which you have spell slots.

For example, if you are a 5th-level paladin, you have four 1st-level and two 2nd-level spell slots. With a Charisma of 14, your list of prepared spells can include four spells of 1st or 2nd level, in any combination. If you prepare the 1st-level spell Cure Wounds, you can cast it using a 1st-level or a 2nd-level slot. Casting the spell doesn't remove it from your list of prepared spells.

You can change your list of prepared spells when you finish a long rest. Preparing a new list of paladin spells requires time spent in prayer and meditation: at least 1 minute per spell level for each spell on your list.

Spellcasting Ability

Charisma is your spellcasting ability for your paladin spells, since their power derives from the strength of your convictions. You use your Charisma whenever a spell refers to your spellcasting ability. In addition, you use your Charisma modifier when setting the saving throw DC for a paladin spell you cast and when making an attack roll with one.

Spell save DC = 8 + your proficiency bonus + your Charisma modifier

Spell attack modifier = your proficiency bonus + your Charisma modifier

Spellcasting Focus

You can use a holy symbol as a spellcasting focus for your paladin spells.",2,Paladin,,False,,,paladin_features.json
Divine Smite,"Starting at 2nd level, when you hit a creature with a melee weapon attack, you can expend one spell slot to deal radiant damage to the target, in addition to the weapon's damage. The extra damage is 2d8 for a 1st-level spell slot, plus 1d8 for each spell level higher than 1st, to a maximum of 5d8. The damage increases by 1d8 if the target is an undead or a fiend, to a maximum of 6d8.",2,Paladin,,False,,,paladin_features.json
Divine Health,"By 3rd level, the divine magic flowing through you makes you immune to disease.",3,Paladin,,False,,,paladin_features.json
Sacred Oath,"When you reach 3rd level, you swear the oath that binds you as a paladin forever. Up to this time you have been in a preparatory stage, committed to the path but not yet sworn to it. Your choice grants you features at 3rd level and again at 7th, 15th, and 20th level. Those features include oath spells and the Channel Divinity feature.

Oath Spells

Each oath has a list of associated spells. You gain access to these spells at the levels specified in the oath description. Once you gain access to an oath spell, you always have it prepared. Oath spells don't count against the number of spells you can prepare each day.

If you gain an oath spell that doesn't appear on the paladin spell list, the spell is nonetheless a paladin spell for you.

Channel Divinity

Your oath allows you to channel divine energy to fuel magical effects. Each Channel Divinity option provided by your oath explains how to use it.

When you use your Channel Divinity, you choose which option to use. You must then finish a short or long rest to use your Channel Divinity again.

Some Channel Divinity effects require saving throws. When you use such an effect from this class, the DC equals your paladin spell save DC.",3,Paladin,Pick your subclass where you set your class (top left),True,,,paladin_features.json
Martial Versatility,"Whenever you reach a level in this class that grants the Ability Score Improvement feature, you can replace a fighting style you know with another fighting style available to paladins. This replacement represents a shift of focus in your martial practice.",4,Paladin,,False,,,paladin_features.json
Aura of Protection,"Starting at 6th level, whenever you or a friendly creature within 10 feet of you must make a saving throw, the creature gains a bonus to the saving throw equal to your Charisma modifier (with a minimum bonus of +1). You must be conscious to grant this bonus.

At 18th level, the range of this aura increases to 30 feet.",6,Paladin,,False,,,paladin_features.json
Aura of Courage,"Starting at 10th level, you and friendly creatures within 10 feet of you can't be frightened while you are conscious.

At 18th level, the range of this aura increases to 30 feet.",10,Paladin,,False,,,paladin_features.json
Improved Divine Smite,"By 11th level, you are so suffused with righteous might that all your melee weapon strikes carry divine power with them. Whenever you hit a creature with a melee weapon, the creature takes an extra 1d8 radiant damage.",11,Paladin,,False,,,paladin_features.json
Cleansing Touch,"Beginning at 14th level, you can use your action to end one spell on yourself or on one willing creature that you touch.

You can use this feature a number of times equal to your Charisma modifier (a minimum of once). You regain expended uses when you finish a long rest.",14,Paladin,,False,,,paladin_features.json
Tenets of the Ancients,"The tenets of the Oath of the Ancients have been preserved for uncounted centuries. This oath emphasizes the principles of good above any concerns of law or chaos. Its four central principles are simple.

Kindle the Light. Through your acts of mercy, kindness, and forgiveness, kindle the light of hope in the world, beating back despair.

Shelter the Light. Where there is good, beauty, love, and laughter in the world, stand against the wickedness that would swallow it. Where life flourishes, stand against the forces that would render it barren.

Preserve Your Own Light. Delight in song and laughter, in beauty and art. If you allow the light to die in your own heart, you can't preserve it in the world.

Be the Light. Be a glorious beacon for all who live in despair. Let the light of your joy and courage shine forth in all your deeds.",3,Paladin,Oath of the Ancients,False,,Player's Handbook,paladin_features.json
Oath Spells,You gain oath spells at the paladin levels listed.,3,Paladin,Oath of the Ancients,False,,Player's Handbook,paladin_features.json
Channel Divinity,"When you take this oath at 3rd level, you gain the following two Channel Divinity options.

• Nature's Wrath. You can use your Channel Divinity to invoke primeval forces to ensnare a foe. As an action, you can cause spectral vines to spring up and reach for a creature within 10 feet of you that you can see. The creature must succeed on a Strength or Dexterity saving throw (its choice) or be restrained. While restrained by the vines, the creature repeats the saving throw at the end of each of its turns. On a success, it frees itself and the vines vanish.

• Turn the Faithless. You can use your Channel Divinity to utter ancient words that are painful for fey and fiends to hear. As an action, you present your holy symbol, and each fey or fiend within 30 feet of you that can hear you must make a Wisdom saving throw. On a failed save, the creature is turned for 1 minute or until it takes damage. A turned creature must spend its turns trying to move as far away from you as it can, and it can't willingly move to a space within 30 feet of you. It also can't take reactions. For its action, it can use only the Dash action or try to escape from an effect that prevents it from moving. If there's nowhere to move, the creature can use the Dodge action. If the creature's true form is concealed by an illusion, shapeshifting, or other effect, that form is revealed while it is turned.",3,Paladin,Oath of the Ancients,False,,Player's Handbook,paladin_features.json
Aura of Warding,"Beginning at 7th level, ancient magic lies so heavily upon you that it forms an eldritch ward. You and friendly creatures within 10 feet of you have resistance to damage from spells.

At 18th level, the range of this aura increases to 30 feet.",7,Paladin,Oath of the Ancients,False,,Player's Handbook,paladin_features.json
Undying Sentinel,"Starting at 15th level, when you are reduced to 0 hit points and are not killed outright, you can choose to drop to 1 hit point instead. Once you use this ability, you can't use it again until you finish a long rest.

Additionally, you suffer none of the drawbacks of old age, and you can't be aged magically.",15,Paladin,Oath of the Ancients,False,1,Player's Handbook,paladin_features.json
Elder Champion,"At 20th level, you can assume the form of an ancient force of nature, taking on an appearance you choose. For example, your skin might turn green or take on a bark-like texture, your hair might become leafy or moss-like, or you might sprout antlers or a lion-like mane.

Using your action, you undergo a transformation. For 1 minute, you gain the following benefits:

• At the start of each of your turns, you regain 10 hit points.

• Whenever you cast a paladin spell that has a casting time of 1 action, you can cast it using a bonus action instead.

• Enemy creatures within 10 feet of you have disadvantage on saving throws against your paladin spells and Channel Divinity options.

Once you use this feature, you can't use it again until you finish a long rest.",20,Paladin,Oath of the Ancients,False,1,Player's Handbook,paladin_features.json
Tenets of Conquest,"A paladin who takes this oath has the tenets of conquest seared on the upper arm.

Douse the Flame of Hope. It is not enough to merely defeat an enemy in battle. Your victory must be so overwhelming that your enemies’ will to fight is shattered forever. A blade can end a life. Fear can end an empire.

Rule with an Iron Fist. Once you have conquered, tolerate no dissent. Your word is law. Those who obey it shall be favored. Those who defy it shall be punished as an example to all who might follow.

Strength Above All. You shall rule until a stronger one arises. Then you must grow mightier and meet the challenge, or fall to your own ruin.",3,Paladin,Oath of Conquest,False,,Xanathar's Guide to Everything,paladin_features.json
Oath Spells,You gain oath spells at the paladin levels listed.,3,Paladin,Oath of Conquest,False,,Xanathar's Guide to Everything,paladin_features.json
Channel Divinity,"When you take this oath at 3rd level, you gain the following two Channel Divinity options.

• Conquering Presence. You can use your Channel Divinity to exude a terrifying presence. As an action, you force each creature of your choice that you can see within 30 feet of you to make a Wisdom saving throw. On a failed save, a creature becomes frightened of you for 1 minute. The frightened creature can repeat this saving throw at the end of each of its turns, ending the effect on itself on a success.

• Guided Strike. You can use your Channel Divinity to strike with supernatural accuracy. When you make an attack roll, you can use your Channel Divinity to gain a +10 bonus to the roll. You make this choice after you see the roll, but before the DM says whether the attack hits or misses.",3,Paladin,Oath of Conquest,False,,Xanathar's Guide to Everything,paladin_features.json
Aura of Conquest,"Starting at 7th level, you constantly emanate a menacing aura while you're not incapacitated. The aura extends 10 feet from you in every direction, but not through total cover.

If a creature is frightened of you, its speed is reduced to 0 while in the aura, and that creature takes psychic damage equal to half your paladin level if it starts its turn there.

At 18th level, the range of this aura increases to 30 feet.",7,Paladin,Oath of Conquest,False,,Xanathar's Guide to Everything,paladin_features.json
Scornful Rebuke,"Starting at 15th level, those who dare to strike you are psychically punished for their audacity. Whenever a creature hits you with an attack, that creature takes psychic damage equal to your Charisma modifier (minimum of 1) if you’re not incapacitated.",15,Paladin,Oath of Conquest,False,,Xanathar's Guide to Everything,paladin_features.json
Invincible Conqueror,"At 20th level, you gain the ability to harness extraordinary martial prowess. As an action, you can magically become an avatar of conquest, gaining the following benefits for 1 minute:

• You have resistance to all damage.

• When you take the Attack action on your turn, you can make one additional attack as part of that action.

• Your melee weapon attacks score a critical hit on a roll of 19 or 20 on the d20.

Once you use this feature, you can’t use it again until you finish a long rest.",20,Paladin,Oath of Conquest,False,1,Xanathar's Guide to Everything,paladin_features.json
Tenets of the Crown,"The tenets of the Oath of the Crown are often set by the sovereign to which their oath is sworn, but generally emphasize the following tenets.

Law. The law is paramount. It is the mortar that holds the stones of civilization together, and it must be respected.

Loyalty. Your word is your bond. Without loyalty, oaths and laws are meaningless.

Courage. You must be willing to do what needs to be done for the sake of order, even in the face of overwhelming odds. If you don't act, then who will?

Responsibility. You must deal with the consequences of your actions, and you are responsible for fulfilling your duties and obligations.",3,Paladin,Oath of the Crown,False,,Sword Coast Adventurer's Guide,paladin_features.json
Oath Spells,You gain oath spells at the paladin levels listed.,3,Paladin,Oath of the Crown,False,,Sword Coast Adventurer's Guide,paladin_features.json
Channel Divinity,"When you take this oath at 3rd level, you gain the following two Channel Divinity options.

• Champion Challenge. As a bonus action, you issue a challenge that compels other creatures to do battle with you. Each creature of your choice that you can see within 30 feet of you must make a Wisdom saving throw. On a failed save, a creature can't willingly move more than 30 feet away from you. This effect ends on the creature if you are incapacitated or die or if the creature is more than 30 feet away from you.

• Turn the Tide. As a bonus action, you can bolster injured creatures with your Channel Divinity. Each creature of your choice that can hear you within 30 feet of you regains hit points equal to 1d6 + your Charisma modifier (minimum of 1) if it has no more than half of its hit points.",3,Paladin,Oath of the Crown,False,,Sword Coast Adventurer's Guide,paladin_features.json
Divine Allegiance,"Starting at 7th level, when a creature within 5 feet of you takes damage, you can use your reaction to magically substitute your own health for that of the target creature, causing that creature not to take the damage. Instead, you take the damage. This damage to you can't be reduced or prevented in any way.",7,Paladin,Oath of the Crown,False,,Sword Coast Adventurer's Guide,paladin_features.json
Unyielding Saint,"Starting at 15th level, you have advantage on saving throws to avoid becoming paralyzed or stunned.",15,Paladin,Oath of the Crown,False,,Sword Coast Adventurer's Guide,paladin_features.json
Exalted Champion,"At 20th level, your presence on the field of battle is an inspiration to those dedicated to your cause. You can use your action to gain the following benefits for 1 hour:

• You have resistance to bludgeoning, piercing, and slashing damage from nonmagical weapons.

• Your allies have advantage on death saving throws while within 30 feet of you.

• You have advantage on Wisdom saving throws, as do your allies within 30 feet of you.

This effect ends early if you are incapacitated or die. Once you use this feature, you can't use it again until you finish a long rest.",20,Paladin,Oath of the Crown,False,1,Sword Coast Adventurer's Guide,paladin_features.json
Tenets of Devotion,"Though the exact words and strictures of the Oath of Devotion vary, paladins of this oath share these tenets.

Honesty. Don't lie or cheat. Let your word be your promise.

Courage. Never fear to act, though caution is wise.

Compassion. Aid others, protect the weak, and punish those who threaten them. Show mercy to your foes, but temper it with wisdom.

Honor. Treat others with fairness, and let your honorable deeds be an example to them. Do as much good as possible while causing the least amount of harm.

Duty. Be responsible for your actions and their consequences, protect those entrusted to your care, and obey those who have just authority over you.",3,Paladin,Oath of Devotion,False,,Player's Handbook,paladin_features.json
Oath Spells,You gain oath spells at the paladin levels listed.,3,Paladin,Oath of Devotion,False,,Player's Handbook,paladin_features.json
Channel Divinity,"When you take this oath at 3rd level, you gain the following two Channel Divinity options.

• Sacred Weapon. As an action, you can imbue one weapon that you are holding with positive energy, using your Channel Divinity. For 1 minute, you add your Charisma modifier to attack rolls made with that weapon (with a minimum bonus of +1). The weapon also emits bright light in a 20-foot radius and dim light 20 feet beyond that. If the weapon is not already magical, it becomes magical for the duration. You can end this effect on your turn as part of any other action. If you are no longer holding or carrying this weapon, or if you fall unconscious, this effect ends.

• Turn the Unholy. As an action, you present your holy symbol and speak a prayer censuring fiends and undead, using your Channel Divinity. Each fiend or undead that can see or hear you within 30 feet of you must make a Wisdom saving throw. If the creature fails its saving throw, it is turned for 1 minute or until it takes damage. A turned creature must spend its turns trying to move as far away from you as it can, and it can't willingly move to a space within 30 feet of you. It also can't take reactions. For its action, it can use only the Dash action or try to escape from an effect that prevents it from moving. If there's nowhere to move, the creature can use the Dodge action.",3,Paladin,Oath of Devotion,False,,Player's Handbook,paladin_features.json
Aura of Devotion,"Starting at 7th level, you and friendly creatures within 10 feet of you can't be charmed while you are conscious.

At 18th level, the range of this aura increases to 30 feet.",7,Paladin,Oath of Devotion,False,,Player's Handbook,paladin_features.json
Purity of Spirit,"Beginning at 15th level, you are always under the effects of a Protection from Evil and Good spell.",15,Paladin,Oath of Devotion,False,,Player's Handbook,paladin_features.json
Holy Nimbus,"At 20th level, as an action, you can emanate an aura of sunlight. For 1 minute, bright light shines from you in a 30-foot radius, and dim light shines 30 feet beyond that.

Whenever an enemy creature starts its turn in the bright light, the creature takes 10 radiant damage.

In addition, for the duration, you have advantage on saving throws against spells cast by fiends or undead.

Once you use this feature, you can't use it again until you finish a long rest.",20,Paladin,Oath of Devotion,False,1,Player's Handbook,paladin_features.json
Tenets Of Glory,"The tenets of the Oath of Glory drive a paladin to attempt heroics that might one day shine in legend.

Actions over Words. Strive to be known by glorious deeds, not words.

Challenges Are but Tests. Face hardships with courage, and encourage your allies to face them with you.

Hone the Body. Like raw stone, your body must be worked so its potential can be realized.

Discipline the Soul. You must marshal the discipline to overcome failings within yourself that threaten to dim the glory of you and your friends.",3,Paladin,Oath of Glory,False,,"Mythic Odysseys of Theros, Tasha's Cauldron of Everything",paladin_features.json
Oath Spells,You gain oath spells at the paladin levels listed.,3,Paladin,Oath of Glory,False,,"Mythic Odysseys of Theros, Tasha's Cauldron of Everything",paladin_features.json
Channel Divinity,"When you take this oath at 3rd level, you gain the following two Channel Divinity options. See the Sacred Oath class feature for how Channel Divinity works.

• Peerless Athlete. As a bonus action, you can use your Channel Divinity to augment your athleticism. For the next 10 minutes, you have advantage on Strength (Athletics) and Dexterity (Acrobatics) checks; you can carry, push, drag, and lift twice as much weight as normal; and the distance of your long and high jumps increases by 10 feet (this extra distance costs movement as normal).

• Inspiring Smite. Immediately after you deal damage to a creature with your Divine Smite feature, you can use your Channel Divinity as a bonus action and distribute temporary hit points to creatures of your choice within 30 feet of you, which can include you. The total number of temporary hit points equals 2d8 + your level in this class, divided among the chosen creatures however you like.",3,Paladin,Oath of Glory,False,,"Mythic Odysseys of Theros, Tasha's Cauldron of Everything",paladin_features.json
Aura of Alacrity,"At 7th level, you emanate an aura that fills you and your companions with supernatural speed, allowing you to race across a battlefield in formation. Your walking speed increases by 10 feet. In addition, if you aren't incapacitated, the walking speed of any ally who starts their turn within 5 feet of you increases by 10 feet until the end of that turn.

When you reach 18th level in this class, the range of the aura increases to 10 feet.",7,Paladin,Oath of Glory,False,,"Mythic Odysseys of Theros, Tasha's Cauldron of Everything",paladin_features.json
Glorious Defense,"When you reach 15th level, you can turn defense into a sudden strike. When you or another creature you can see within 10 feet of you is hit by an attack roll, you can use your reaction to grant a bonus to the target's AC against that attack, potentially causing it to miss. The bonus equals your Charisma modifier (minimum of +1). If the attack misses, you can make one weapon attack against the attacker as part of this reaction, provided the attacker is within your weapon's range.

You can use this feature a number of times equal to your Charisma modifier (minimum of once), and you regain all expended uses when you finish a long rest.",15,Paladin,Oath of Glory,False,,"Mythic Odysseys of Theros, Tasha's Cauldron of Everything",paladin_features.json
Living Legend,"At 20th level, you can empower yourself with the legends — whether true or exaggerated — of your great deeds. As a bonus action, you gain the following benefits for 1 minute:

• You are blessed with an otherworldly presence, gaining advantage on all Charisma checks.

• Once on each of your turns when you make a weapon attack and miss, you can cause that attack to hit instead.

• If you fail a saving throw, you can use your reaction to reroll it. You must use this new roll.

Once you use this feature, you can’t use it again until you finish a long rest, unless you expend a 5th-level spell slot to use it again.",20,Paladin,Oath of Glory,False,1,"Mythic Odysseys of Theros, Tasha's Cauldron of Everything",paladin_features.json
Tenets of Redemption,"The tenets of the Oath of Redemption hold a paladin to a high standard of peace and justice.

Peace. Violence is a weapon of last resort. Diplomacy and understanding are the paths to long-lasting peace.

Innocence. All people begin life in an innocent state, and it is their environment or the influence of dark forces that drives them to evil. By setting the proper example, and working to heal the wounds of a deeply flawed world, you can set anyone on a righteous path.

Patience. Change takes time. Those who have walked the path of the wicked must be given reminders to keep them honest and true. Once you have planted the seed of righteousness in a creature, you must work day after day to allow it to survive and then flourish.

Wisdom. Your heart and mind must stay clear, for eventually you will be forced to admit defeat. While every creature can be redeemed, some are so far along the path of evil that you have no choice but to end their lives for the greater good. Any such action must be carefully weighed and the consequences fully understood, but once you have made the decision, follow through with it knowing your path is just.",3,Paladin,Oath of Redemption,False,,Xanathar's Guide to Everything,paladin_features.json
Oath Spells,You gain oath spells at the paladin levels listed.,3,Paladin,Oath of Redemption,False,,Xanathar's Guide to Everything,paladin_features.json
Channel Divinity,"When you take this oath at 3rd level, you gain the following two Channel Divinity options.

• Emissary of Peace. You can use your Channel Divinity to augment your presence with divine power. As a bonus action, you grant yourself a +5 bonus to Charisma (Persuasion) checks for the next 10 minutes.

• Rebuke the Violent. You can use your Channel Divinity to rebuke those who use violence. Immediately after an attacker within 30 feet of you deals damage with an attack against a creature other than you, you can use your reaction to force the attacker to make a Wisdom saving throw. On a failed save, the attacker takes radiant damage equal to the damage it just dealt. On a successful save, it takes half as much damage.",3,Paladin,Oath of Redemption,False,,Xanathar's Guide to Everything,paladin_features.json
Aura of the Guardian,"Starting at 7th level, you can shield your allies from harm at the cost of your own health. When a creature within 10 feet of you takes damage, you can use your reaction to magically take that damage, instead of that creature taking it. This feature doesn't transfer any other effects that might accompany the damage, and this damage can't be reduced in any way.

At 18th level, the range of this aura increases to 30 feet.",7,Paladin,Oath of Redemption,False,,Xanathar's Guide to Everything,paladin_features.json
Protective Spirit,"Starting at 15th level, a holy presence mends your wounds in combat. You regain hit points equal to 1d6 + half your paladin level if you end your turn in combat with fewer than half of your hit points remaining and you aren’t incapacitated.",15,Paladin,Oath of Redemption,False,,Xanathar's Guide to Everything,paladin_features.json
Emissary of Redemption,"At 20th level, you become an avatar of peace, which gives you two benefits:

• You have resistance to all damage dealt by other creatures (their attacks, spells, and other effects).

• Whenever a creature hits you with an attack, it takes radiant damage equal to half the damage you take from the attack.

If you attack a creature, cast a spell on it, or deal damage to it by any means but this feature, neither benefit works against that creature until you finish a long rest.",20,Paladin,Oath of Redemption,False,,Xanathar's Guide to Everything,paladin_features.json
Tenets of Vengeance,"The tenets of the Oath of Vengeance vary by paladin, but all the tenets revolve around punishing wrongdoers by any means necessary. Paladins who uphold these tenets are willing to sacrifice even their own righteousness to mete out justice upon those who do evil, so the paladins are often neutral or lawful neutral in alignment. The core principles of the tenets are brutally simple.

Fight the Greater Evil. Faced with a choice of fighting my sworn foes or combating a lesser evil, I choose the greater evil.

No Mercy for the Wicked. Ordinary foes might win my mercy, but my sworn enemies do not.

By Any Means Necessary. My qualms can't get in the way of exterminating my foes.

Restitution. If my foes wreak ruin on the world, it is because I failed to stop them. I must help those harmed by their misdeeds.",3,Paladin,Oath of Vengeance,False,,Player's Handbook,paladin_features.json
Oath Spells,You gain oath spells at the paladin levels listed.,3,Paladin,Oath of Vengeance,False,,Player's Handbook,paladin_features.json
Channel Divinity,"When you take this oath at 3rd level, you gain the following two Channel Divinity options.

• Abjure Enemy. As an action, you present your holy symbol and speak a prayer of denunciation, using your Channel Divinity. Choose one creature within 60 feet of you that you can see. That creature must make a Wisdom saving throw, unless it is immune to being frightened. Fiends and undead have disadvantage on this saving throw. On a failed save, the creature is frightened for 1 minute or until it takes any damage. While frightened, the creature's speed is 0, and it can't benefit from any bonus to its speed. On a successful save, the creature's speed is halved for 1 minute or until the creature takes any damage.

• Vow of Enmity. As a bonus action, you can utter a vow of enmity against a creature you can see within 10 feet of you, using your Channel Divinity. You gain advantage on attack rolls against the creature for 1 minute or until it drops to 0 hit points or falls unconscious.",3,Paladin,Oath of Vengeance,False,,Player's Handbook,paladin_features.json
Relentless Avenger,"By 7th level, your supernatural focus helps you close off a foe's retreat. When you hit a creature with an opportunity attack, you can move up to half your speed immediately after the attack and as part of the same reaction. This movement doesn't provoke opportunity attacks.",7,Paladin,Oath of Vengeance,False,,Player's Handbook,paladin_features.json
Soul of Vengeance,"Starting at 15th level, the authority with which you speak your Vow of Enmity gives you greater power over your foe. When a creature under the effect of your Vow of Enmity makes an attack, you can use your reaction to make a melee weapon attack against that creature if it is within range.",15,Paladin,Oath of Vengeance,False,,Player's Handbook,paladin_features.json
Avenging Angel,"At 20th level, you can assume the form of an angelic avenger. Using your action, you undergo a transformation. For 1 hour, you gain the following benefits:

• Wings sprout from your back and grant you a flying speed of 60 feet.

• You emanate an aura of menace in a 30-foot radius. The first time any enemy creature enters the aura or starts its turn there during a battle, the creature must succeed on a Wisdom saving throw or become frightened of you for 1 minute or until it takes any damage. Attack rolls against the frightened creature have advantage.

Once you use this feature, you can't use it again until you finish a long rest.",20,Paladin,Oath of Vengeance,False,1,Player's Handbook,paladin_features.json
Tenets of the Watchers,"A paladin who assumes the Oath of the Watchers swears to safeguard mortal realms from otherwordly threats.

Vigilance. The threats you face are cunning, powerful, and subversive. Be ever alert for their corruption.

Loyalty. Never accept gifts or favors from fiends or those who truck with them. Stay true to your order, your comrades, and your duty.

Discipline. You are the shield against the endless terrors that lie beyond the stars. Your blade must be forever sharp and your mind keen to survive what lies beyond.",3,Paladin,Oath of the Watchers,False,,Tasha's Cauldron of Everything,paladin_features.json
Oath Spells,You gain oath spells at the paladin levels listed.,3,Paladin,Oath of the Watchers,False,,Tasha's Cauldron of Everything,paladin_features.json
Channel Divinity,"When you take this oath at 3rd level, you gain the following two Channel Divinity options. See the Sacred Oath class feature for how Channel Divinity works.

• Watcher's Will. You can use your Channel Divinity to invest your presence with the warding power of your faith. As an action, you can choose a number of creatures you can see within 30 feet of you, up to a number equal to your Charisma modifier (minimum of one creature). For 1 minute, you and the chosen creatures have advantage on Intelligence, Wisdom, and Charisma saving throws.

• Abjure the Extraplanar. You can use your Channel Divinity to castigate unworldly beings. As an action, you present your holy symbol and each aberration, celestial, elemental, fey, or fiend within 30 feet of you that can hear you must make a Wisdom saving throw. On a failed save, the creature is turned for 1 minute or until it takes damage. A turned creature must spend its turns trying to move as far away from you as it can, and it can't willingly end its move in a space within 30 feet of you. For its action, it can use only the Dash action or try to escape from an effect that prevents it from moving. If there's nowhere to move, the creature can take the Dodge action.",3,Paladin,Oath of the Watchers,False,,Tasha's Cauldron of Everything,paladin_features.json
Aura of the Sentinel,"At 7th level, you emit an aura of alertness while you aren't incapacitated. When you and any creatures of your choice within 10 feet of you roll initiative, you all gain a bonus to initiative equal to your proficiency bonus.

At 18th level, the range of this aura increases to 30 feet.",7,Paladin,Oath of the Watchers,False,,Tasha's Cauldron of Everything,paladin_features.json
Vigilant Rebuke,"At 15th level, you've learned how to chastise anyone who dares wield beguilements against you and your wards. Whenever you or a creature you can see within 30 feet of you succeeds on an Intelligence, a Wisdom, or a Charisma saving throw, you can use your reaction to deal 2d8 + your Charisma modifier force damage to the creature that forced the saving throw.",15,Paladin,Oath of the Watchers,False,,Tasha's Cauldron of Everything,paladin_features.json
Mortal Bulwark,"At 20th level, you manifest a spark of divine power in defense of the mortal realms. As a bonus action, you gain the following benefits for 1 minute:

• You gain truesight with a range of 120 feet.

• You have advantage on attack rolls against aberrations, celestials, elementals, fey, and fiends.

• When you hit a creature with an attack roll and deal damage to it, you can also force it to make a Charisma saving throw against your spell save DC. On a failed save, the creature is magically banished to its native plane of existence if it's currently not there. On a successful save, the creature can't be banished by this feature for 24 hours.

Once you use this bonus action, you can't use it again until you finish a long rest, unless you expend a 5th-level spell slot to use it again.",20,Paladin,Oath of the Watchers,False,1,Tasha's Cauldron of Everything,paladin_features.json
Oath Spells,You gain oath spells at the paladin levels listed.,3,Paladin,Oathbreaker,False,,Dungeon Master's Guide,paladin_features.json
Channel Divinity,"When you take this oath at 3rd level, you gain the following two Channel Divinity options.

• Control Undead. As an action, you target one undead creature you can see within 30 feet of you. The target must make a Wisdom saving throw. On a failed save, the target must obey your commands for the next 24 hours, or until you use this Channel Divinity option again. An undead whose challenge rating is equal to or greater than your paladin level is immune to this effect.

• Dreadful Aspect. As an action, you channel the darkest emotions and focus them into a burst of magical menace. Each creature of your choice within 30 feet of you must make a Wisdom saving throw if it can see you. On a failed save, the target is frightened of you for 1 minute. If a creature frightened by this effect ends its turn more than 30 feet away from you, it can attempt another Wisdom saving throw to end the effect on it.",3,Paladin,Oathbreaker,False,,Dungeon Master's Guide,paladin_features.json
Aura of Hate,"Starting at 7th level you, as well any fiends and undead within 10 feet of you, gain a bonus to melee weapon damage rolls equal to your Charisma modifier (minimum of +1). A creature can benefit from this feature from only one paladin at a time.

At 18th level, the range of this aura increases to 30 feet.",7,Paladin,Oathbreaker,False,,Dungeon Master's Guide,paladin_features.json
Supernatural Resistance,"At 15th level, you gain resistance to bludgeoning, piercing, and slashing damage from nonmagical weapons.",15,Paladin,Oathbreaker,False,,Dungeon Master's Guide,paladin_features.json
Dread Lord,"At 20th level, you can, as an action, surround yourself with an aura of gloom that lasts for 1 minute. The aura reduces any bright light in a 30-foot radius around you to dim light. Whenever an enemy that is frightened by you starts its turn in the aura, it takes 4d10 psychic damage. Additionally, you and any creatures of your choosing in the aura are draped in deeper shadow. Creatures that rely on sight have disadvantage on attack rolls against creatures draped in this shadow.

While the aura lasts, you can use a bonus action on your turn to cause the shadows in the aura to attack one creature. Make a melee spell attack against the target. If the attack hits, the target takes necrotic damage equal to 3d10 + your Charisma modifier.

After activating the aura, you can't do so again until you finish a long rest.",20,Paladin,Oathbreaker,False,,Dungeon Master's Guide,paladin_features.json
Tenets of Treachery,"A paladin who embraces the Oath of Treachery owes allegiance to no one. There are no tenets of this oath, for it lacks any substance. Those who are unfortunate enough to have close contact with blackguards have observed that a blackguard’s overwhelming concern is power and safety, especially if both can be obtained at the expense of others.",3,Paladin,Oath of Treachery (UA),False,,Unearthed Arcana 26 - Paladin,paladin_features.json
Oath Spells,You gain oath spells at the paladin levels listed.,3,Paladin,Oath of Treachery (UA),False,,Unearthed Arcana 26 - Paladin,paladin_features.json
Channel Divinity,"When you take this oath at 3rd level, you gain the following two Channel Divinity options.

• Conjure Duplicate. As an action, you create a visual illusion of yourself that lasts for 1 minute, or until you lose your concentration (as if you were concentrating on a spell). The illusion appears in an unoccupied space of your choice that you can see within 30 feet of you. The illusion looks exactly like you; it is silent; it is your size, is insubstantial, and doesn’t occupy its space; and it is unaffected by attacks and damage. As a bonus action on your turn, you can move the illusion up to 30 feet to a space you can see, but the illusion must remain within 120 feet of you. For the duration, you can cast spells as though you were in the illusion’s space, but you must use your own senses. Additionally, when both you and your illusion are within 5 feet of a creature that can see the illusion, you have advantage on attack rolls against that creature, given how uncanny the illusion is.

• For the duration, you can cast spells as though you were in the illusion’s space, but you must use your own senses. Additionally, when both you and your illusion are within 5 feet of a creature that can see the illusion, you have advantage on attack rolls against that creature, given how uncanny the illusion is.

• For the duration, you can cast spells as though you were in the illusion’s space, but you must use your own senses. Additionally, when both you and your illusion are within 5 feet of a creature that can see the illusion, you have advantage on attack rolls against that creature, given how uncanny the illusion is.

• Poison Strike. You can use your Channel Divinity to make a weapon deadlier. As a bonus action, you touch one weapon or piece of ammunition and conjure a special poison on it. The poison lasts for 1 minute. The next time you hit a target with an attack using that weapon or ammunition, the target takes poison damage immediately after the attack. The poison damage equals 2d10 + your paladin level, or 20 + your paladin level if you had advantage on the attack roll.",3,Paladin,Oath of Treachery (UA),False,,Unearthed Arcana 26 - Paladin,paladin_features.json
Aura of Treachery,"Starting at 7th level, you emanate an aura of discord, which gives you the following benefits.

• Cull the Herd. You have advantage on melee attack rolls against any creature that has one or more of its allies within 5 feet of it.

• Treacherous Strike. If a creature within 5 feet of you misses you with a melee attack, you can use your reaction to force the attacker to reroll that attack against a creature of your choice that is also within 5 feet of the attacker. The ability fails and is wasted if the attacker is immune to being charmed. You can use this ability three times, and regain expended uses of it when you finish a short or long rest.",7,Paladin,Oath of Treachery (UA),False,,Unearthed Arcana 26 - Paladin,paladin_features.json
Blackguard's Escape,"At 15th level, you have the ability to slip away from your foes. Immediately after you are hit by an attack, you can use your reaction to turn invisible and teleport up to 60 feet to a spot you can see. You remain invisible until the end of your next turn or until you attack, deal damage, or force a creature to make a saving throw. Once you use this feature, you must finish a short or long rest before you can use it again.",15,Paladin,Oath of Treachery (UA),False,1,Unearthed Arcana 26 - Paladin,paladin_features.json
Icon of Deceit,"At 20th level, you gain the ability to emanate feelings of treachery. As an action, you can magically become an avatar of deceit, gaining the following benefits for 1 minute:

• You are invisible.

• If a creature damages you on its turn, it must succeed on a Wisdom saving throw (DC equal to your spell save DC) or you control its next action, provided that you aren’t incapacitated when it takes the action. A creature automatically succeeds on the save if the creature is immune to being charmed.

• If you have advantage on an attack roll, you gain a bonus to its damage roll equal to your paladin level.

Once you use this feature, you can’t use it again until you finish a long rest.",20,Paladin,Oath of Treachery (UA),False,1,Unearthed Arcana 26 - Paladin,paladin_features.json
Tenets of Redemption,"The tenets of the Oath of Redemption hold a paladin to a high standard of peace and justice.

Peace. Violence is a weapon of last resort. Diplomacy and understanding are the paths to long-lasting peace.

Innocence. All people begin life in an innocent state, and it is their environment or the influence of dark forces that drives them to evil. By setting the proper example, and working to heal the wounds of a deeply flawed world, you can set anyone on a righteous path.

Patience. Change takes time. Those who have walked the path of the wicked must be given reminders to keep them honest and true. Once you have planted the seed of righteousness in a creature, you must work day after day to allow it to survive and then flourish.

Wisdom. Your heart and mind must stay clear, for eventually you will be forced to admit defeat. While every creature can be redeemed, some are so far along the path of evil that you have no choice but to end their lives for the greater good. Any such action must be carefully weighed and the consequences fully understood, but once you have made the decision, follow through with it knowing your path is just.",3,Paladin,Oath of Redemption (UA),False,,Unearthed Arcana 35 - A Trio of Subclasses,paladin_features.json
Redemption Spells,You gain oath spells at the paladin levels listed.,3,Paladin,Oath of Redemption (UA),False,,Unearthed Arcana 35 - A Trio of Subclasses,paladin_features.json
Armor of Peace,"Starting at 3rd level, your commitment to peace allows you to walk into the most dangerous situations unarmored. While you aren’t wearing armor or wielding a shield, your base AC is 16 + your Dexterity modifier.",3,Paladin,Oath of Redemption (UA),False,,Unearthed Arcana 35 - A Trio of Subclasses,paladin_features.json
Warrior of Reconciliation,"At 3rd level, you foreswear the weapons of war in favor of simple tools. While wielding a simple weapon that deals bludgeoning damage, you gain a special benefit if you reduce a creature to 0 hit points with that weapon and decide to spare the creature’s life. Instead of falling unconscious, the creature is charmed by you for 1 minute. During that time, the charmed creature is peaceful and docile, refusing to move or to take actions or reactions, unless you command it to. You can’t order the creature to attack, force someone to make a saving throw, or cause damage to itself or others. This charmed effect ends early if you are incapacitated or if you or your companions attack the creature, deal damage to it, or force it to make a saving throw. When the effect ends, the creature falls unconscious if it still has 0 hit points.",3,Paladin,Oath of Redemption (UA),False,,Unearthed Arcana 35 - A Trio of Subclasses,paladin_features.json
Channel Divinity,"When you take this oath at 3rd level, you gain the following two Channel Divinity options.

Emissary of Peace. You can use your Channel Divinity to augment your presence with divine power. As a bonus action, you grant yourself a +5 bonus to the next Charisma (Persuasion) check you make within the next minute.

Rebuke the Violent. You can use your Channel Divinity to rebuke those who use violence. As a reaction when an enemy within 10 feet of you deals damage with a melee attack against one creature other than you, you force that attacker to make a Wisdom saving throw. On a failed save, the attacker takes radiant damage equal to the damage it just dealt. On a successful save, it takes half as much damage.",3,Paladin,Oath of Redemption (UA),False,,Unearthed Arcana 35 - A Trio of Subclasses,paladin_features.json
Aura of the Guardian,"Starting at 7th level, you can shield your allies from harm at the cost of your own health. As a reaction when an ally within 10 feet of you takes damage, you instead magically take that damage. This feature doesn’t transfer any other effects that might accompany the damage.",7,Paladin,Oath of Redemption (UA),False,,Unearthed Arcana 35 - A Trio of Subclasses,paladin_features.json
Protective Spirit,"Starting at 15th level, a holy presence mends your wounds in combat. You regain hit points equal to 1d6 + half your paladin level if you end your turn in combat with fewer than half of your hit points remaining and you aren’t incapacitated.",15,Paladin,Oath of Redemption (UA),False,,Unearthed Arcana 35 - A Trio of Subclasses,paladin_features.json
Emissary of Redemption,"At 20th level, you become an avatar of peace, which gives you two benefits:

• You have resistance to all damage dealt by other creatures (their attacks, spells, and other effects).

• Whenever a creature damages you, it takes damage equal to half the amount it dealt to you.

If you attack a creature, deal damage to it, or force it to make a saving throw, neither benefit works against that creature until you finish a long rest.",20,Paladin,Oath of Redemption (UA),False,,Unearthed Arcana 35 - A Trio of Subclasses,paladin_features.json
Tenets of the Watchers,"A paladin who assumes the Oath of the Watchers swears to safeguard the mortal realm from otherwordly threats.

Vigilance The threats you face are cunning, powerful, and subversive. Be ever alert for their corruption.

Loyalty Never accept gifts or favors from fiends or those who truck with them. Stay true to your order, your comrades, and your duty.

Discipline You are the shield against the endless terrors that lie beyond the stars. Your blade must be forever sharp and your mind keen to survive what lies beyond.",3,Paladin,Oath of the Watchers (UA),False,,"Unearthed Arcana 67 - Subclasses, Part 1",paladin_features.json
Oath Spells,You gain oath spells at the paladin levels listed.,3,Paladin,Oath of the Watchers (UA),False,,"Unearthed Arcana 67 - Subclasses, Part 1",paladin_features.json
Channel Divinity,"When you take this oath at 3rd level, you gain the following two Channel Divinity options.

• Adbjure the Extraplanar You can use your Channel Divinity to castigate unwordly beings. As an action, you present your holy symbol and each elemental, fey, fiend, or aberration within 30 feet of you that can hear you must make a Wisdom saving throw. On a failed save, the creature is turned for 1 minute or until it takes damage. A turned creature must spend its turns trying to move as far away from you as it can, and it can't willingly move to a space within 30 feet of you. For its action, it can use only the Dash action or try to escape from an effect that prevents it from moving. If there's nowhere to move, the creature can use the Dodge action.

• A turned creature must spend its turns trying to move as far away from you as it can, and it can't willingly move to a space within 30 feet of you. For its action, it can use only the Dash action or try to escape from an effect that prevents it from moving. If there's nowhere to move, the creature can use the Dodge action.

• A turned creature must spend its turns trying to move as far away from you as it can, and it can't willingly move to a space within 30 feet of you. For its action, it can use only the Dash action or try to escape from an effect that prevents it from moving. If there's nowhere to move, the creature can use the Dodge action.

• Watcher's Will You can use your Channel Divinity to invest your presence with the warding power of your faith. As an action, you can choose a number of creatures you can see within 30 feet of you, up to a number equal to your Charisma modifier (minimum of one creature). For 1 minute, all the chosen creatures have advantage on Intelligence, Wisdom, and Charisma saving throws.",3,Paladin,Oath of the Watchers (UA),False,,"Unearthed Arcana 67 - Subclasses, Part 1",paladin_features.json
Aura of the Sentinel,"You emit an aura of alertness while you aren't incapacitated. At 7th level, when you and any creature of your choice within 10 feet of you rolls initiative, you each gain a bonus to initiative equal to your Charisma modifier (minimum of +1).

At 18th level, the range of this aura increases to 30 feet.",7,Paladin,Oath of the Watchers (UA),False,,"Unearthed Arcana 67 - Subclasses, Part 1",paladin_features.json
Vigilant Rebuke,"At 15th level, you've learned how to magically chastise anyone who dares cast unwanted spells at you and your wards. Whenever you or a creature you can see within 30 feet of you succeeds on a saving throw against a spell, you can use your reaction to deal 2d8 + your Charisma modifier force damage to the spellcaster.",15,Paladin,Oath of the Watchers (UA),False,,"Unearthed Arcana 67 - Subclasses, Part 1",paladin_features.json
Mortal Bulwark,"At 20th level, you manifest a spark of your deity's power in defense of your sacred oath. As a bonus action, you gain the following benefits for 1 minute:

• You gain truesight in a 120-foot radius.

• You have advantage on attack rolls against elementals, fey, fiends, and aberrations.

• When you hit a creature with an attack and deal damage to it, you can also force it to make a Charisma saving throw. On a failed save, the creature is magically banished to its native plane of existence if it's currently not there. On a successful save, the creature can't be banished by this feature for 24 hours.

Once you use this bonus action, you can't use it again until you finish a long rest.",20,Paladin,Oath of the Watchers (UA),False,1,"Unearthed Arcana 67 - Subclasses, Part 1",paladin_features.json
Tenets of Heroism,"The tenets of the Oath of Heroism reflect a paladin's commitment to fulfilling their calling as a hero worthy of legend.

Actions Over Words Strive to be known by deeds, not words.

Challenges Are But Tests Every hardship serves to challenge your abilities and harden your resolve.

Embrace Destiny You didn't choose this path, but it's yours to walk. And it will carry you into legend.

Hone the Body Like raw stone, your body must be worked so its potential can be realized.",3,Paladin,Oath of Heroism (UA),False,,Unearthed Arcana 62 - Bard and Paladin,paladin_features.json
Oath Spells,You gain oath spells at the paladin levels listed.,3,Paladin,Oath of Heroism (UA),False,,Unearthed Arcana 62 - Bard and Paladin,paladin_features.json
Channel Divinity,"When you take this oath at 3rd level, you gain the following two Channel Divinity options.

• Legendary Strike You can use your Channel Divinity as a bonus action to guide your attacks: for 1 minute, your weapon attacks score a critical hit on a roll of 19 or 20 on the d20.

• Peerless Athlete You can use your Channel Divinity to augment your athleticism with divine favor. As a bonus action, you gain advantage on all Strength (Athletics) and Dexterity (Acrobatics) checks for the next 10 minutes.",3,Paladin,Oath of Heroism (UA),False,,Unearthed Arcana 62 - Bard and Paladin,paladin_features.json
Mighty Deed,"At 7th level, your actions on the battlefield can supernaturally bolster your allies and demoralize your enemies. Whenever you score a critical hit or reduce a creature to 0 hit points, you can choose one or more creatures that you can see within 30 feet of you, up to a number equal to your Charisma modifier (minimum of one creature). All the chosen creatures are affected by one of the following effects of your choice.

• The creature gains temporary hit points equal to 1d6 + your Charisma modifier (minimum of 1 temporary hit point).

• The creature must succeed on a Wisdom saving throw against your spell save DC or be frightened of you until the start of your next turn.

Once you use this feature you can't use it again until the start of your next turn.",7,Paladin,Oath of Heroism (UA),False,,Unearthed Arcana 62 - Bard and Paladin,paladin_features.json
Glorious Defense,"At 15th level, your blessed glory on the battlefield can misdirect an attack. When a creature you can see hits you with an attack roll, you can use your reaction to gain a bonus to AC against that attack, potentially causing it to miss you. The bonus equals your Charisma modifier (minimum of +1). If the attack misses, you can make one weapon attack against the attacker as part of this reaction.",15,Paladin,Oath of Heroism (UA),False,,Unearthed Arcana 62 - Bard and Paladin,paladin_features.json
Living Myth,"Starting at 20th level, you can now empower yourself with the legends - whether true or exaggerated - told of your great deeds. As a bonus action, you gain the following benefits for 10 minutes.

• You are blessed with otherworldly comeliness, gaining advantage on all Charisma checks.

• Once on each of your turns when you make a weapon attack and miss, you can cause that attack to hit instead.

• If you fail a saving throw, you can use your reaction to succeed instead.

Once you use this feature, you can't use it again until you finish a long rest.",20,Paladin,Oath of Heroism (UA),False,1,Unearthed Arcana 62 - Bard and Paladin,paladin_features.json
Base Features,"Hit Points:
Hit Dice: 1d10 per ranger level Hit Points at 1st Level: 10 + your Constitution modifier Hit Points at Higher Levels: 1d10 (or 6) + your Constitution modifier per ranger level after 1st

Proficiencies:
Armor: Light armor, medium armor, shields Weapons: Simple weapons, martial weapons Tools: None Saving Throws: Strength, Dexterity Skills: Choose three from Animal Handling, Athletics, Insight, Investigation, Nature, Perception, Stealth, and Survival

Equipment:
You start with the following equipment, in addition to the equipment granted by your background:

• (a) scale mail or (b) leather armor

• (a) two shortswords or (b) two simple melee weapons

• (a) a dungeoneer's pack or (b) an explorer's pack

• A longbow and a quiver of 20 arrows",1,Ranger,,False,,,ranger_features.json
Favored Enemy,"Beginning at 1st level, you have significant experience studying, tracking, hunting, and even talking to a certain type of enemy.

Choose a type of favored enemy: aberrations, beasts, celestials, constructs, dragons, elementals, fey, fiends, giants, monstrosities, oozes, plants, or undead. Alternatively, you can select two races of humanoid (such as gnolls and orcs) as favored enemies.

You have advantage on Wisdom (Survival) checks to track your favored enemies, as well as on Intelligence checks to recall information about them.

When you gain this feature, you also learn one language of your choice that is spoken by your favored enemies, if they speak one at all.

You choose one additional favored enemy, as well as an associated language, at 6th and 14th level. As you gain levels, your choices should reflect the types of monsters you have encountered on your adventures.",1,Ranger,,False,,,ranger_features.json
Favored Foe,"This 1st-level feature replaces the Favored Enemy feature and works with the Foe Slayer feature. You gain no benefit from the replaced feature and don't qualify for anything in the game that requires it.

When you hit a creature with an attack roll, you can call on your mystical bond with nature to mark the target as your favored enemy for 1 minute or until you lose your concentration (as if you were concentrating on a spell).

The first time on each of your turns that you hit the favored enemy and deal damage to it, including when you mark it, you increase that damage by 1d4.

You can use this feature to mark a favored enemy a number of times equal to your proficiency bonus, and you regain all expended uses when you finish a long rest.

This feature's extra damage increases when you reach certain levels in this class: to 1d6 at 6th level and to 1d8 at 14th level.",1,Ranger,,False,,,ranger_features.json
Deft Explorer,"This 1st-level feature replaces the Natural Explorer feature. You gain no benefit from the replaced feature and don't qualify for anything in the game that requires it.

You are an unsurpassed explorer and survivor, both in the wilderness and in dealing with others on your travels. You gain the Canny benefit below, and you gain an additional benefit when you reach 6th level and 10th level in this class.

Canny (1st Level)

Choose one of your skill proficiencies. Your proficiency bonus is doubled for any ability check you make using the chosen skill.

You can also speak, read, and write 2 additional languages of your choice.

Roving (6th Level)

Your walking speed increases by 5, and you gain a climbing speed and a swimming speed equal to your walking speed.

Tireless (10th Level)

As an action, you can give yourself a number of temporary hit points equal to 1d8 + your Wisdom modifier (minimum of 1 temporary hit point). You can use this action a number of times equal to your proficiency bonus, and you regain all expended uses when you finish a long rest.

In addition, whenever you finish a short rest, your exhaustion level, if any, is decreased by 1.",1,Ranger,,False,,,ranger_features.json
Fighting Style,"At 2nd level, you adopt a particular style of fighting as your specialty. Choose one of the following options. You can't take a Fighting Style option more than once, even if you later get to choose again.

• Archery. You gain a +2 bonus to attack rolls you make with ranged weapons.

• Blind Fighting. You have blind sight with a range of 10 feet. Within that range, you can effectively see anything that isn't behind total cover, even if you're blinded or in darkness. Moreover, you can see an invisible creature within that range, unless the creature successfully hides from you.

• Defense. While you are wearing armor, you gain a +1 bonus to AC.

• Druidic Warrior. You learn two cantrips of your choice from the Druid spell list. They count as ranger spells for you, and Wisdom is your spellcasting ability for them. Whenever you gain a level in this class, you can replace one of these cantrips with another cantrip from the Druid spell list.

• Dueling. When you are wielding a melee weapon in one hand and no other weapons, you gain a +2 bonus to damage rolls with that weapon.

• Thrown Weapon Fighting. You can draw a weapon that has the thrown property as part of the attack you make with the weapon. In addition, when you hit with a ranged attack using a thrown weapon, you gain a +2 bonus to the damage roll.

• In addition, when you hit with a ranged attack using a thrown weapon, you gain a +2 bonus to the damage roll.

• In addition, when you hit with a ranged attack using a thrown weapon, you gain a +2 bonus to the damage roll.

• Two-Weapon Fighting. When you engage in two-weapon fighting, you can add your ability modifier to the damage of the second attack.

• Close Quarters Shooter (UA). When making a ranged attack while you are within 5 feet of a hostile creature, you do not have disadvantage on the attack roll. Your ranged attacks ignore half cover and three-quarters cover against targets within 30 feet of you. You have a +1 bonus to attack rolls on ranged attacks.

• Interception (UA). When a creature you can see hits a target that is within 5 feet of you with an attack, you can use your reaction to reduce the damage the target takes by 1d10 + your proficiency bonus (to a minimum of 0 damage). You must be wielding a shield or a simple or martial weapon to use this reaction.

• Mariner (UA). As long as you are not wearing heavy armor or using a shield, you have a swimming speed and a climbing speed equal to your normal speed, and you gain a +1 bonus to armor class.

• Tunnel Fighter (UA). As a bonus action, you can enter a defensive stance that lasts until the start of your next turn. While in your defensive stance, you can make opportunity attacks without using your reaction, and you can use your reaction to make a melee attack against a creature that moves more than 5 feet while within your reach.

• Unarmed Fighting (UA). Your unarmed strikes can deal bludgeoning damage equal to 1d6 + your Strength modifier. If you strike with two free hands, the d6 becomes a d8. When you successfully start a grapple, you can deal 1d4 bludgeoning damage to the grappled creature. Until the grapple ends, you can also deal this damage to the creature whenever you hit it with a melee attack.

• When you successfully start a grapple, you can deal 1d4 bludgeoning damage to the grappled creature. Until the grapple ends, you can also deal this damage to the creature whenever you hit it with a melee attack.

• When you successfully start a grapple, you can deal 1d4 bludgeoning damage to the grappled creature. Until the grapple ends, you can also deal this damage to the creature whenever you hit it with a melee attack.",2,Ranger,,False,,,ranger_features.json
Spellcasting,"Spellcasting:
By the time you reach 2nd level, you have learned to use the magical essence of nature to cast spells, much as a druid does.

Spell Slots

The Ranger table shows how many spell slots you have to cast your ranger spells of 1st level and higher. To cast one of these spells, you must expend a slot of the spell's level or higher. You regain all expended spell slots when you finish a long rest.

For example, if you know the 1st-level spell Animal Friendship and have a 1st-level and a 2nd-level spell slot available, you can cast Animal Friendship using either slot.

Spells Known of 1st Level and Higher

You know two 1st-level spells of your choice from the ranger spell list.

The Spells Known column of the Ranger table shows when you learn more ranger spells of your choice. Each of these spells must be of a level for which you have spell slots. For instance, when you reach 5th level in this class, you can learn one new spell of 1st or 2nd level.

Additionally, when you gain a level in this class, you can choose one of the ranger spells you know and replace it with another spell from the ranger spell list, which also must be of a level for which you have spell slots.

Spellcasting Ability

Wisdom is your spellcasting ability for your ranger spells, since your magic draws on your attunement to nature. You use your Wisdom whenever a spell refers to your spellcasting ability. In addition, you use your Wisdom modifier when setting the saving throw DC for a ranger spell you cast and when making an attack roll with one.

Spell save DC = 8 + your proficiency bonus + your Wisdom modifier

Spell attack modifier = your proficiency bonus + your Wisdom modifier

Spellcasting Focus (Optional)

At 2nd level, you can use a druidic focus as a spellcasting focus for your ranger spells. A druidic focus might be a sprig of mistletoe or holly, a wand or rod made of yew or another special wood, a staff drawn whole from a living tree, or an object incorporating feathers, fur, bones, and teeth from sacred animals.",2,Ranger,,False,,,ranger_features.json
Primeval Awareness,"Beginning at 3rd level, you can use your action and expend one ranger spell slot to focus your awareness on the region around you. For 1 minute per level of the spell slot you expend, you can sense whether the following types of creatures are present within 1 mile of you (or within up to 6 miles if you are in your favored terrain): aberrations, celestials, dragons, elementals, fey, fiends, and undead. This feature doesn’t reveal the creatures’ location or number.",3,Ranger,,False,,,ranger_features.json
Primal Awareness,"This 3rd-level feature replaces the Primeval Awareness feature. You gain no benefit from the replaced feature and don't qualify for anything in the game that requires it.

You can focus your awareness through the interconnections of nature: you learn additional spells when you reach certain levels in this class if you don't already know them, as shown in the Primal Awareness Spells table. These spells don't count against the number of ranger spells you know.

You can cast each of these spells once without expending a spell slot. Once you cast a spell in this way, you can't do so again until you finish a long rest.",3,Ranger,,False,,,ranger_features.json
Ranger Conclave,"At 3rd level, you choose to emulate the ideals and training of a ranger conclave. Your choice grants you features at 3rd level and again at 7th, 11th, and 15th level.",3,Ranger,Pick your subclass where you set your class (top left),True,,,ranger_features.json
Martial Versatility,"Whenever you reach a level in this class that grants the Ability Score Improvement feature, you can replace a fighting style you know with another fighting style available to rangers. This replacement represents a shift of focus in your martial practice.",4,Ranger,,False,,,ranger_features.json
Hide in Plain Sight,"Starting at 10th level, you can spend 1 minute creating camouflage for yourself. You must have access to fresh mud, dirt, plants, soot, and other naturally occurring materials with which to create your camouflage.

Once you are camouflaged in this way, you can try to hide by pressing yourself up against a solid surface, such as a tree or wall, that is at least as tall and wide as you are. You gain a +10 bonus to Dexterity (Stealth) checks as long as you remain there without moving or taking actions. Once you move or take an action or a reaction, you must camouflage yourself again to gain this benefit.",10,Ranger,,False,,,ranger_features.json
Nature's Veil,"This 10th-level feature replaces the Hide in Plain Sight feature. You gain no benefit from the replaced feature and don't qualify for anything in the game that requires it.

You draw on the powers of nature to hide yourself from view briefly. As a bonus action, you can magically become invisible, along with any equipment you are wearing or carrying, until the start of your next turn.

You can use this feature a number of times equal to your proficiency bonus, and you regain all expended uses when you finish a long rest.",10,Ranger,,False,,,ranger_features.json
Vanish,"Starting at 14th level, you can use the Hide action as a bonus action on your turn. Also, you can't be tracked by nonmagical means, unless you choose to leave a trail.",14,Ranger,,False,,,ranger_features.json
Feral Senses,"At 18th level, you gain preternatural senses that help you fight creatures you can't see. When you attack a creature you can't see, your inability to see it doesn't impose disadvantage on your attack rolls against it.

You are also aware of the location of any invisible creature within 30 feet of you, provided that the creature isn't hidden from you and you aren't blinded or deafened.",18,Ranger,,False,,,ranger_features.json
Foe Slayer,"At 20th level, you become an unparalleled hunter of your enemies. Once on each of your turns, you can add your Wisdom modifier to the attack roll or the damage roll of an attack you make against one of your favored enemies. You can choose to use this feature before or after the roll, but before any effects of the roll are applied.",20,Ranger,,False,,,ranger_features.json
Ranger's Companion,"At 3rd level, you gain a beast companion that accompanies you on your adventures and is trained to fight alongside you. Choose a beast that is no larger than Medium and that has a challenge rating of 1/4 or lower (Player's Handbook Appendix D presents statistics for the hawk, mastiff, and panther as examples). Add your proficiency bonus to the beast’s AC, attack rolls, and damage rolls, as well as to any saving throws and skills it is proficient in. Its hit point maximum equals its normal maximum or four times your ranger level, whichever is higher. Like any creature, the beast can spend Hit Dice during a short rest.

The beast obeys your commands as best as it can. It takes its turn on your initiative. On your turn, you can verbally command the beast where to move (no action required by you). You can use your action to verbally command it to take the Attack, Dash, Disengage, or Help action. If you don’t issue a command, the beast takes the Dodge action. Once you have the Extra Attack feature, you can make one weapon attack yourself when you command the beast to take the Attack action. While traveling through your favored terrain with only the beast, you can move stealthily at a normal pace.

If you are incapacitated or absent, the beast acts on its own, focusing on protecting you and itself. The beast never requires your command to use its reaction, such as when making an opportunity attack.

If the beast dies, you can obtain another one by spending 8 hours magically bonding with another beast that isn’t hostile to you, either the same type of beast as before or a different one.",3,Ranger,Beast Master Conclave,False,,Player's Handbook,ranger_features.json
Primal Companion,"This 3rd-level feature replaces the Ranger's Companion feature.

You magically summon a primal beast, which draws strength from your bond with nature. The beast is friendly to you and your companions and obeys your commands. Choose its stat block-Beast of the Land, Beast of the Sea, or Beast of the Sky-which uses your proficiency bonus (PB) in several places. You also determine the kind of animal the beast is, choosing a kind appropriate for the stat block. Whatever kind you choose, the beast bears primal markings, indicating its mystical origin.

In combat, the beast acts during your turn. It can move and use its reaction on its own, but the only action it takes is the Dodge action, unless you take a bonus action on your turn to command it to take another action. That action can be one in its stat block or some other action. You can also sacrifice one of your attacks when you take the Attack action to command the beast to take the Attack action. If you are incapacitated, the beast can take any action of its choice, not just Dodge.

If the beast has died within the last hour, you can use your action to touch it and expend a spell slot of 1st level or higher. The beast returns to life after 1 minute with all its hit points restored. When you finish a long rest, you can summon a different primal beast. The new beast appears in an unoccupied space within 5 feet of you, and you choose its stat block and appearance. If you already have a beast from this feature, it vanishes when the new beast appears. The beast also vanishes if you die.",1,Ranger,Beast Master Conclave,False,,Player's Handbook,ranger_features.json
Exceptional Training,"Beginning at 7th level, on any of your turns when your beast companion doesn’t attack, you can use a bonus action to command the beast to take the Dash, Disengage, or Help action on its turn. In addition, the beast’s attacks now count as magical for the purpose of overcoming resistance and immunity to nonmagical attacks and damage.",7,Ranger,Beast Master Conclave,False,,Player's Handbook,ranger_features.json
Bestial Fury,"Starting at 11th level, when you command your beast companion to take the Attack action, the beast can make two attacks, or it can take the Multiattack action if it has that action.",11,Ranger,Beast Master Conclave,False,,Player's Handbook,ranger_features.json
Share Spells,"Beginning at 15th level, when you cast a spell targeting yourself, you can also affect your beast companion with the spell if the beast is within 30 feet of you.",15,Ranger,Beast Master Conclave,False,,Player's Handbook,ranger_features.json
Dreadful Strikes,"At 3rd level, you can augment your weapon strikes with mind-scarring magic, drawn from the gloomy hollows of the Feywild. When you hit a creature with a weapon, you can deal an extra 1d4 psychic damage to the target, which can take this extra damage only once per turn.

The extra damage increases to 1d6 when you reach 11th level in this class.",3,Ranger,Fey Wanderer,False,,Tasha's Cauldron of Everything,ranger_features.json
Fey Wanderer Magic,"Also at 3rd level, you learn an additional spell when you reach certain levels in this class, as shown in the Fey Wanderer Spells table. Each spell counts as a ranger spell for you, but it doesn't count against the number of ranger spells you know.

You also possess a preternatural blessing from a fey ally or a place of fey power. Choose your blessing from the Feywild Gifts table or determine it randomly.",3,Ranger,Fey Wanderer,False,,Tasha's Cauldron of Everything,ranger_features.json
Otherworldly Glamour,"Additionally at 3rd level, your fey qualities give you a supernatural charm. As a result, whenever you make a Charisma check, you gain a bonus to the check equal to your Wisdom modifier (minimum of +1).

In addition, you gain proficiency in one of the following skills of your choice: Deception, Performance, or Persuasion.",3,Ranger,Fey Wanderer,False,,Tasha's Cauldron of Everything,ranger_features.json
Beguiling Twist,"Beginning at 7th level, the magic of the Feywild guards your mind. You have advantage on saving throws against being charmed or frightened.

In addition, whenever you or a creature you can see within 120 feet of you succeeds on a saving throw against being charmed or frightened, you can use your reaction to force a different creature you can see within 120 feet of you to make a Wisdom saving throw against your spell save DC. If the save fails, the target is charmed or frightened by you (your choice) for 1 minute. The target can repeat the saving throw at the end of each of its turns, ending the effect on itself on a successful save.",7,Ranger,Fey Wanderer,False,,Tasha's Cauldron of Everything,ranger_features.json
Fey Reinforcements,"At 11th level, the royal courts of the Feywild have blessed you with the assistance of fey beings: you know the spell Summon Fey. It doesn't count against the number of ranger spells you know, and you can cast it without a material component. You can also cast it once without using a spell slot, and you regain the ability to do so when you finish a long rest.

Whenever you start casting the spell, you can modify it so that it doesn't require concentration. If you do so, the spell's duration becomes 1 minute for that casting.",11,Ranger,Fey Wanderer,False,,Tasha's Cauldron of Everything,ranger_features.json
Misty Wanderer,"When you reach 15th level, you can slip in and out of the Feywild to move in a blink of an eye: you can cast Misty Step without expending a spell slot. You can do so a number of times equal to your Wisdom modifier (minimum of once), and you regain all expended uses when you finish a long rest.

In addition, whenever you cast Misty Step, you can bring along one willing creature you can see within 5 feet of you. That creature teleports to an unoccupied space of your choice within 5 feet of your destination space.",15,Ranger,Fey Wanderer,False,,Tasha's Cauldron of Everything,ranger_features.json
Gloom Stalker Magic,"Starting at 3rd level, you learn an additional spell when you reach certain levels in this class, as shown in the Gloom Stalker Spells table. The spell counts as a ranger spell for you, but it doesn't count against the number of ranger spells you know.",3,Ranger,Gloom Stalker Conclave,False,,Xanathar's Guide to Everything,ranger_features.json
Dread Ambusher,"At 3rd level, you master the art of the ambush. You can give yourself a bonus to your initiative rolls equal to your Wisdom modifier.

At the start of your first turn of each combat, your walking speed increases by 10 feet, which lasts until the end of that turn. If you take the Attack action on that turn, you can make one additional weapon attack as part of that action. If that attack hits, the target takes an extra 1d8 damage of the weapon's damage type.",3,Ranger,Gloom Stalker Conclave,False,,Xanathar's Guide to Everything,ranger_features.json
Umbral Sight,"At 3rd level, you gain darkvision out to a range of 60 feet. If you already have darkvision from your race, its range increases by 30 feet.

You are also adept at evading creatures that rely on darkvision. While in darkness, you are invisible to any creature that relies on darkvision to see you in that darkness.",3,Ranger,Gloom Stalker Conclave,False,,Xanathar's Guide to Everything,ranger_features.json
Iron Mind,"By 7th level, you have honed your ability to resist the mind-altering powers of your prey. You gain proficiency in Wisdom saving throws. If you already have this proficiency, you instead gain proficiency in Intelligence or Charisma saving throws (your choice).",7,Ranger,Gloom Stalker Conclave,False,,Xanathar's Guide to Everything,ranger_features.json
Stalker's Flurry,"At 11th level, you learn to attack with such unexpected speed that you can turn a miss into another strike. Once on each of your turns when you miss with a weapon attack, you can make another weapon attack as part of the same action.",11,Ranger,Gloom Stalker Conclave,False,,Xanathar's Guide to Everything,ranger_features.json
Shadowy Dodge,"Starting at 15th level, you can dodge in unforeseen ways, with wisps of supernatural shadow around you. Whenever a creature makes an attack roll against you and doesn't have advantage on the roll, you can use your reaction to impose disadvantage on it. You must use this feature before you know the outcome of the attack roll.",15,Ranger,Gloom Stalker Conclave,False,,Xanathar's Guide to Everything,ranger_features.json
Horizon Walker Magic,"Starting at 3rd level, you learn an additional spell when you reach certain levels in this class, as shown in the Horizon Walker Spells table. The spell counts as a ranger spell for you, but it doesn’t count against the number of ranger spells you know.",3,Ranger,Horizon Walker Conclave,False,,Xanathar's Guide to Everything,ranger_features.json
Detect Portal,"At 3rd level, you gain the ability to magically sense the presence of a planar portal. As an action, you detect the distance and direction to the closest planar portal within 1 mile of you.

Once you use this feature, you can't use it again until you finish a short or long rest.

See the ""Planar Travel"" section in chapter 2 of the Dungeon Master's Guide for examples of planar portals.",3,Ranger,Horizon Walker Conclave,False,1,Xanathar's Guide to Everything,ranger_features.json
Planar Warrior,"At 3rd level, you learn to draw on the energy of the multiverse to augment your attacks.

As a bonus action, choose one creature you can see within 30 feet of you. The next time you hit that creature on this turn with a weapon attack, all damage dealt by the attack becomes force damage, and the creature takes an extra 1d8 force damage from the attack. When you reach 11th level in this class, the extra damage increases to 2d8.",3,Ranger,Horizon Walker Conclave,False,,Xanathar's Guide to Everything,ranger_features.json
Ethereal Step,"At 7th level, you learn to step through the Ethereal Plane. As a bonus action on your turn, you can cast the Etherealness spell with this feature, without expending a spell slot, but the spell ends at the end of the current turn.

Once you use this feature, you can’t use it again until you finish a short or long rest.",7,Ranger,Horizon Walker Conclave,False,1,Xanathar's Guide to Everything,ranger_features.json
Distant Strike,"At 11th level, you gain the ability to pass between the planes in a blink of an eye. When you use the Attack action, you can teleport up to 10 feet before each attack to an unoccupied space you can see.

If you attack at least two different creatures with the action, you can make one additional attack with it against a third creature.",11,Ranger,Horizon Walker Conclave,False,,Xanathar's Guide to Everything,ranger_features.json
Spectral Defense,"At 15th level, your ability to move between planes enables you to slip through the planar boundaries to lessen the harm done to you during battle. When you take damage from an attack, you can use your reaction to give yourself resistance to all of that attack's damage on this turn.",15,Ranger,Horizon Walker Conclave,False,,Xanathar's Guide to Everything,ranger_features.json
Hunter's Prey,"At 3rd level, you gain one of the following features of your choice.

• Colossus Slayer. Your tenacity can wear down the most potent foes. When you hit a creature with a weapon attack, the creature takes an extra 1d8 damage if it’s below its hit point maximum. You can deal this extra damage only once per turn.

• Giant Killer. When a Large or larger creature within 5 feet of you hits or misses you with an attack, you can use your reaction to attack that creature immediately after its attack, provided that you can see the creature.

• Horde Breaker. Once on each of your turns when you make a weapon attack, you can make another attack with the same weapon against a different creature that is within 5 feet of the original target and within range of your weapon.",3,Ranger,Hunter Conclave,False,,Player's Handbook,ranger_features.json
Defensive Tactics,"At 7th level, you gain one of the following features of your choice.

• Escape the Horde. Opportunity attacks against you are made with disadvantage.

• Multiattack Defense. When a creature hits you with an attack, you gain a +4 bonus to AC against all subsequent attacks made by that creature for the rest of the turn.

• Steel Will. You have advantage on saving throws against being frightened.",7,Ranger,Hunter Conclave,False,,Player's Handbook,ranger_features.json
Multiattack,"At 11th level, you gain one of the following features of your choice.

• Volley. You can use your action to make a ranged attack against any number of creatures within 10 feet of a point you can see within your weapon’s range. You must have ammunition for each target, as normal, and you make a separate attack roll for each target

• Whirlwind Attack. You can use your action to make melee attacks against any number of creatures within 5 feet of you, with a separate attack roll for each target.",11,Ranger,Hunter Conclave,False,,Player's Handbook,ranger_features.json
Superior Hunter's Defense,"At 15th level, you gain one of the following features of your choice.

• Evasion. When you are subjected to an effect, such as a red dragon’s fiery breath or a lightning bolt spell, that allows you to make a Dexterity saving throw to take only half damage, you instead take no damage if you succeed on a saving throw, and only half damage if you fail

• Stand Against the Tide. When a hostile creature misses you with a melee attack, you can use your reaction to force that creature to repeat the same attack against another creature (other than itself) of your choice.

• Uncanny Dodge. When an attacker that you can see hits you with an attack, you can use your reaction to halve the attack’s damage against you.",15,Ranger,Hunter Conclave,False,,Player's Handbook,ranger_features.json
Monster Slayer Magic,"Starting at 3rd level, you learn an additional spell when you reach certain levels in this class, as shown in the Monster Slayer Spells table. The spell counts as a ranger spell for you, but it doesn't count against the number of ranger spells you know.",3,Ranger,Monster Slayer Conclave,False,,Xanathar's Guide to Everything,ranger_features.json
Hunter's Sense,"At 3rd level, you gain the ability to peer at a creature and magically discern how best to hurt it. As an action, choose one creature you can see within 60 feet of you. You immediately learn whether the creature has any damage immunities, resistances, or vulnerabilities and what they are. If the creature is hidden from divination magic, you sense that it has no damage immunities, resistances, or vulnerabilities.

You can use this feature a number of times equal to your Wisdom modifier (minimum of once). You regain all expended uses of it when you finish a long rest.",3,Ranger,Monster Slayer Conclave,False,,Xanathar's Guide to Everything,ranger_features.json
Slayer's Prey,"Starting at 3rd level, you can focus your ire on one foe, increasing the harm you inflict on it. As a bonus action, you designate one creature you can see within 60 feet of you as the target of this feature. The first time each turn that you hit that target with a weapon attack, it takes an extra 1d6 damage from the weapon.

This benefit lasts until you finish a short or long rest. It ends early if you designate a different creature.",3,Ranger,Monster Slayer Conclave,False,,Xanathar's Guide to Everything,ranger_features.json
Supernatural Defense,"At 7th level, you gain extra resilience against your prey's assaults on your mind and body. Whenever the target of your Slayer's Prey forces you to make a saving throw and whenever you make an ability check to escape that target's grapple, add 1d6 to your roll.",7,Ranger,Monster Slayer Conclave,False,,Xanathar's Guide to Everything,ranger_features.json
Magic-User's Nemesis,"At 11th level, you gain the ability to thwart someone else's magic. When you see a creature casting a spell or teleporting within 60 feet of you, you can use your reaction to try to magically foil it. The creature must succeed on a Wisdom saving throw against your spell save DC, or its spell or teleport fails and is wasted.

Once you use this feature, you can't use it again until you finish a short or long rest.",11,Ranger,Monster Slayer Conclave,False,1,Xanathar's Guide to Everything,ranger_features.json
Slayer's Counter,"At 15th level, you gain the ability to counterattack when your prey tries to sabotage you. If the target of your Slayer’s Prey forces you to make a saving throw, you can use your reaction to make one weapon attack against the quarry. You make this attack immediately before making the saving throw. If the attack hits, your save automatically succeeds, in addition to the attack’s normal effects.",15,Ranger,Monster Slayer Conclave,False,,Xanathar's Guide to Everything,ranger_features.json
Gathered Swarm,"At 3rd level, a swarm of intangible nature spirits has bonded itself to you and can assist you in battle. While you’re alive, the swarm remains in your space, crawling on you or flying and skittering around you within your space. You determine its appearance, or you generate its appearance by rolling on the Swarm Appearance table.

Once on each of your turns, you can cause the swarm to assist you in one of the following ways, immediately after you hit a creature with an attack:

• The attack's target takes 1d6 piercing damage from the swarm.

• The attack's target must succeed on a Strength saving throw against your spell save DC or be moved by the swarm up to 15 feet horizontally in a direction of your choice.

• You are moved by the swarm 5 feet horizontally in a direction of your choice.",3,Ranger,Swarmkeeper,False,,Tasha's Cauldron of Everything,ranger_features.json
Swarmkeeper Magic,"Also at 3rd level, you learn the Mage Hand cantrip if you don't already know it. When you cast it, the hand takes the form of your swarming nature spirits.

You also learn an additional spell of 1st level or higher when you reach certain levels in this class, as shown in the Swarmkeeper Spells table. Each spell counts as a ranger spell for you, but it doesn't count against the number of ranger spells you know.",3,Ranger,Swarmkeeper,False,,Tasha's Cauldron of Everything,ranger_features.json
Writhing Tide,"Beginning at 7th level, you can condense part of your swarm into a focused mass that lifts you up. As a bonus action, you gain a flying speed of 10 feet and can hover. This effect lasts for 1 minute or until you are incapacitated.

You can use this feature a number of times equal to your proficiency bonus, and you regain all expended uses when you finish a long rest.",7,Ranger,Swarmkeeper,False,,Tasha's Cauldron of Everything,ranger_features.json
Mighty Swarm,"At 11th level, your Gathered Swarm grows mightier in the following ways:

• The damage of Gathered Swarm increases to 1d8.

• If a creature fails its saving throw against being moved by the Gathered Swarm, you can also cause the swarm to knock the creature prone.

• When you are moved by Gathered Swarm, it gives you half cover until the start of your next turn.",11,Ranger,Swarmkeeper,False,,Tasha's Cauldron of Everything,ranger_features.json
Swarming Dispersal,"When you reach 15th level, you can discorporate into your swarm, avoiding danger. When you take damage, you can use your reaction to give yourself resistance to that damage. You vanish into your swarm and then teleport to an unoccupied space that you can see within 30 feet of you, where you reappear with the swarm.

You can use this feature a number of times equal to your proficiency bonus, and you regain all expended uses when you finish a long rest.",15,Ranger,Swarmkeeper,False,,Tasha's Cauldron of Everything,ranger_features.json
Draconic Gift,"At 3rd level, the bond you share with your drake creates a connection to dragonkind, granting you understanding and empowering your presence.

You gain the following benefits:

• Thaumaturgy. You learn the Thaumaturgy cantrip, which is a ranger spell for you.

• Tongue of Dragons. You learn to speak, read, and write Draconic or one other language of your choice.",3,Ranger,Drakewarden,False,,Fizban's Treasury of Dragons,ranger_features.json
Drake Companion,"At 3rd level, as an action, you can magically summon the drake that is bound to you. It appears in an unoccupied space of your choice within 30 feet of you.

The drake is friendly to you and your companions, and it obeys your commands. See its game statistics in the accompanying Drake Companion stat block, which uses your proficiency bonus (PB) in several places. Whenever you summon the drake, choose a damage type listed in its Draconic Essence trait. You can determine the cosmetic characteristics of the drake, such as its color, its scale texture, or any visible effect of its Draconic Essence; your choice has no effect on its game statistics.

In combat, the drake shares your initiative count, but it takes its turn immediately after yours. It can move and use its reaction on its own, but the only action it takes on its turn is the Dodge action, unless you take a bonus action on your turn to command it to take another action. That action can be one in its stat block or some other action. If you are incapacitated, the drake can take any action of its choice, not just Dodge.

The drake remains until it is reduced to 0 hit points, until you use this feature to summon the drake again, or until you die. Anything the drake was wearing or carrying is left behind when the drake vanishes.

Once you summon the drake, you can’t do so again until you finish a long rest, unless you expend a spell slot of 1st level or higher to summon it.",3,Ranger,Drakewarden,False,,Fizban's Treasury of Dragons,ranger_features.json
Bond of Fang and Scale,"At 7th level the bond you share with your drake intensifies, protecting you and stoking the drake’s fury. When you summon your drake, it grows wings on its back and gains a flying speed equal to its walking speed.

In addition, while your drake is summoned, you and the drake gain the following benefits:

Drake Mount. The drake grows to Medium size. Reflecting your special bond, you can use the drake as a mount if your size is Medium or smaller. While you are riding your drake, it can’t use the flying speed of this feature.

Magic Fang. The drake’s Bite attack deals an extra 1d6 damage of the type chosen for the drake’s Draconic Essence.

Resistance. You gain resistance to the damage type chosen for the drake’s Draconic Essence.",7,Ranger,Drakewarden,False,,Fizban's Treasury of Dragons,ranger_features.json
Drake’s Breath,"At 11th level, as an action, you can exhale a 30-foot cone of damaging breath or cause your drake to exhale it. Choose acid, cold, fire, lightning, or poison damage (your choice doesn’t have to match your drake’s Draconic Essence). Each creature in the cone must make a Dexterity saving throw against your spell save DC, taking 8d6 damage on a failed save, or half as much damage on a successful one.

This damage increases to 10d6 when you reach 15th level in this class.

Once you use this feature, you can’t do so again until you finish a long rest, unless you expend a spell slot of 3rd level or higher to use it again.",11,Ranger,Drakewarden,False,,Fizban's Treasury of Dragons,ranger_features.json
Perfected Bond,"At 15th level, your bond to your drake reaches the pinnacle of its power. While your drake is summoned, you and the drake gain the following benefits:

Empowered Bite. The drake’s Bite attack deals an extra 1d6 damage of the type chosen for its Draconic Essence (for a total of 2d6 extra damage).

Large Drake. The drake grows to Large size. When you ride your drake, it is no longer prohibited from using the flying speed of Bond of Fang and Scale.

Reflexive Resistance. When either you or the drake takes damage while you’re within 30 feet of each other, you can use your reaction to give yourself or the drake resistance to that instance of damage. You can use this reaction a number of times equal to your proficiency bonus, and you regain all expended uses when you finish a long rest.",15,Ranger,Drakewarden,False,,Fizban's Treasury of Dragons,ranger_features.json
Draconic Gift,"At 3rd-level the bond you share with your drake creates a deeper connection to dragon kind, granting you understanding and empowering your presence.

You gain the following benefits:

• If you can’t already, you learn to speak, read, and write Draconic.

• You learn the Thaumaturgy cantrip, which is a ranger spell for you.",3,Ranger,Drakewarden (UA),False,,"Unearthed Arcana 75 - Subclasses, Part 5",ranger_features.json
Drake Companion,"At 3rd-level you can magically summon the drake bound to you. As an action, you can summon the drake, which appears in an unoccupied space of your choice that you can see within 30 feet of you.

The drake is friendly to you and your companions and obeys your commands. See its game statistics in the Drake Companion stat block, which uses your proficiency bonus (PB) in several places. When you summon the drake, choose a damage type listed in its Draconic Essence trait. You can determine the cosmetic characteristics of the drake such as its color, scale texture, or any visible effect of its Draconic Essence; your choice has no effect on its game statistics.

In combat, the drake shares your initiative count, but it takes its turn immediately after yours. It can move and use its reaction on its own, but the only action it takes on its turn is the Dodge action, unless you take a bonus action on your turn to command it to take another action. That action can be one in its stat block or some other action. If you are incapacitated, the drake can take any action of its choice, not just Dodge.

Once you summon the drake, you can’t do so again until you finish a long rest, unless you expend a spell slot of 1st level or higher to summon it.

The drake remains for a number of hours equal to your proficiency bonus, until it is reduced to 0 hit points, until you use this feature to summon the drake again, or until you die. Anything the drake was wearing or carrying is left behind when the drake vanishes.",1,Ranger,Drakewarden (UA),False,,"Unearthed Arcana 75 - Subclasses, Part 5",ranger_features.json
Bond of Fang and Scale,"At 7th-level the bond you share with your drake intensifies, protecting you and stoking the drake’s fury.

While your drake is summoned, you and the drake gain the following benefits:

• You gain resistance to the damage type chosen for the drake’s Draconic Essence.

• Choose one of the following: the drake gains a swimming speed of 40 feet and can breathe both air and water, or the drake grows wings and gains a flying speed of 40 feet.

• The drake’s bite attack deals an extra 1d6 damage of the type chosen for its Draconic Essence.",3,Ranger,Drakewarden (UA),False,,"Unearthed Arcana 75 - Subclasses, Part 5",ranger_features.json
Drake’s Breath,"When you reach 11th-level as an action, you can exhale a 30-foot cone of damaging breath or cause your drake to exhale it. Choose acid, cold, fire, lightning, or poison damage. Each creature in the cone must make a Dexterity saving throw against your spell save DC, taking 6d6 damage on a failed save, or half as much damage on a successful one.

This damage increases to 8d6 when you reach 15th level in this class.

Once you use this feature, you can’t do so again until you finish a long rest, unless you expend a spell slot of 3rd level or higher to use it again.",15,Ranger,Drakewarden (UA),False,,"Unearthed Arcana 75 - Subclasses, Part 5",ranger_features.json
Perfected Bond,"At 15th-level your bond to your drake reaches the pinnacle of its power. While your drake is summoned, you and the drake gain the following benefits:

• The drake grows to Large size.

• The drake’s bite attack deals an extra 1d6 damage of the type chosen for its Draconic Essence (for a total of 2d6 extra damage).

• When either you or the drake takes damage while you’re within 30 feet of each other, you can use your reaction to give yourself or the drake resistance to that instance of damage.",3,Ranger,Drakewarden (UA),False,,"Unearthed Arcana 75 - Subclasses, Part 5",ranger_features.json
Underdark Scout,"At 3rd level, you master the art of the ambush. On your first turn during combat, you gain a +10 bonus to your speed. If you use the attack action on that turn, you can make one additional attack.

You gain an additional benefit on all turns after your first turn. At the end of each such turn, you can attempt to hide as a bonus action if you meet the normal requirements for hiding. Deep Stalkers often use this ability to make ranged attacks, move beyond the scope of their foes' darkvision, and then hide.",3,Ranger,Deep Stalker,False,,"Unearthed Arcana 10 - Light, Dark, Underdark!",ranger_features.json
Deep Stalker Magic,"From 3rd level, you have darkvision with a range of 90 feet. You also gain access to additional spells at 3rd, 5th, 9th, 13th, and 15th level. You are always able to cast these spells, and they do not count against your number of ranger spells known.",3,Ranger,Deep Stalker,False,,"Unearthed Arcana 10 - Light, Dark, Underdark!",ranger_features.json
Iron Mind,"At 7th level, you gain proficiency in Wisdom saving throws.",7,Ranger,Deep Stalker,False,,"Unearthed Arcana 10 - Light, Dark, Underdark!",ranger_features.json
Stalker's Flurry,"Starting at 11th level, you have the ability to ensure that your attacks count. If you miss with an attack during your turn, you can immediately make an additional attack. You can gain one additional attack during your turn with this ability",11,Ranger,Deep Stalker,False,,"Unearthed Arcana 10 - Light, Dark, Underdark!",ranger_features.json
Stalker's Dodge,"At 15th level, you master the ability to disrupt an opponent's attacks. If a creature attacks you and does not have advantage on the attack roll, you can use your reaction to grant it disadvantage on the attack roll. You must use this ability before you know the result of the attack.",15,Ranger,Deep Stalker,False,,"Unearthed Arcana 10 - Light, Dark, Underdark!",ranger_features.json
Feywild Gifts,Fey Wanderers possess a preternatural blessing from a fey ally or a place of fey power. Choose your blessing from the Feywild Gifts table or determine it randomly.,3,Ranger,Fey Wanderer (UA),False,,"Unearthed Arcana 69 - Subclasses, Part 3",ranger_features.json
Fey Wanderer Magic,"You learn an additional spell when you reach certain levels in this class, as shown in the Fey Wanderer Spells table. The spell counts as a ranger spell for you, but it doesn’t count against the number of ranger spells you know.",3,Ranger,Fey Wanderer (UA),False,,"Unearthed Arcana 69 - Subclasses, Part 3",ranger_features.json
Cunning Will,"At 3rd level, your experience with the fey has guarded your mind and sharpened your tongue. You have advantage on saving throws against being charmed or frightened.

In addition, you gain proficiency in one of the following skills of your choice: Deception, Performance, or Persuasion.",3,Ranger,Fey Wanderer (UA),False,,"Unearthed Arcana 69 - Subclasses, Part 3",ranger_features.json
Dreadful Strikes,"At 3rd level, you augment your attacks with mind-scarring magic, drawn from the gloomy hollows of the unseelie fey. You gain a bonus action that you can use to imbue the weapon, or weapons, you’re currently holding with magic. Until the end of the turn, the weapons are magical, and they deal an extra 1d6 psychic damage on a hit. A creature can take this extra damage only once per turn.

When you engage in two-weapon fighting, you can imbue your weapons as part of the same bonus action you use to make the attack.",3,Ranger,Fey Wanderer (UA),False,,"Unearthed Arcana 69 - Subclasses, Part 3",ranger_features.json
Blessings of the Courts,"At 7th level, you have learned eerie techniques from both the Gloaming Court and the Summer Court of the Feywild. Once during each of your turns, when you hit a creature with a weapon attack, you can expend a spell slot to deal extra psychic damage. The extra damage is 3d6 psychic damage and the creature must succeed on a Wisdom saving throw against your spell save DC or be frightened of you until the end of your next turn.

In addition, whenever you make a Charisma check, you gain a bonus to the check equal to your Wisdom modifier.",7,Ranger,Fey Wanderer (UA),False,,"Unearthed Arcana 69 - Subclasses, Part 3",ranger_features.json
Beguiling Twist,"At 11th level, you learn how to manipulate mind-altering magic, channeling it from your allies toward others. Whenever a creature you can see within 120 feet of you succeeds on a saving throw against being charmed or frightened, you can use your reaction to force a different creature you can see within 120 feet of you to succeed on a Wisdom saving throw against your spell save DC or suffer your choice of one of the following effects:

• The creature is charmed or frightened by you (your choice) for 1 minute. The creature can repeat the saving throw at the end of each of its turns, ending the effect on itself on a successful save.

• The creature takes 3d10 psychic damage.",11,Ranger,Fey Wanderer (UA),False,,"Unearthed Arcana 69 - Subclasses, Part 3",ranger_features.json
Misty Presence,"At 15th level, you can magically remove yourself from one creature’s perception: you gain a bonus action that you can use to force a creature you can see within 30 feet of you to make a Wisdom saving throw against your spell save DC. On a failed save, the target can’t see or hear you for 24 hours. The target can repeat the saving throw at the end of any turn during which you hit it with an attack roll, forced it to make a saving throw, or dealt damage to it. The effect ends early if you use this bonus action again. On a successful save, the target is immune to this feature for 7 days.

Once you’ve used this bonus action, you can’t use it again until you finish a long rest or until you expend a spell slot of 4th level or higher to use it again.",15,Ranger,Fey Wanderer (UA),False,1,"Unearthed Arcana 69 - Subclasses, Part 3",ranger_features.json
Slayer’s Mysticism,"You learn an additional spell when you reach certain levels in this class, as shown in the Slayer Spells table. The spell counts as a ranger spell for you but doesn’t count against the number of ranger spells you know.",3,Ranger,Monster Slayer (UA),False,,Unearthed Arcana 35 - A Trio of Subclasses,ranger_features.json
Slayer’s Eye,"Starting at 3rd level, you gain the ability to study and unravel a creature’s defenses. As a bonus action, choose one creature you can see within 120 feet of you. You immediately learn the target’s vulnerabilities, immunities, and resistances. You also learn any special effects triggered when the target takes damage, such as fire damage halting its regeneration.

In addition, the first time each turn you hit the target with a weapon attack, the target takes an extra 1d6 damage from the weapon.

This benefit lasts until you target a different creature with this feature or until you finish a short or long rest.",3,Ranger,Monster Slayer (UA),False,,Unearthed Arcana 35 - A Trio of Subclasses,ranger_features.json
Extra Attack (Revised Ranger),"Beginning at 5th level, you can attack twice, instead of once, whenever you take the Attack action on your turn.",5,Ranger,Monster Slayer (UA),False,,Unearthed Arcana 35 - A Trio of Subclasses,ranger_features.json
Supernatural Defense,"At 7th level, you gain extra resilience against your prey’s assaults on your mind and body. Whenever the target of your Slayer’s Eye forces you to make a saving throw, add 1d6 to your roll.",7,Ranger,Monster Slayer (UA),False,,Unearthed Arcana 35 - A Trio of Subclasses,ranger_features.json
Relentless Slayer,"At 11th level, you gain the ability to foil your foe’s ability to escape. Your study of folklore and arcane knowledge gives you a key insight to keep your prey cornered. If the target of your Slayer’s Eye attempts to teleport, change its shape, travel to another plane of existence, or turn gaseous, you can use your reaction to make a Wisdom check contested by a Wisdom check made by the target. To use this ability, you must be able to see the target and need to be within 30 feet of it. If you succeed, you foil its attempt, causing it to waste the action, bonus action, or reaction it used.",11,Ranger,Monster Slayer (UA),False,,Unearthed Arcana 35 - A Trio of Subclasses,ranger_features.json
Slayer’s Counter,"At 15th level, you gain the ability to counterattack when your prey tries to sabotage you. If the target of your Slayer’s Eye forces you to make a saving throw, you can use your reaction to make one weapon attack against it. You make this attack immediately before making the saving throw. If the attack hits, your save automatically succeeds, in addition to the attack’s normal effects",15,Ranger,Monster Slayer (UA),False,,Unearthed Arcana 35 - A Trio of Subclasses,ranger_features.json
Guardian Magic,"Starting at 3rd level, you learn an additional spell when you reach certain levels in this class, as shown in the Primeval Guardian Spells table. The spell counts as a ranger spell for you, and it doesn’t count against the number of ranger spells you know.",3,Ranger,Primeval Guardian,False,,Unearthed Arcana 27 - Ranger & Rogue,ranger_features.json
Guardian Soul,"Starting at 3rd level, you gain the ability to temporarily grow and take on the appearance of a treelike person, covered with leaves and bark. As a bonus action, you assume this guardian form, which lasts until you end it as a bonus action or until you are incapacitated.

You undergo the following changes while in your guardian form:

• Your size becomes Large, unless you were larger.

• Any speed you have becomes 5 feet, unless the speed was lower.

• Your reach increases by 5 feet.

• You gain a number of temporary hit points at the start of each of your turns. The number equals half your ranger level. When the form ends, you lose any temporary hit points you have from it.",3,Ranger,Primeval Guardian,False,,Unearthed Arcana 27 - Ranger & Rogue,ranger_features.json
Piercing Thorns,"At 3rd level, your command of primal magic allows you to enhance your attacks with thorns. Once during each of your turns, you can deal an additional 1d6 piercing damage to one creature you hit with a weapon attack.",3,Ranger,Primeval Guardian,False,,Unearthed Arcana 27 - Ranger & Rogue,ranger_features.json
Ancient Fortitude,"At 7th level, you gain the endurance of the ancient forests. Your hit point maximum and current hit points increase by 2 per ranger level when you assume your guardian form. This increase lasts until you leave the form; your hit point maximum then returns to normal, but your current hit points remain the same, unless they must decrease to abide by your hit point maximum",7,Ranger,Primeval Guardian,False,,Unearthed Arcana 27 - Ranger & Rogue,ranger_features.json
Rooted Defense,"At 11th level, you gain the ability to twist and turn the ground beneath you. While you are in your guardian form, the ground within 30 feet of you is difficult terrain for your enemies.",11,Ranger,Primeval Guardian,False,,Unearthed Arcana 27 - Ranger & Rogue,ranger_features.json
Guardian Aura,"Starting at 15th level, your guardian form emanates a magical aura that fortifies your injured allies. When any ally starts their turn within 30 feet of your guardian form, that ally regains a number of hit points equal to half your ranger level. This aura has no effect on a creature that has half or more of its hit points, and it has no effect on undead and constructs.",15,Ranger,Primeval Guardian,False,,Unearthed Arcana 27 - Ranger & Rogue,ranger_features.json
Swarmkeeper Magic,"Starting at 3rd level, you learn an additional spell when you reach certain levels in this class, as shown in the Swarmkeeper Slayer Spells table. The spell counts as a ranger spell for you, but it doesn't count against the number of ranger spells you know.

In addition, you learn the mage hand cantrip if you don’t already know it.",3,Ranger,Swarmkeeper (UA),False,,"Unearthed Arcana 64 - Fighter, Ranger, Rogue",ranger_features.json
Gathered Swarm,"At 3rd level, you magically attract a swarm of fey spirits that look like Tiny beasts of your choice. The swarm remains in your space, crawling on you or through your clothing, or flying and skittering immediately around you within your space.

As a bonus action, you can agitate the swarm for 1 minute. For the duration, some of the swarm clings to your weapons or follows your strikes when you attack: once during each of your turns when you hit a creature with a weapon attack, you can deal an extra 1d6 force damage to that creature, and the swarm moves the creature up to 5 feet toward you or away from you (your choice). At 11th level, the extra damage increases to 2d6.

You can use this feature a number of times equal to your Wisdom modifier (minimum of once), and you regain all expended uses when you finish a long rest.",3,Ranger,Swarmkeeper (UA),False,,"Unearthed Arcana 64 - Fighter, Ranger, Rogue",ranger_features.json
Writhing Tide,"At 7th level, you can condense part of your swarm into a focused mass that lifts or sweeps you along. Whenever you activate your Gathered Swarm feature, choose one of the following additional benefits:

• Your walking speed increases by 10 feet, and you can take the Disengage action as a bonus action.

• You gain a climb speed equal to your walking speed. You can climb difficult surfaces, including upside down on ceilings, without making an ability check.

• You gain a flying speed of 10 feet and can hover.",7,Ranger,Swarmkeeper (UA),False,,"Unearthed Arcana 64 - Fighter, Ranger, Rogue",ranger_features.json
Scuttling Eyes,"At 11th level, as an action, you can magically form one of the spirits of your swarm into the shape of a Tiny beast of your choice. The transformation lasts for 1 hour, at which point the spirit disappears. For the duration, the spirit has a speed of 40 feet, which it can use to walk, climb, fly, or swim. The spirit has your senses and telepathically relays what it sees and hears to you. During your turn, you can speak through the spirit, telepathically command it to move, and it can Hide using your bonus to Dexterity (Stealth) checks. The spirit has AC 18. If it takes damage, you must succeed on a Wisdom saving throw (DC equal to 10, or half the damage dealt, whichever is higher) or the spirit disappears. Once you use this feature, you can't use it again until you finish a short or long rest.

As an action, you can dismiss the spirit early. If you do, you can magically teleport to an unoccupied space within 5 feet of where the spirit disappeared.

Once you use this feature, you can’t do so again until you finish a long rest. You can also use it again by expending a spell slot of 3rd level or higher.",11,Ranger,Swarmkeeper (UA),False,1,"Unearthed Arcana 64 - Fighter, Ranger, Rogue",ranger_features.json
Storm of Minions,"At 15th level, your swarm can expel a seething storm of spirits that drains life from others. As an action, you create a magical sphere filled with an enraged swarm centered on a point you can see within 120 feet of you. The sphere has a 10-foot-radius and lasts for 1 minute. The sphere is difficult terrain for creatures other than you. A creature other than you that starts its turn in the sphere’s area must make a Constitution saving throw against your spell save DC. On a failed save, the creature takes 2d8 necrotic damage and is blinded until the start of its next turn. On a successful save, it takes half as much damage and isn’t blinded. At the start of your turn, if any number of Small or larger creatures took necrotic damage from the swarm, you regain 1d8 hit points. On subsequent turns, you can use a bonus action to move the sphere up to 30 feet.

When you activate this feature, you can choose any number of creatures you can see to be unaffected by it.

Once you use this feature, you can’t do so again until you finish a long rest. You can also use it again by expending a spell slot of 4th level or higher.",15,Ranger,Swarmkeeper (UA),False,,"Unearthed Arcana 64 - Fighter, Ranger, Rogue",ranger_features.json
Base Features,"Hit Points:
Hit Dice: 1d8 per rogue level Hit Points at 1st Level: 8 + your Constitution modifier Hit Points at Higher Levels: 1d8 (or 5) + your Constitution modifier per rogue level after 1st

Proficiencies:
Armor: Light armor Weapons: Simple weapons, hand crossbows, longswords, rapiers, shortswords Tools: Thieves' tools Saving Throws: Dexterity, Intelligence Skills: Choose four from Acrobatics, Athletics, Deception, Insight, Intimidation, Investigation, Perception, Performance, Persuasion, Sleight of Hand, and Stealth

Equipment:
You start with the following equipment, in addition to the equipment granted by your background:

• (a) a rapier or (b) a shortsword

• (a) a shortbow and quiver of 20 arrows or (b) a shortsword

• (a) a burglar's pack, (b) dungeoneer's pack, or (c) an explorer's pack

• Leather armor, two daggers, and thieves' tools",1,Rogue,,False,,,rogue_features.json
Expertise,"At 1st level, choose two of your skill proficiencies, or one of your skill proficiencies and your proficiency with thieves' tools. Your proficiency bonus is doubled for any ability check you make that uses either of the chosen proficiencies.

At 6th level, you can choose two more of your proficiencies (in skills or with thieves' tools) to gain this benefit.",1,Rogue,,False,,,rogue_features.json
Sneak Attack,"Beginning at 1st level, you know how to strike subtly and exploit a foe's distraction. Once per turn, you can deal an extra 1d6 damage to one creature you hit with an attack if you have advantage on the attack roll. The attack must use a finesse or a ranged weapon.

You don't need advantage on the attack roll if another enemy of the target is within 5 feet of it, that enemy isn't incapacitated, and you don't have disadvantage on the attack roll.

The amount of the extra damage increases as you gain levels in this class, as shown in the Sneak Attack column of the Rogue table.",1,Rogue,,False,,,rogue_features.json
Thieves' Cant,"During your rogue training you learned thieves' cant, a secret mix of dialect, jargon, and code that allows you to hide messages in seemingly normal conversation. Only another creature that knows thieves' cant understands such messages. It takes four times longer to convey such a message than it does to speak the same idea plainly.

In addition, you understand a set of secret signs and symbols used to convey short, simple messages, such as whether an area is dangerous or the territory of a thieves' guild, whether loot is nearby, or whether the people in an area are easy marks or will provide a safe house for thieves on the run.",1,Rogue,,False,,,rogue_features.json
Cunning Action,"Starting at 2nd level, your quick thinking and agility allow you to move and act quickly. You can take a bonus action on each of your turns in combat. This action can be used only to take the Dash, Disengage, or Hide action.",2,Rogue,,False,,,rogue_features.json
Roguish Archetype,"At 3rd level, you choose an archetype that you emulate in the exercise of your rogue abilities. Your archetype choice grants you features at 3rd level and then again at 9th, 13th, and 17th level.",3,Rogue,Pick your subclass where you set your class (top left),True,,,rogue_features.json
Steady Aim,"At 3rd level, as a bonus action, you give yourself advantage on your next attack roll on the current turn. You can use this bonus action only if you haven't moved during this turn, and after you use the bonus action, your speed is 0 until the end of the current turn.",3,Rogue,,False,,,rogue_features.json
Uncanny Dodge,"Starting at 5th level, when an attacker that you can see hits you with an attack, you can use your reaction to halve the attack's damage against you.",5,Rogue,,False,,,rogue_features.json
Evasion,"Beginning at 7th level, you can nimbly dodge out of the way of certain area effects, such as a red dragon's fiery breath or an Ice Storm spell. When you are subjected to an effect that allows you to make a Dexterity saving throw to take only half damage, you instead take no damage if you succeed on the saving throw, and only half damage if you fail.",7,Rogue,,False,,,rogue_features.json
Reliable Talent,"By 11th level, you have refined your chosen skills until they approach perfection. Whenever you make an ability check that lets you add your proficiency bonus, you can treat a d20 roll of 9 or lower as a 10.",11,Rogue,,False,,,rogue_features.json
Blindsense,"Starting at 14th level, if you are able to hear, you are aware of the location of any hidden or invisible creature within 10 feet of you.",14,Rogue,,False,,,rogue_features.json
Slippery Mind,"By 15th level, you have acquired greater mental strength. You gain proficiency in Wisdom saving throws.",15,Rogue,,False,,,rogue_features.json
Elusive,"Beginning at 18th level, you are so evasive that attackers rarely gain the upper hand against you. No attack roll has advantage against you while you aren't incapacitated.",18,Rogue,,False,,,rogue_features.json
Stroke of Luck,"At 20th level, you have an uncanny knack for succeeding when you need to. If your attack misses a target within range, you can turn the miss into a hit. Alternatively, if you fail an ability check, you can treat the d20 roll as a 20.

Once you use this feature, you can't use it again until you finish a short or long rest.",20,Rogue,,False,1,,rogue_features.json
Mage Hand Legerdemain,"Starting at 3rd level, when you cast Mage Hand, you can make the spectral hand invisible, and you can perform the following additional tasks with it:

• You can stow one object the hand is holding in a container worn or carried by another creature.

• You can retrieve an object in a container worn or carried by another creature.

• You can use thieves' tools to pick locks and disarm traps at range.

You can perform one of these tasks without being noticed by a creature if you succeed on a Dexterity (Sleight of Hand) check contested by the creature's Wisdom (Perception) check.

In addition, you can use the bonus action granted by your Cunning Action to control the hand.",3,Rogue,Arcane Trickster,False,,Player's Handbook,rogue_features.json
Magical Ambush,"Starting at 9th level, if you are hidden from a creature when you cast a spell on it, the creature has disadvantage on any saving throw it makes against the spell this turn.",9,Rogue,Arcane Trickster,False,,Player's Handbook,rogue_features.json
Versatile Trickster,"At 13th level, you gain the ability to distract targets with your Mage Hand. As a bonus action on your turn, you can designate a creature within 5 feet of the spectral hand created by the spell. Doing so gives you advantage on attack rolls against that creature until the end of the turn.",13,Rogue,Arcane Trickster,False,,Player's Handbook,rogue_features.json
Spell Thief,"At 17th level, you gain the ability to magically steal the knowledge of how to cast a spell from another spellcaster.

Immediately after a creature casts a spell that targets you or includes you in its area of effect, you can use your reaction to force the creature to make a saving throw with its spellcasting ability modifier. The DC equals your spell save DC. On a failed save, you negate the spell's effect against you, and you steal the knowledge of the spell if it is at least 1st level and of a level you can cast (it doesn't need to be a wizard spell). For the next 8 hours, you know the spell and can cast it using your spell slots. The creature can't cast that spell until the 8 hours have passed.

Once you use this feature, you can't use it again until you finish a long rest.",17,Rogue,Arcane Trickster,False,1,Player's Handbook,rogue_features.json
Bonus Proficiencies,"When you choose this archetype at 3rd level, you gain proficiency with the disguise kit and the poisoner's kit.",3,Rogue,Assassin,False,,Player's Handbook,rogue_features.json
Assassinate,"Starting at 3rd level, you are at your deadliest when you get the drop on your enemies. You have advantage on attack rolls against any creature that hasn't taken a turn in the combat yet. In addition, any hit you score against a creature that is surprised is a critical hit.",3,Rogue,Assassin,False,,Player's Handbook,rogue_features.json
Infiltration Expertise,"Starting at 9th level, you can unfailingly create false identities for yourself. You must spend seven days and 25 gp to establish the history, profession, and affiliations for an identity. You can't establish an identity that belongs to someone else. For example, you might acquire appropriate clothing, letters of introduction, and official- looking certification to establish yourself as a member of a trading house from a remote city so you can insinuate yourself into the company of other wealthy merchants.

Thereafter, if you adopt the new identity as a disguise, other creatures believe you to be that person until given an obvious reason not to.",9,Rogue,Assassin,False,,Player's Handbook,rogue_features.json
Impostor,"At 13th level, you gain the ability to unerringly mimic another person's speech, writing, and behavior. You must spend at least three hours studying these three components of the person's behavior, listening to speech, examining handwriting, and observing mannerisms.

Your ruse is indiscernible to the casual observer. If a wary creature suspects something is amiss, you have advantage on any Charisma (Deception) check you make to avoid detection.",13,Rogue,Assassin,False,,Player's Handbook,rogue_features.json
Death Strike,"Starting at 17th level, you become a master of instant death. When you attack and hit a creature that is surprised, it must make a Constitution saving throw (DC 8 + your Dexterity modifier + your proficiency bonus). On a failed save, double the damage of your attack against the creature.",17,Rogue,Assassin,False,,Player's Handbook,rogue_features.json
Ear for Deceit,"When you choose this archetype at 3rd level, you develop a keen ear for picking out lies. Whenever you make a Wisdom (Insight) check to determine whether a creature is lying, treat a roll of 7 or lower on the d20 as an 8.",3,Rogue,Inquisitive,False,,Xanathar's Guide to Everything,rogue_features.json
Eye for Detail,"Starting at 3rd level, you can use a bonus action to make a Wisdom (Perception) check to spot a hidden creature or object or to make an Intelligence (Investigation) check to uncover or decipher clues.",3,Rogue,Inquisitive,False,,Xanathar's Guide to Everything,rogue_features.json
Insightful Fighting,"At 3rd level, you gain the ability to decipher an opponent's tactics and develop a counter to them. As a bonus action, you make a Wisdom (Insight) check against a creature you can see that isn't incapacitated, contested by the target's Charisma (Deception) check. If you succeed, you can use your Sneak Attack against that target even if you don't have advantage on the attack roll, but not if you have disadvantage on it.

This benefit lasts for 1 minute or until you successfully use this feature against a different target.",3,Rogue,Inquisitive,False,,Xanathar's Guide to Everything,rogue_features.json
Steady Eye,"At 9th level, you gain advantage on any Wisdom (Perception) or Intelligence (Investigation) check if you move no more than half your speed on the same turn.",9,Rogue,Inquisitive,False,,Xanathar's Guide to Everything,rogue_features.json
Unerring Eye,"At 13th level, your senses are almost impossible to foil. As an action, you sense the presence of illusions, shapechangers not in their original form, and other magic designed to deceive the senses within 30 feet of you, provided you aren't blinded or deafened. You sense that an effect is attempting to trick you, but you gain no insight into what is hidden or into its true nature.

You can use this feature a number of times equal to your Wisdom modifier (minimum of once), and you regain all expended uses of it when you finish a long rest.",13,Rogue,Inquisitive,False,,Xanathar's Guide to Everything,rogue_features.json
Eye for Weakness,"At 17th level, you learn to exploit a creature's weaknesses by carefully studying its tactics and movement. While your Insightful Fighting feature applies to a creature, your Sneak Attack damage against that creature increases by 3d6.",17,Rogue,Inquisitive,False,,Xanathar's Guide to Everything,rogue_features.json
Master of Intrigue,"When you choose this archetype at 3rd level, you gain proficiency with the disguise kit, the forgery kit, and one gaming set of your choice. You also learn two languages of your choice.

Additionally, you can unerringly mimic the speech patterns and accent of a creature that you hear speak for at least 1 minute, enabling you to pass yourself off as a native speaker of a particular land, provided that you know the language.",3,Rogue,Mastermind,False,,Xanathar's Guide to Everything,rogue_features.json
Master of Tactics,"Starting at 3rd level, you can use the Help action as a bonus action. Additionally, when you use the Help action to aid an ally in attacking a creature, the target of that attack can be within 30 feet of you, rather than 5 feet of you, if the target can see or hear you.",3,Rogue,Mastermind,False,,Xanathar's Guide to Everything,rogue_features.json
Insightful Manipulator,"Starting at 9th level, if you spend at least 1 minute observing or interacting with another creature outside combat, you can learn certain information about its capabilities compared to your own. The DM tells you if the creature is your equal, superior, or inferior in regard to two of the following characteristics of your choice:

• Intelligence score

• Wisdom score

• Charisma score

• Class levels (if any)

At the DM's option, you might also realize you know a piece of the creature's history or one of its personality traits, if it has any.",9,Rogue,Mastermind,False,,Xanathar's Guide to Everything,rogue_features.json
Misdirection,"Beginning at 13th level, you can sometimes cause another creature to suffer an attack meant for you. When you are targeted by an attack while a creature within 5 feet of you is granting you cover against that attack, you can use your reaction to have the attack target that creature instead of you.",13,Rogue,Mastermind,False,,Xanathar's Guide to Everything,rogue_features.json
Soul of Deceit,"Starting at 17th level, your thoughts can't be read by telepathy or other means, unless you allow it. You can present false thoughts by making a Charisma (Deception) check contested by the mind reader's Wisdom (Insight) check.

Additionally, no matter what you say, magic that would determine if you are telling the truth indicates you are being truthful if you so choose, and you can't be compelled to tell the truth by magic.",17,Rogue,Mastermind,False,,Xanathar's Guide to Everything,rogue_features.json
Whispers of the Dead,"When you choose this archetype at 3rd level, echoes of those who have died cling to you. Whenever you finish a short or long rest, you can gain one skill or tool proficiency of your choice, as a ghostly presence shares its knowledge with you. You lose this proficiency when you use this feature to choose a different proficiency that you lack.",3,Rogue,Phantom,False,,Tasha's Cauldron of Everything,rogue_features.json
Wails from the Grave,"At 3rd level, as you nudge someone closer to the grave, you can channel the power of death to harm someone else as well. Immediately after you deal your Sneak Attack damage to a creature on your turn, you can target a second creature that you can see within 30 feet of the first creature. Roll half the number of Sneak Attack dice for your level (round up), and the second creature takes necrotic damage equal to the roll's total, as wails of the dead sound around them for a moment.

You can use this feature a number of times equal to your proficiency bonus, and you regain all expended uses when you finish a long rest.",3,Rogue,Phantom,False,,Tasha's Cauldron of Everything,rogue_features.json
Tokens of the Departed,"At 9th level, when a life ends in your presence, you're able to snatch a token from the departing soul, a sliver of its life essence that takes physical form: as a reaction when a creature you can see dies within 30 feet of you, you can open your free hand and cause a Tiny trinket to appear there, a soul trinket. The DM determines the trinket's form or has you roll on the Trinkets table in the Player's Handbook to generate it.

You can have a maximum number of soul trinkets equal to your proficiency bonus, and you can't create one while at your maximum.

You can use soul trinkets in the following ways:

• While a soul trinket is on your person, you have advantage on death saving throws and Constitution saving throws, for your vitality is enhanced by the life essence within the object.

• When you deal Sneak Attack damage on your turn, you can destroy one of your soul trinkets that's on your person and then immediately use Wails from the Grave, without expending a use of that feature.

• As an action, you can destroy one of your soul trinkets, no matter where it's located. When you do so, you can ask the spirit associated with the trinket one question. The spirit appears to you and answers in a language it knew in life. It's under no obligation to be truthful, and it answers as concisely as possible, eager to be free. The spirit knows only what it knew in life, as determined by the DM.",9,Rogue,Phantom,False,,Tasha's Cauldron of Everything,rogue_features.json
Ghost Walk,"At 13th level, you can phase partially into the realm of the dead, becoming like a ghost. As a bonus action, you assume a spectral form. While in this form, you have a flying speed of 10 feet, you can hover, and attack rolls have disadvantage against you. You can also move through creatures and objects as if they were difficult terrain, but you take 1d10 force damage if you end your turn inside a creature or an object.

You stay in this form for 10 minutes or until you end it as a bonus action. To use this feature again, you must finish a long rest or destroy one of your soul trinkets as part of the bonus action you use to activate Ghost Walk.",13,Rogue,Phantom,False,,Tasha's Cauldron of Everything,rogue_features.json
Death's Friend,"At 17th level, your association with death has become so close that you gain the following benefits:

• When you use your Wails from the Grave, you can now deal the necrotic damage to both the first and the second creature.

• At the end of a long rest, a soul trinket appears in your hand if you don't have any soul trinkets, as the spirits of the dead are drawn to you.",17,Rogue,Phantom,False,,Tasha's Cauldron of Everything,rogue_features.json
Skirmisher,"Starting at 3rd level, you are difficult to pin down during a fight. You can move up to half your speed as a reaction when an enemy ends its turn within 5 feet of you. This movement doesn’t provoke opportunity attacks.",3,Rogue,Scout,False,,Xanathar's Guide to Everything,rogue_features.json
Survivalist,"When you choose this archetype at 3rd level, you gain proficiency in the Nature and Survival skills if you don't already have it. Your proficiency bonus is doubled for any ability check you make that uses either of those proficiencies.",3,Rogue,Scout,False,,Xanathar's Guide to Everything,rogue_features.json
Superior Mobility,"At 9th level, your walking speed increases by 10 feet. If you have a climbing or swimming speed, this increase applies to that speed as well.",9,Rogue,Scout,False,,Xanathar's Guide to Everything,rogue_features.json
Ambush Master,"Starting at 13th level, you excel at leading ambushes and acting first in a fight.

You have advantage on initiative rolls. In addition, the first creature you hit during the first round of a combat becomes easier for you and others to strike; attack rolls against that target have advantage until the start of your next turn.",13,Rogue,Scout,False,,Xanathar's Guide to Everything,rogue_features.json
Sudden Strike,"Starting at 17th level, you can strike with deadly speed. If you take the Attack action on your turn, you can make one additional attack as a bonus action. This attack can benefit from your Sneak Attack even if you have already used it this turn, but you can't use your Sneak Attack against the same target more than once in a turn.",17,Rogue,Scout,False,,Xanathar's Guide to Everything,rogue_features.json
Psionic Power,"Starting at 3rd level, you harbor a wellspring of psionic energy within yourself. This energy is represented by your Psionic Energy dice, which are each a d6. You have a number of these dice equal to twice your proficiency bonus, and they fuel various psionic powers you have, which are detailed below.

Some of your powers expend the Psionic Energy die they use, as specified in a power's description, and you can't use a power if it requires you to use a die when your dice are all expended. You regain all your expended Psionic Energy dice when you finish a long rest. In addition, as a bonus action, you can regain one expended Psionic Energy die, but you can't do so again until you finish a short or long rest.

When you reach certain levels in this class, the size of your Psionic Energy dice increases: at 5th level (d8), 11th level (d10), and 17th level (d12).

The powers below use your Psionic Energy dice.

Psi-Bolstered Knack. When your nonpsionic training fails you, your psionic power can help: if you fail an ability check using a skill or tool with which you have proficiency, you can roll one Psionic Energy die and add the number rolled to the check, potentially turning failure into success. You expend the die only if the roll succeeds.

Psychic Whispers. You can establish telepathic communication between yourself and others — perfect for quiet infiltration. As an action, choose one or more creatures you can see, up to a number of creatures equal to your proficiency bonus, and then roll one Psionic Energy die. For a number of hours equal to the number rolled, the chosen creatures can speak telepathically with you, and you can speak telepathically with them. To send or receive a message (no action required), you and the other creature must be within 1 mile of each other. A creature can't use this telepathy if it can't speak any languages, and a creature can end the telepathic connection at any time (no action required). You and the creature don't need to speak a common language to understand each other.

The first time you use this power after each long rest, you don't expend the Psionic Energy die. All other times you use the power, you expend the die.",3,Rogue,Soulknife,False,,Tasha's Cauldron of Everything,rogue_features.json
Psychic Blades,"Also at 3rd level, You can manifest your psionic power as shimmering blades of psychic energy. Whenever you take the Attack action, you can manifest a psychic blade from your free hand and make the attack with that blade. This magic blade is a simple melee weapon with the finesse and thrown properties. It has a normal range of 60 feet and no long range, and on a hit, it deals psychic damage equal to 1d6 plus the ability modifier you used for the attack roll. The blade vanishes immediately after it hits or misses its target, and it leaves no mark on its target if it deals damage.

After you attack with the blade, you can make a melee or ranged weapon attack with a second psychic blade as a bonus action on the same turn, provided your other hand is free to create it. The damage die of this bonus attack is 1d4, instead of 1d6.",3,Rogue,Soulknife,False,,Tasha's Cauldron of Everything,rogue_features.json
Soul Blades,"Starting at 9th level, your Psychic Blades are now an expression of your psi-suffused soul, giving you these powers that use your Psionic Energy dice:

Homing Strikes. If you make an attack roll with your Psychic Blades and miss the target, you can roll one Psionic Energy die and add the number rolled to the attack roll. If this causes the attack to hit, you expend the Psionic Energy die.

Psychic Teleportation. As a bonus action, you manifest one of your Psychic Blades, expend one Psionic Energy die and roll it, and throw the blade at an unoccupied space you can see, up to a number of feet away equal to 10 times the number rolled. You then teleport to that space, and the blade vanishes.",9,Rogue,Soulknife,False,,Tasha's Cauldron of Everything,rogue_features.json
Psychic Veil,"At 13th level, you can weave a veil of psychic static to mask yourself. As an action, you can magically become invisible, along with anything you are wearing or carrying, for 1 hour or until you dismiss this effect (no action required). This invisibility ends early immediately after you deal damage to a creature, or you force a creature to make a saving throw.

Once you use this feature, you can't do so again until you finish a long rest, unless you expend a Psionic Energy die to use this feature again.",13,Rogue,Soulknife,False,,Tasha's Cauldron of Everything,rogue_features.json
Rend Mind,"When you reach 17th level, you can sweep your Psychic Blade directly through a creature's mind. When you use your Psychic Blades to deal Sneak Attack damage to a creature, you can force that target to make a Wisdom saving throw (DC equal to 8 + your proficiency bonus + your Dexterity modifier). If the save fails, the target is stunned for 1 minute. The stunned target can repeat the saving throw at the end of each of its turns, ending the effect on itself on a success.

Once you use this feature, you can't do so again until you finish a long rest, unless you expend three Psionic Energy dice to use it again.",17,Rogue,Soulknife,False,,Tasha's Cauldron of Everything,rogue_features.json
Fancy Footwork,"When you choose this archetype at 3rd level, you learn how to land a strike and then slip away without reprisal. During your turn, if you make a melee attack against a creature, that creature can't make opportunity attacks against you for the rest of your turn.",3,Rogue,Swashbuckler,False,,Xanathar's Guide to Everything,rogue_features.json
Rakish Audacity,"Starting at 3rd level, your confidence propels you into battle. You can give yourself a bonus to your initiative rolls equal to your Charisma modifier.

You also gain an additional way to use your Sneak Attack; you don't need advantage on the attack roll to use your Sneak Attack against a creature if you are within 5 feet of it, no other creatures are within 5 feet of you, and you don't have disadvantage on the attack roll. All the other rules for Sneak Attack still apply to you.",3,Rogue,Swashbuckler,False,,Xanathar's Guide to Everything,rogue_features.json
Panache,"At 9th level, your charm becomes extraordinarily beguiling. As an action, you can make a Charisma (Persuasion) check contested by a creature's Wisdom (Insight) check. The creature must be able to hear you, and the two of you must share a language.

If you succeed on the check and the creature is hostile to you, it has disadvantage on attack rolls against targets other than you and can't make opportunity attacks against targets other than you. This effect lasts for 1 minute, until one of your companions attacks the target or affects it with a spell, or until you and the target are more than 60 feet apart.

If you succeed on the check and the creature isn't hostile to you, it is charmed by you for 1 minute. While charmed, it regards you as a friendly acquaintance. This effect ends immediately if you or your companions do anything harmful to it.",9,Rogue,Swashbuckler,False,,Xanathar's Guide to Everything,rogue_features.json
Elegant Maneuver,"Starting at 13th level, you can use a bonus action on your turn to gain advantage on the next Dexterity (Acrobatics) or Strength (Athletics) check you make during the same turn.",13,Rogue,Swashbuckler,False,,Xanathar's Guide to Everything,rogue_features.json
Master Duelist,"Beginning at 17th level, your mastery of the blade lets you turn failure into success in combat. If you miss with an attack roll, you can roll it again with advantage. Once you do so, you can't use this feature again until you finish a short or long rest.",17,Rogue,Swashbuckler,False,1,Xanathar's Guide to Everything,rogue_features.json
Fast Hands,"Starting at 3rd level, you can use the bonus action granted by your Cunning Action to make a Dexterity (Sleight of Hand) check, use your thieves' tools to disarm a trap or open a lock, or take the Use an Object action.",3,Rogue,Thief,False,,Player's Handbook,rogue_features.json
Second-Story Work,"When you choose this archetype at 3rd level, you gain the ability to climb faster than normal; climbing no longer costs you extra movement.

In addition, when you make a running jump, the distance you cover increases by a number of feet equal to your Dexterity modifier.",3,Rogue,Thief,False,,Player's Handbook,rogue_features.json
Supreme Sneak,"Starting at 9th level, you have advantage on a Dexterity (Stealth) check if you move no more than half your speed on the same turn.",9,Rogue,Thief,False,,Player's Handbook,rogue_features.json
Use Magic Device,"By 13th level, you have learned enough about the workings of magic that you can improvise the use of items even when they are not intended for you. You ignore all class, race, and level requirements on the use of magic items.",13,Rogue,Thief,False,,Player's Handbook,rogue_features.json
Thief's Reflexes,"When you reach 17th level, you have become adept at laying ambushes and quickly escaping danger. You can take two turns during the first round of any combat. You take your first turn at your normal initiative and your second turn at your initiative minus 10. You can't use this feature when you are surprised.",17,Rogue,Thief,False,,Player's Handbook,rogue_features.json
Whispers of the Dead,"At 3rd level, echoes of those who have died begin to cling to you. Whenever you finish a short or long rest, you can gain one skill or tool proficiency of your choice, as a ghostly presence shares its knowledge with you. This proficiency lasts until you use this feature again.",3,Rogue,Phantom (UA),False,,Unearthed Arcana 72 - Subclasses Revisited,rogue_features.json
Wails from the Grave,"At 3rd level, as you nudge someone closer to the grave, you can cause deathly wails to be heard near them. Immediately after you deal your Sneak Attack damage to a creature on your turn, you can target a second creature that you can see within 30 feet of the first creature. Roll half the number of Sneak Attack dice for your level (round up), and the second creature takes psychic damage equal to the roll’s total, as wails of the dead sound around them for a moment.

You can use this feature a number of times equal to your proficiency bonus, and you regain all expended uses when you finish a long rest.",3,Rogue,Phantom (UA),False,,Unearthed Arcana 72 - Subclasses Revisited,rogue_features.json
Tokens of the Departed,"At 9th level, when a life ends in your presence, you’re able to snatch a token from the departing soul, a sliver of its life essence that takes physical form: as a reaction when a creature you can see dies within 30 feet of you, you open your free hand and a Tiny trinket appears there, a soul trinket. The DM chooses the trinket’s form or has you roll on the Trinkets table in the Player’s Handbook to determine it.

While the soul trinket is on your person, you have advantage on death saving throws and Constitution saving throws, as your vitality is enhanced by the life essence within the object. You can have a maximum number of soul trinkets equal to your proficiency bonus, and you can’t create one while at your maximum.

As an action, you can destroy one of your soul trinkets, no matter where it’s located. When you do so, you can ask the spirit associated with the trinket one question. The spirit appears to you and answers in a language it knew in life. It’s under no obligation to be truthful, and it answers as concisely as possible, eager to be free.",9,Rogue,Phantom (UA),False,,Unearthed Arcana 72 - Subclasses Revisited,rogue_features.json
Ghost Walk,"At 13th level, you can now phase partially into the realm of the dead, becoming like a ghost. As a bonus action, you assume a spectral form. While in this form, you have a flying speed of 10 feet, you can hover, and attack rolls have disadvantage against you. You can also move through creatures and objects as if they were difficult terrain, but you take 1d10 force damage if you end your turn inside a creature or an object.

You stay in this form for 10 minutes or until you end it as a bonus action. To use this feature again, you must finish a long rest or destroy one of your soul trinkets as part of the bonus action you use to activate Ghost Walk.",13,Rogue,Phantom (UA),False,,Unearthed Arcana 72 - Subclasses Revisited,rogue_features.json
Death Knell,"At 17th level, when you use your Wails from the Grave feature, you can now deal the psychic damage to both the first and the second creature.",17,Rogue,Phantom (UA),False,,Unearthed Arcana 72 - Subclasses Revisited,rogue_features.json
Tokens of Past Lives,"Starting at 3rd level, you remember talents you had in your previous life. When you finish a long rest, you gain one skill or tool proficiency of your choice. You can replace this proficiency with another when you finish a long rest.",3,Rogue,Revived,False,,"Unearthed Arcana 64 - Fighter, Ranger, Rogue",rogue_features.json
Revived Nature,"When you choose this archetype at 3rd level, your newfound connection to death gives you the following benefits:

• You have advantage on saving throws against disease and being poisoned, and you have resistance to poison damage.

• You don't need to eat, drink, or breathe

• You don't need to sleep. When you take a long rest, you must spend at least four hours in an inactive, motionless state, rather than sleeping. In this state, you remain semiconscious, and you can hear as normal.",3,Rogue,Revived,False,,"Unearthed Arcana 64 - Fighter, Ranger, Rogue",rogue_features.json
Bolts from the Grave,"Starting at 3rd level, you have learned to unleash bolts of necrotic energy from within your revived body. Immediately after you use your Cunning Action, you can make a ranged spell attack against a creature within 30 feet of you, provided you haven't used your Sneak Attack this turn. You are proficient with it, and you add your Dexterity modifier to its attack and damage rolls. A creature hit by this attack takes necrotic damage equal to your Sneak Attack. This uses your Sneak Attack for the turn.",3,Rogue,Revived,False,,"Unearthed Arcana 64 - Fighter, Ranger, Rogue",rogue_features.json
Connect with the Dead,"At 9th level, you can create a link with a spirit through their corpse. When you do so, you cast the Speak with Dead spell, without using a spell slot or material components. Intelligence is your spellcasting ability for this spell.

Speaking with the dead in this way temporarily gives you a capability from a past life-you're unsure whether its from your past life or the spirit's. When the spell ends, you gain one random benefit from the Revived Capabilities table. These benefits last until you finish a short or long rest.

After you cast the spell with this feature, you can't do so again until you finish a short or long rest.",9,Rogue,Revived,False,,"Unearthed Arcana 64 - Fighter, Ranger, Rogue",rogue_features.json
Audience with Death,"By 13th level, when at death's door, you can converse with the powers of death. You have advantage on death saving throws, and whenever you make a death saving throw, your spirit can ask an entity of death a question that can be answered with ""yes,"" ""no,"" or ""unknown."" The entity answers truthfully, using the knowledge of all those who have died.

In addition, whenever you have 0 hit points and are healed or stabilized, you can change any of your personal characteristics: personality trait, ideal, bond, or flaw.",13,Rogue,Revived,False,,"Unearthed Arcana 64 - Fighter, Ranger, Rogue",rogue_features.json
Ethereal Jaunt,"When you reach 17th level, like a ghost, you have the ability to slip in and out of the Ethereal Plane. You can now use your Cunning Action to teleport to an unoccupied space within 30 feet of you. You don't need to see that space to teleport to it, but your teleportation fails, wasting your bonus action, if you attempt to teleport through magical force that is Medium or larger, such as a wall of force. If you appear in a space occupied by another creature or filled by an object, you are immediately shunted to the nearest unoccupied space that you can occupy and take force damage equal to twice the number of feet you are shunted.",17,Rogue,Revived,False,,"Unearthed Arcana 64 - Fighter, Ranger, Rogue",rogue_features.json
Psychic Blade,"Starting at 3rd level, as a bonus action, you can create a magical blade of shimmering psychic power from one or both of your hands. While one of your hands is manifesting a blade, you can't hold anything in that hand. You can dismiss one or both blades at any time (no action required), and they disappear if you're incapacitated.

The blade is a simple melee weapon with the finesse, light, and thrown properties. It has a normal range of 30 feet and a long range of 60 feet, and it deals 1d6 psychic damage on a hit. If you throw the blade as part of an attack, it vanishes immediately after it hits or misses its target. The blade otherwise disappears the instant it leaves your hand.",3,Rogue,Soulknife,False,,"Unearthed Arcana 66 - Fighter, Rogue, Wizard",rogue_features.json
Psionic Enhancement,"Starting at 3rd level, you can focus your psionic power to give yourself an extraordinary ability. When you finish a long rest, you gain one of the following benefits of your choice, which lasts until you finish a long rest:

• You can communicate telepathically with any creature you can see within 30 feet of you. If a creature can speak at least one language, it can respond to you telepathically.

• Increase your walking speed by 5 feet

• Your hit point maximum and your current hit points increase by an amount equal to your Intelligence modifier plus your Rogue level.",3,Rogue,Soulknife,False,,"Unearthed Arcana 66 - Fighter, Rogue, Wizard",rogue_features.json
Terrifying Blade,"Starting at 9th level, your Psychic Blades can now stoke terror within a target: When you damage a creature with your Psychic Blade, you can force the target to make a Wisdom saving throw (DC equal to 8 + your proficiency bonus + your Intelligence modifier). On a failed save, the creature is frightened of you until the start of your next turn. On a successful save, the creature isn't frightened and is immune to your Terrifying Blade for 24 hours.",9,Rogue,Soulknife,False,,"Unearthed Arcana 66 - Fighter, Rogue, Wizard",rogue_features.json
Psychic Veil,"Starting at 13th level, you can weave a veil of psionic static to mask your physical presence. As an action, you can magically become invisible, along with anything you are wearing or carrying, for 10 minutes. This invisibility ends if you make an attack or if you force a creature to make a saving throw.

You can use this feature a number of times equal to your Intelligence modifier (minimum of once), and you regain all expended uses when you finish a long rest.",13,Rogue,Soulknife,False,,"Unearthed Arcana 66 - Fighter, Rogue, Wizard",rogue_features.json
Rend Mind,"Starting at 17th level, you can sweep your Psychic Blade directly through a creature's mind. As an action while you have at least one Psychic Blade manifested, you can force a creature you can see within 30 feet of you to make an Intelligence saving throw (DC equal to 10 + your proficiency bonus + your Intelligence modifier). If you are hidden from the target, it has disadvantage on the save. On a failed save, the target takes 12d6 psychic damage, and it is stunned until the start of your next turn. On a successful save, the target takes half as much damage and isn't stunned. One of your Psychic Blades vanishes after using this feature.

You can use this feature a number of times equal to your Intelligence modifier (minimum of once), and you regain all expended uses when you finish a long rest.",17,Rogue,Soulknife,False,,"Unearthed Arcana 66 - Fighter, Rogue, Wizard",rogue_features.json
Psionic Talent,"Starting at 3rd level, you harbor a wellspring of psionic power within yourself, an energy that ebbs and flows as you channel it in various ways. This power is represented by your Psionic Talent die, the starting size of which is a d6.

Changing the Die’s Size. If you roll the highest number on your Psionic Talent die, it decreases by one die size after the roll. This represents you burning through your psionic energy. For example, if the die is a d6 and you roll a 6, it becomes a d4. If it’s a d4 and you roll a 4, it becomes unusable until you finish a long rest.

Conversely, if you roll a 1 on your Psionic Talent die, it increases by one die size after the roll, up to its starting size. This represents you conserving psionic energy for later use. For example, if you roll a 1 on a d4, the die then becomes a d6.

Whenever you finish a long rest, your Psionic Talent die resets to its starting size. When you reach certain levels in this class, the starting size of your Psionic Talent die increases: at 5th level (d8), 11th level (d10), and 17th level (d12).

You can use your Psionic Talent die in the following ways:

Psi-Bolstered Knack. When your non-psionic training fails you, you can tap into your psionic power to help: if you fail an ability check using a skill or tool with which you have proficiency, you can roll your Psionic Talent die and add the number rolled to the check, potentially turning failure into success.

Psychic Whispers. You can use your psychic abilities to establish telepathic communication between yourself and others—perfect for quiet infiltration. As an action, you give yourself and at least one other creature the ability to speak telepathically with each other. When you do so, roll your Psionic Talent die, and choose creatures you can see, up to a number of creatures equal to the number rolled. For 1 hour, the chosen creatures can speak telepathically with you, and you can speak telepathically with them. To send or receive a message (no action required), you and the other creature must be within 1 mile of each other. A creature can’t use this telepathy if it can’t speak any languages, and a creature can end the telepathic connection at any time (no action required). You and the creature don’t need to speak a common language to understand each other.",3,Rogue,Soulknife Revisited,False,,Unearthed Arcana 71 - Psionic Options Revisited,rogue_features.json
Psi Replenishment.,"Starting at 3rd level, as a bonus action, you can calm your mind for a moment and restore your Psionic Talent die to its starting size. You then can’t use Psi Replenishment again until you finish a long rest.",3,Rogue,Soulknife Revisited,False,,Unearthed Arcana 71 - Psionic Options Revisited,rogue_features.json
Psychic Blades,"At 3rd level when you adopt this archetype, you can manifest your psionic power as shimmering blades of psychic energy. When you are about to make a melee or ranged weapon attack against a creature, you can manifest a psychic blade from your free hand and make the attack with that blade. This magic blade is a simple melee weapon with the finesse and thrown properties. It has a normal range of 60 feet and no long range, and on a hit, it deals psychic damage equal to 1d6 plus the ability modifier you used for the attack roll. The blade vanishes immediately after it hits or misses its target, and it leaves no mark on its target if it deals damage.

After you attack with the blade, you can make a melee or ranged weapon attack with a second psychic blade as a bonus action on the same turn, provided your other hand is free to create it. The damage die of this bonus attack is 1d4, instead of 1d6.",3,Rogue,Soulknife Revisited,False,,Unearthed Arcana 71 - Psionic Options Revisited,rogue_features.json
Soul Blades,"At 9th-level, your Psychic Blades are now an expression of your psi-suffused soul, giving you finer control over them in the following ways:

Homing Strikes. If you make an attack roll with your Psychic Blades and miss the target, you can roll your Psionic Talent die and add the number rolled to the attack roll. If this causes the attack to hit, your Psionic Talent die decreases by one die size, regardless of the number rolled.

Psychic Teleportation. If your Psionic Talent die is available, you can hurl your Psychic Blades to magically transport yourself to another location. As a bonus action, you manifest one of your Psychic Blades and throw it at an unoccupied space you can see, up to a number of feet away equal to 5 times the highest number on your Psionic Talent die.You then teleport to that space, the blade vanishes, and your Psionic Talent die decreases by one die size.",3,Rogue,Soulknife Revisited,False,,Unearthed Arcana 71 - Psionic Options Revisited,rogue_features.json
Psionic Veil,"When you reach 13th-level, you can weave a veil of psychic static to mask yourself. As an action, you can magically become invisible, along with anything you are wearing or carrying, for 10 minutes or until you dismiss this effect (no action required). This invisibility ends if you deal damage to a creature or if you force a creature to make a saving throw.

Once you use this feature, you can’t do so again until you finish a long rest, unless you decrease your Psionic Talent die by one die size to use this feature again.",3,Rogue,Soulknife Revisited,False,,Unearthed Arcana 71 - Psionic Options Revisited,rogue_features.json
Rend Mind,"By 17th-level, you can sweep your Psychic Blades directly through a creature’s mind. When you use your Psychic Blades to deal Sneak Attack damage to a creature, you can force that target to make a Wisdom saving throw (DC equal to 8 + your proficiency bonus + your Dexterity modifier). Unless the save succeeds, the target is stunned until the end of your next turn.

Once you use this feature, you can’t do so again until you finish a long rest, unless you decrease your Psionic Talent die by one die size to use this feature again.",3,Rogue,Soulknife Revisited,False,,Unearthed Arcana 71 - Psionic Options Revisited,rogue_features.json
Base Features,"Hit Points:
Hit Dice: 1d6 per sorcerer level Hit Points at 1st Level: 6 + your Constitution modifier Hit Points at Higher Levels: 1d6 (or 4) + your Constitution modifier per sorcerer level after 1st

Proficiencies:
Armor: None Weapons: Daggers, darts, slings, quarterstaffs, light crossbows Tools: None Saving Throws: Constitution, Charisma Skills: Choose two from Arcana, Deception, Insight, Intimidation, Persuasion, and Religion

Equipment:
You start with the following equipment, in addition to the equipment granted by your background:

• (a) a light crossbow and 20 bolts or (b) any simple weapon

• (a) a component pouch or (b) an arcane focus

• (a) a dungeoneer's pack or (b) an explorer's pack

• Two daggers",1,Sorcerer,,False,,,sorcerer_features.json
Spellcasting,"Spellcasting:
An event in your past, or in the life of a parent or ancestor, left an indelible mark on you, infusing you with arcane magic. This font of magic, whatever its origin, fuels your spells.

Cantrips

At 1st level, you know four cantrips of your choice from the sorcerer spell list. You learn additional sorcerer cantrips of your choice at higher levels, as shown in the Cantrips Known column of the Sorcerer table.

Spell Slots

The Sorcerer table shows how many spell slots you have to cast your sorcerer spells of 1st level and higher. To cast one of these sorcerer spells, you must expend a slot of the spell's level or higher. You regain all expended spell slots when you finish a long rest.

For example, if you know the 1st-level spell burning hands and have a 1st-level and a 2nd-level spell slot available, you can cast burning hands using either slot.

Spells Known of 1st Level and Higher

You know two 1st-level spells of your choice from the sorcerer spell list.

The Spells Known column of the Sorcerer table shows when you learn more sorcerer spells of your choice. Each of these spells must be of a level for which you have spell slots. For instance, when you reach 3rd level in this class, you can learn one new spell of 1st or 2nd level.

Additionally, when you gain a level in this class, you can choose one of the sorcerer spells you know and replace it with another spell from the sorcerer spell list, which also must be of a level for which you have spell slots.

Spellcasting Ability

Charisma is your spellcasting ability for your sorcerer spells, since the power of your magic relies on your ability to project your will into the world. You use your Charisma whenever a spell refers to your spellcasting ability. In addition, you use your Charisma modifier when setting the saving throw DC for a sorcerer spell you cast and when making an attack roll with one.

Spell save DC = 8 + your proficiency bonus + your Charisma modifier

Spell attack modifier = your proficiency bonus + your Charisma modifier

Spellcasting Focus

You can use an arcane focus as a spellcasting focus for your sorcerer spells.",1,Sorcerer,Pick your subclass where you set your class (top left),False,,,sorcerer_features.json
Sorcerous Origin,"Choose a sorcerous origin, which describes the source of your innate magical power. Your choice grants you features when you choose it at 1st level and again at 6th, 14th, and 18th level.",1,Sorcerer,Pick your subclass where you set your class (top left),True,,,sorcerer_features.json
Font of Magic,"At 2nd level, you tap into a deep wellspring of magic within yourself. This wellspring is represented by sorcery points, which allow you to create a variety of magical effects.

• Sorcery Points. You have 2 sorcery points, and you gain more as you reach higher levels, as shown in the Sorcery Points column of the Sorcerer table. You can never have more sorcery points than shown on the table for your level. You regain all spent sorcery points when you finish a long rest.

• Flexible Casting. You can use your sorcery points to gain additional spell slots, or sacrifice spell slots to gain additional sorcery points. You learn other ways to use your sorcery points as you reach higher levels. Creating Spell Slots. You can transform unexpended sorcery points into one spell slot as a bonus action on your turn. The Creating Spell Slots table shows the cost of creating a spell slot of a given level. You can create spell slots no higher in level than 5th. Any spell slot you create with this feature vanishes when you finish a long rest. Converting a Spell Slot to Sorcery Points. As a bonus action on your turn, you can expend one spell slot and gain a number of sorcery points equal to the slot's level.

• Creating Spell Slots. You can transform unexpended sorcery points into one spell slot as a bonus action on your turn. The Creating Spell Slots table shows the cost of creating a spell slot of a given level. You can create spell slots no higher in level than 5th. Any spell slot you create with this feature vanishes when you finish a long rest.

• Converting a Spell Slot to Sorcery Points. As a bonus action on your turn, you can expend one spell slot and gain a number of sorcery points equal to the slot's level.

• Creating Spell Slots. You can transform unexpended sorcery points into one spell slot as a bonus action on your turn. The Creating Spell Slots table shows the cost of creating a spell slot of a given level. You can create spell slots no higher in level than 5th. Any spell slot you create with this feature vanishes when you finish a long rest.

• Converting a Spell Slot to Sorcery Points. As a bonus action on your turn, you can expend one spell slot and gain a number of sorcery points equal to the slot's level.",2,Sorcerer,,False,,,sorcerer_features.json
Metamagic,"At 3rd level, you gain the ability to twist your spells to suit your needs. You gain two of the following Metamagic options of your choice. You gain another one at 10th and 17th level.

You can use only one Metamagic option on a spell when you cast it, unless otherwise noted.

• Careful Spell. When you cast a spell that forces other creatures to make a saving throw, you can protect some of those creatures from the spell's full force. To do so, you spend 1 sorcery point and choose a number of those creatures up to your Charisma modifier (minimum of one creature). A chosen creature automatically succeeds on its saving throw against the spell.

• Distant Spell. When you cast a spell that has a range of 5 feet or greater, you can spend 1 sorcery point to double the range of the spell. When you cast a spell that has a range of touch, you can spend 1 sorcery point to make the range of the spell 30 feet.

• When you cast a spell that has a range of touch, you can spend 1 sorcery point to make the range of the spell 30 feet.

• When you cast a spell that has a range of touch, you can spend 1 sorcery point to make the range of the spell 30 feet.

• Empowered Spell. When you roll damage for a spell, you can spend 1 sorcery point to reroll a number of the damage dice up to your Charisma modifier (minimum of one). You must use the new rolls. You can use Empowered Spell even if you have already used a different Metamagic option during the casting of the spell.

• You can use Empowered Spell even if you have already used a different Metamagic option during the casting of the spell.

• You can use Empowered Spell even if you have already used a different Metamagic option during the casting of the spell.

• Extended Spell. When you cast a spell that has a duration of 1 minute or longer, you can spend 1 sorcery point to double its duration, to a maximum duration of 24 hours.

• Heightened Spell. When you cast a spell that forces a creature to make a saving throw to resist its effects, you can spend 3 sorcery points to give one target of the spell disadvantage on its first saving throw made against the spell.

• Quickened Spell. When you cast a spell that has a casting time of 1 action, you can spend 2 sorcery points to change the casting time to 1 bonus action for this casting.

• Seeking Spell. If you make an attack roll for a spell and miss, you can spend 2 sorcery points to reroll the d20, and you must use the new roll. You can use Seeking Spell even if you have already used a different Metamagic option during the casting of the spell.

• You can use Seeking Spell even if you have already used a different Metamagic option during the casting of the spell.

• You can use Seeking Spell even if you have already used a different Metamagic option during the casting of the spell.

• Seeking Spell (UA). When you cast a spell that requires you to make a spell attack roll or that forces a target to make a Dexterity saving throw, you can spend 1 sorcery point to ignore the effects of half- and three-quarters cover against targets of the spell.

• Subtle Spell. When you cast a spell, you can spend 1 sorcery point to cast it without any somatic or verbal components.

• Transmuted Spell. When you cast a spell that deals a type of damage from the following list, you can spend 1 sorcery point to change that damage type to one of the other listed types: acid, cold, fire, lightning, poison, thunder.

• Twinned Spell. When you cast a spell that targets only one creature and doesn't have a range of self, you can spend a number of sorcery points equal to the spell's level to target a second creature in range with the same spell (1 sorcery point if the spell is a cantrip). To be eligible, a spell must be incapable of targeting more than one creature at the spell's current level. For example, magic missile and scorching ray aren't eligible, but ray of frost and chromatic orb are.",3,Sorcerer,,False,,,sorcerer_features.json
Sorcerous Versatility,"When you reach a level in this class that grants the Ability Score Improvement feature, you can do one of the following, representing the magic within you flowing in new ways:

• Replace one of the options you chose for the Metamagic feature with a different Metamagic option available to you.

• Replace one cantrip you learned from this class' spellcasting feature with another cantrip from the sorcerer spell list.",4,Sorcerer,,False,,,sorcerer_features.json
Magical Guidance,"When you reach 5th level, you can tap into your inner wellspring of magic to try and conjure success from failure. When you make an ability check that fails, you can spend 1 sorcery point to reroll the d20, and you must use the new roll, potentially turning the failure into a success.",5,Sorcerer,,False,,,sorcerer_features.json
Sorcerous Restoration,"At 20th level, you regain 4 expended sorcery points whenever you finish a short rest.",20,Sorcerer,,False,,,sorcerer_features.json
Psionic Spells,"Starting at 1st level, you learn additional spells when you reach certain levels in this class, as shown on the Psionic Spells table. Each of these spells counts as a sorcerer spell for you, but it doesn't count against the number of sorcerer spells you know.

Whenever you gain a sorcerer level, you can replace one spell you gained from this feature with another spell of the same level. The new spell must be a divination or an enchantment spell from the sorcerer, warlock, or wizard spell list.",1,Sorcerer,Aberrant Mind,False,,Tasha's Cauldron of Everything,sorcerer_features.json
Telepathic Speech,"Starting at 1st level, you can form a telepathic connection between your mind and the mind of another. As a bonus action, choose one creature you can see within 30 feet of you. You and the chosen creature can speak telepathically with each other while the two of you are within a number of miles of each other equal to your Charisma modifier (minimum of 1 mile). To understand each other, you each must speak mentally in a language the other knows.

The telepathic connection lasts for a number of minutes equal to your sorcerer level. It ends early if you are incapacitated or die or if you use this ability to form a connection with a different creature.",1,Sorcerer,Aberrant Mind,False,,Tasha's Cauldron of Everything,sorcerer_features.json
Psionic Sorcery,"Beginning at 6th level, when you cast any spell of 1st level or higher from your Psionic Spells feature, you can cast it by expending a spell slot as normal or by spending a number of sorcery points equal to the spell's level. If you cast the spell using sorcery points, it requires no verbal or somatic components, and it requires no material components, unless they are consumed by the spell.",6,Sorcerer,Aberrant Mind,False,,Tasha's Cauldron of Everything,sorcerer_features.json
Psychic Defenses,"At 6th level, you gain resistance to psychic damage, and you have advantage on saving throws against being charmed or frightened.",6,Sorcerer,Aberrant Mind,False,,Tasha's Cauldron of Everything,sorcerer_features.json
Revelation in Flesh,"Beginning at 14th level, you can unleash the aberrant truth hidden within yourself. As a bonus action, you can spend 1 or more sorcery points to magically transform your body for 10 minutes. For each sorcery point you spend, you can gain one of the following benefits of your choice, the effects of which last until the transformation ends:

• You can see any invisible creature within 60 feet of you, provided it isn't behind total cover. Your eyes also turn black or become writhing sensory tendrils.

• You gain a flying speed equal to your walking speed and can hover. As you fly, your skin glistens with mucus or shines with an otherworldly light.

• You gain a swimming speed equal to twice your walking speed, and you can breathe underwater. Moreover, gills grow from your neck or fan out from behind your ears, your fingers become webbed, or you grow writhing cilia that extend through your clothing.

• Your body, along with any equipment you are wearing or carrying, becomes slimy and pliable. You can move through any space as narrow as 1 inch without squeezing, and you can spend 5 feet of movement to escape from nonmagical restraints or being grappled.",14,Sorcerer,Aberrant Mind,False,,Tasha's Cauldron of Everything,sorcerer_features.json
Warping Implosion,"At 18th level, you can unleash your aberrant power as a space-warping anomaly. As an action, you can teleport to an unoccupied space you can see within 120 feet of you. Immediately after you disappear, each creature within 30 feet of the space you left must make a Strength saving throw against your spell save DC. On a failed save, a creature takes 3d10 force damage and is pulled straight toward the space you left, ending in an unoccupied space as close to your former space as possible. On a successful save, the creature takes half as much damage and isn't pulled.

Once you use this feature, you can't do so again until you finish a long rest, unless you spend 5 sorcery points to use it again.",18,Sorcerer,Aberrant Mind,False,,Tasha's Cauldron of Everything,sorcerer_features.json
Clockwork Magic,"You learn additional spells when you reach certain levels in this class, as shown on the Clockwork Spells table. Each spell counts as a sorcerer spell for you, but it doesn’t count against the number of sorcerer spells you know.

Whenever you gain a sorcerer level, you can replace one spell you gained from this feature with another spell of the same level. The new spell must be an abjuration or a transmutation spell from the sorcerer, warlock, or wizard spell list.

In addition, consult the Manifestations of Order table and choose or randomly determine a way your connection to order manifests while you are casting any of your sorcerer spells.",3,Sorcerer,Clockwork Soul,False,,Tasha's Cauldron of Everything,sorcerer_features.json
Restore Balance,"Starting at 1st level, your connection to the plane of absolute order allows you to equalize chaotic moments. When a creature you can see within 60 feet of you is about to roll a d20 with advantage or disadvantage, you can use your reaction to prevent the roll from being affected by advantage and disadvantage.

You can use this feature a number of times equal to your proficiency bonus, and you regain all expended uses when you finish a long rest.",1,Sorcerer,Clockwork Soul,False,,Tasha's Cauldron of Everything,sorcerer_features.json
Bastion of Law,"Starting at 6th level, you can tap into the grand equation of existence to imbue a creature with a shimmering shield of order. As an action, you can expend 1 to 5 sorcery points to create a magical ward around yourself or another creature you can see within 30 feet of you. The ward lasts until you finish a long rest or until you use this feature again.

The ward is represented by a number of d8s equal to the number of sorcery points spent to create it. When the warded creature takes damage, it can expend a number of those dice, roll them, and reduce the damage taken by the total rolled on those dice.",6,Sorcerer,Clockwork Soul,False,,Tasha's Cauldron of Everything,sorcerer_features.json
Trance of Order,"Starting at 14th level, you gain the ability to align your consciousness to the endless calculations of Mechanus. As a bonus action, you can enter this state for 1 minute. For the duration, attack rolls against you can't benefit from advantage, and whenever you make an attack roll, an ability check, or a saving throw, you can treat a roll of 9 or lower on the d20 as a 10.

Once you use this bonus action, you can't use it again until you finish a long rest, unless you spend 5 sorcery points to use it again.",14,Sorcerer,Clockwork Soul,False,1,Tasha's Cauldron of Everything,sorcerer_features.json
Clockwork Cavalcade,"At 18th level, you summon spirits of order to expunge disorder around you. As an action, you summon the spirits in a 30-foot cube originating from you. The spirits look like modrons or other constructs of your choice. The spirits are intangible and invulnerable, and they create the following effects within the cube before vanishing:

• The spirits restore up to 100 hit points, divided as you choose among any number of creatures of your choice in the cube.

• Any damaged objects entirely in the cube are repaired instantly.

• Every spell of 6th level or lower ends on creatures and objects of your choice in the cube.

Once you use this action, you can’t use it again until you finish a long rest, unless you spend 7 sorcery points to use it again.",18,Sorcerer,Clockwork Soul,False,1,Tasha's Cauldron of Everything,sorcerer_features.json
Dragon Ancestor,"At 1st level, you choose one type of dragon as your ancestor. The damage type associated with each dragon is used by features you gain later.

You can speak, read, and write Draconic. Additionally, whenever you make a Charisma check when interacting with dragons, your proficiency bonus is doubled if it applies to the check.",1,Sorcerer,Draconic Bloodline,False,,Player's Handbook,sorcerer_features.json
Draconic Resilience,"As magic flows through your body, it causes physical traits of your dragon ancestors to emerge. At 1st level, your hit point maximum increases by 1 and increases by 1 again whenever you gain a level in this class.

Additionally, parts of your skin are covered by a thin sheen of dragon-like scales. When you aren't wearing armor, your AC equals 13 + your Dexterity modifier.",1,Sorcerer,Draconic Bloodline,False,,Player's Handbook,sorcerer_features.json
Elemental Affinity,"Starting at 6th level, when you cast a spell that deals damage of the type associated with your draconic ancestry, add your Charisma modifier to one damage roll of that spell. At the same time, you can spend 1 sorcery point to gain resistance to that damage type for 1 hour.",6,Sorcerer,Draconic Bloodline,False,,Player's Handbook,sorcerer_features.json
Dragon Wings,"At 14th level, you gain the ability to sprout a pair of dragon wings from your back, gaining a flying speed equal to your current speed. You can create these wings as a bonus action on your turn. They last until you dismiss them as a bonus action on your turn.

You can't manifest your wings while wearing armor unless the armor is made to accommodate them, and clothing not made to accommodate your wings might be destroyed when you manifest them.",14,Sorcerer,Draconic Bloodline,False,,Player's Handbook,sorcerer_features.json
Draconic Presence,"Beginning at 18th level, you can channel the dread presence of your dragon ancestor, causing those around you to become awestruck or frightened. As an action, you can spend 5 sorcery points to draw on this power and exude an aura of awe or fear (your choice) to a distance of 60 feet. For 1 minute or until you lose your concentration (as if you were casting a concentration spell), each hostile creature that starts its turn in this aura must succeed on a Wisdom saving throw or be charmed (if you chose awe) or frightened (if you chose fear) until the aura ends. A creature that succeeds on this saving throw is immune to your aura for 24 hours.",18,Sorcerer,Draconic Bloodline,False,,Player's Handbook,sorcerer_features.json
Divine Magic,"Your link to the divine allows you to learn spells normally associated with the cleric class. When your Spellcasting feature lets you learn a sorcerer cantrip or a sorcerer spell of 1st level or higher, you can choose the new spell from the cleric spell list or the sorcerer spell list. You must otherwise obey all the restrictions for selecting the spell, and it becomes a sorcerer spell for you.

In addition, choose an affinity for the source of your divine power: good, evil, law, chaos, or neutrality. You learn an additional spell based on that affinity, as shown below. It is a sorcerer spell for you, but it doesn't count against your number of sorcerer spells known. If you later replace this spell, you must replace it with a spell from the cleric spell list.",1,Sorcerer,Divine Soul,False,,Xanathar's Guide to Everything,sorcerer_features.json
Favored by the Gods,"Starting at 1st level, divine power guards your destiny. If you fail a saving throw or miss with an attack roll, you can roll 2d4 and add it to the total, possibly changing the outcome.

Once you use this feature, you can't use it again until you finish a short or long rest.",1,Sorcerer,Divine Soul,False,1,Xanathar's Guide to Everything,sorcerer_features.json
Empowered Healing,"Starting at 6th level, the divine energy coursing through you can empower healing spells. Whenever you or an ally within 5 feet of you rolls dice to determine the number of hit points a spell restores, you can spend 1 sorcery point to reroll any number of those dice once, provided you aren't incapacitated. You can use this feature only once per turn.",6,Sorcerer,Divine Soul,False,,Xanathar's Guide to Everything,sorcerer_features.json
Angelic Form,"Starting at 14th level, you can use a bonus action to manifest a pair of spectral wings from your back. While the wings are present, you have a flying speed of 30 feet. The wings last until you're incapacitated, you die, or you dismiss them as a bonus action.

The affinity you chose for your Divine Magic feature determines the appearance of the spectral wings: eagle wings for good or law, bat wings for evil or chaos, and dragonfly wings for neutrality.",14,Sorcerer,Divine Soul,False,,Xanathar's Guide to Everything,sorcerer_features.json
Unearthly Recovery,"At 18th level, you gain the ability to overcome grievous injuries. As a bonus action when you have fewer than half of your hit points remaining, you can regain a number of hit points equal to half your hit point maximum.

Once you use this feature, you can’t use it again until you finish a long rest.",18,Sorcerer,Divine Soul,False,1,Xanathar's Guide to Everything,sorcerer_features.json
Lunar Embodiment,"You learn additional spells when you reach certain levels in this class, as shown on the Lunar Spells table. Each of these spells counts as a sorcerer spell for you, but it doesn’t count against the number of sorcerer spells you know.

Whenever you finish a long rest, you can choose what lunar phase manifests its power through your magic: Full Moon, New Moon, or Crescent Moon. While in the chosen phase, you can cast one 1st-level spell of the associated phase in the Lunar Spells table once without expending a spell slot. Once you cast a spell in this way, you can’t do so again until you finish a long rest.",3,Sorcerer,Lunar Sorcery,False,,Dragonlance: Shadow of the Dragon Queen,sorcerer_features.json
Moon Fire,"Starting at 1st level, you can call down the radiant light of the moon on command. You learn the Sacred Flame spell, which doesn’t count against the number of sorcerer cantrips you know. When you cast the spell, you can target one creature as normal or target two creatures within range that are within 5 feet of each other.",1,Sorcerer,Lunar Sorcery,False,,Dragonlance: Shadow of the Dragon Queen,sorcerer_features.json
Lunar Boons,"Starting at 6th level, the current phase of your Lunar Embodiment can affect your Metamagic feature. Each Lunar Embodiment phase is associated with certain schools of magic, as shown here:

• Full Moon. Abjuration and Divination spells

• New Moon. Enchantment and Necromancy spells

• Crescent Moon. Illusion and Transmutation spells

Whenever you use Metamagic on a spell of a school of magic associated with your current Lunar Embodiment phase, you can reduce the sorcery points spent by 1 (minimum 0). You can reduce the sorcery points spent for your Metamagic a number of times equal to your proficiency bonus, and you regain all expended uses when you finish a long rest",6,Sorcerer,Lunar Sorcery,False,,Dragonlance: Shadow of the Dragon Queen,sorcerer_features.json
Waxing and Waning,"Starting at 6th level, you gain greater control over the phases of your lunar magic. As a bonus action, you can spend 1 sorcery point to change your current Lunar Embodiment phase for a different one.

You can now cast one 1st-level spell from each lunar phase of the Lunar Spells table once without expending a spell slot, provided your current phase is the same as the lunar phase spell. Once you cast a lunar phase spell in this way, you can't do so again until you finish a long rest.",6,Sorcerer,Lunar Sorcery,False,,Dragonlance: Shadow of the Dragon Queen,sorcerer_features.json
Lunar Empowerment,"Starting at 14th level, the power of a lunar phase saturates your being. While you are in a Lunar Embodiment phase, you also gain the following benefit associated with that phase:

• Full Moon: You can use a bonus action to shed bright light in a 10-foot radius and dim light for an additional 10 feet or to douse the light. In addition, you and creatures of your choice have advantage on Intelligence (Investigation) and Wisdom (Perception) checks while within the bright light you shed.

• New Moon: You have advantage on Dexterity (Stealth) checks. In addition, while you are entirely in darkness, attack rolls have disadvantage against you.

• Crescent Moon: You have resistance to necrotic and radiant damage.",14,Sorcerer,Lunar Sorcery,False,,Dragonlance: Shadow of the Dragon Queen,sorcerer_features.json
Lunar Phenomenon,"At 18th level, as a bonus action, you can tap into a special power of your current Lunar Embodiment phase. Alternatively, as part of the bonus action you take to change your lunar phase using the Waxing and Waning feature, you can immediately use the power of the lunar phase you are entering:

• Full Moon: You radiate moonlight for a moment. Each creature of your choice within 30 feet of you must succeed on a Constitution saving throw against your spell save DC or be blinded until the end of its next turn. In addition, one creature of your choice in that area regains 3d8 hit points.

• New Moon: You momentarily emanate gloom. Each creature of your choice within 30 feet of you must succeed on a Dexterity saving throw against your spell save DC or take 3d10 necrotic damage and have its speed reduced to 0 until the end of its next turn. In addition, you become invisible until the end of your next turn, or until immediately after you make an attack or cast a spell.

• Crescent Moon: You can magically teleport to an unoccupied space you can see within 60 feet of yourself. You can bring along one willing creature you can see within 5 feet of yourself. That creature teleports to an unoccupied space of your choice that you can see within 5 feet of your destination space. In addition, you and that creature gain resistance to all damage until the start of your next turn.

Once you use one of these bonus action benefits, you can’t use that benefit again until you finish a long rest, unless you spend 5 sorcery points to use it again.",18,Sorcerer,Lunar Sorcery,False,,Dragonlance: Shadow of the Dragon Queen,sorcerer_features.json
Shadow Sorcerer Quirks,"At your option, you can pick from or roll on the Shadow Sorcerer Quirks table to create a quirk for your character.",3,Sorcerer,Shadow Magic,False,,Xanathar's Guide to Everything,sorcerer_features.json
Eyes of the Dark,"From 1st level, you have darkvision with a range of 120 feet.

When you reach 3rd level in this class, you learn the darkness spell, which doesn't count against your number of sorcerer spells known. In addition, you can cast it by spending 2 sorcery points or by expending a spell slot. If you cast it with sorcery points, you can see through the darkness created by the spell.",1,Sorcerer,Shadow Magic,False,,Xanathar's Guide to Everything,sorcerer_features.json
Strength of the Grave,"Starting at 1st level, your existence in a twilight state between life and death makes you difficult to defeat. When damage reduces you to 0 hit points, you can make a Charisma saving throw (DC 5 + the damage taken). On a success, you instead drop to 1 hit point. You can't use this feature if you are reduced to 0 hit points by radiant damage or by a critical hit.

After the saving throw succeeds, you can't use this feature again until you finish a long rest.",1,Sorcerer,Shadow Magic,False,1,Xanathar's Guide to Everything,sorcerer_features.json
Hound of Ill Omen,"At 6th level, you gain the ability to call forth a howling creature of darkness to harass your foes. As a bonus action, you can spend 3 sorcery points to summon a hound of ill omen to target one creature you can see within 120 feet of you. The hound uses the dire wolf's statistics, with the following changes:

• The hound is size Medium, not Large, and it counts as a monstrosity, not a beast.

• It appears with a number of temporary hit points equal to half your sorcerer level.

• It can move through other creatures and objects as if they were difficult terrain. The hound takes 5 force damage if it ends its turn inside an object.

• At the start of its turn, the hound automatically knows its target's location. If the target was hidden, it is no longer hidden from the hound.

The hound appears in an unoccupied space of your choice within 30 feet of the target. Roll initiative for the hound. On its turn, it can move only toward its target by the most direct route, and it can use its action only to attack its target. The hound can make opportunity attacks, but only against its target. Additionally, while the hound is within 5 feet of the target, the target has disadvantage on saving throws against any spell you cast. The hound disappears if it is reduced to 0 hit points, if its target is reduced to 0 hit points, or after 5 minutes.",6,Sorcerer,Shadow Magic,False,,Xanathar's Guide to Everything,sorcerer_features.json
Shadow Walk,"At 14th level, you gain the ability to step from one shadow into another. When you are in dim light or darkness, as a bonus action, you can teleport up to 120 feet to an unoccupied space you can see that is also in dim light or darkness.",14,Sorcerer,Shadow Magic,False,,Xanathar's Guide to Everything,sorcerer_features.json
Umbral Form,"Starting at 18th level, you can spend 6 sorcery points as a bonus action to transform yourself into a shadowy form. In this form, you have resistance to all damage except force and radiant damage, and you can move through other creatures and objects as if they were difficult terrain. You take 5 force damage if you end your turn inside an object.

You remain in this form for 1 minute. It ends early if you are incapacitated, if you die, or if you dismiss it as a bonus action.",18,Sorcerer,Shadow Magic,False,,Xanathar's Guide to Everything,sorcerer_features.json
Wind Speaker,"The arcane magic you command is infused with elemental air. You can speak, read, and write Primordial. Knowing this language allows you to understand and be understood by those who speak its dialects: Aquan, Auran, Ignan, and Terran.",3,Sorcerer,Storm Sorcery,False,,"Sword Coast Adventurer's Guide, Xanathar's Guide to Everything",sorcerer_features.json
Tempestuous Magic,"Starting at 1st level, you can use a bonus action on your turn to cause whirling gusts of elemental air to briefly surround you, immediately before or after you cast a spell of 1st level or higher. Doing so allows you to fly up to 10 feet without provoking opportunity attacks.",1,Sorcerer,Storm Sorcery,False,,"Sword Coast Adventurer's Guide, Xanathar's Guide to Everything",sorcerer_features.json
Heart of the Storm,"At 6th level, you gain resistance to lightning and thunder damage. In addition, whenever you start casting a spell of 1st level or higher that deals lightning or thunder damage, stormy magic erupts from you. This eruption causes creatures of your choice that you can see within 10 feet of you to take lightning or thunder damage (choose each time this ability activates) equal to half your sorcerer level.",6,Sorcerer,Storm Sorcery,False,,"Sword Coast Adventurer's Guide, Xanathar's Guide to Everything",sorcerer_features.json
Storm Guide,"At 6th level, you gain the ability to subtly control the weather around you.

If it is raining, you can use an action to cause the rain to stop falling in a 20-foot-radius sphere centered on you. You can end this effect as a bonus action.

If it is windy, you can use a bonus action each round to choose the direction that the wind blows in a 100-foot-radius sphere centered on you. The wind blows in that direction until the end of your next turn. This feature doesn't alter the speed of the wind.",6,Sorcerer,Storm Sorcery,False,,"Sword Coast Adventurer's Guide, Xanathar's Guide to Everything",sorcerer_features.json
Storm's Fury,"Starting at 14th level, when you are hit by a melee attack, you can use your reaction to deal lightning damage to the attacker. The damage equals your sorcerer level. The attacker must also make a Strength saving throw against your sorcerer spell save DC. On a failed save, the attacker is pushed in a straight line up to 20 feet away from you.",14,Sorcerer,Storm Sorcery,False,,"Sword Coast Adventurer's Guide, Xanathar's Guide to Everything",sorcerer_features.json
Wind Soul,"At 18th level, you gain immunity to lightning and thunder damage.

You also gain a magical flying speed of 60 feet. As an action, you can reduce your flying speed to 30 feet for 1 hour and choose a number of creatures within 30 feet of you equal to 3 + your Charisma modifier. The chosen creatures gain a magical flying speed of 30 feet for 1 hour. Once you reduce your flying speed in this way, you can't do so again until you finish a short or long rest.",18,Sorcerer,Storm Sorcery,False,,"Sword Coast Adventurer's Guide, Xanathar's Guide to Everything",sorcerer_features.json
Wild Magic Surge,"Starting when you choose this origin at 1st level, your spellcasting can unleash surges of untamed magic. Once per turn, the DM can have you roll a d20 immediately after you cast a sorcerer spell of 1st level or higher. If you roll a 1, roll on the Wild Magic Surge table to create a magical effect. If that effect is a spell, it is too wild to be affected by your Metamagic, and if it normally requires concentration, it doesn't require concentration in this case; the spell lasts for its full duration.",1,Sorcerer,Wild Magic,False,,Player's Handbook,sorcerer_features.json
Tides of Chaos,"Starting at 1st level, you can manipulate the forces of chance and chaos to gain advantage on one attack roll, ability check, or saving throw. Once you do so, you must finish a long rest before you can use this feature again.

Any time before you regain the use of this feature, the DM can have you roll on the Wild Magic Surge table immediately after you cast a sorcerer spell of 1st level or higher. You then regain the use of this feature.",1,Sorcerer,Wild Magic,False,1,Player's Handbook,sorcerer_features.json
Bend Luck,"Starting at 6th level, you have the ability to twist fate using your wild magic. When another creature you can see makes an attack roll, an ability check, or a saving throw, you can use your reaction and spend 2 sorcery points to roll 1d4 and apply the number rolled as a bonus or penalty (your choice) to the creature's roll. You can do so after the creature rolls but before any effects of the roll occur.",6,Sorcerer,Wild Magic,False,,Player's Handbook,sorcerer_features.json
Controlled Chaos,"At 14th level, you gain a modicum of control over the surges of your wild magic. Whenever you roll on the Wild Magic Surge table, you can roll twice and use either number.",14,Sorcerer,Wild Magic,False,,Player's Handbook,sorcerer_features.json
Spell Bombardment,"Beginning at 18th level, the harmful energy of your spells intensifies. When you roll damage for a spell and roll the highest number possible on any of the dice, choose one of those dice, roll it again and add that roll to the damage. You can use the feature only once per turn.",18,Sorcerer,Wild Magic,False,,Player's Handbook,sorcerer_features.json
Heart of Fire,"At 1st level, whenever you start casting a spell of 1st level or higher that deals fire damage, fiery magic erupts from you. This eruption causes creatures of your choice that you can see within 10 feet of you to take fire damage equal to half your sorcerer level (minimum of 1).",1,Sorcerer,Pyromancy,False,,Plane Shift - Kaladesh,sorcerer_features.json
Fire in the Veins,"At 6th level, you gain resistance to fire damage. In addition, spells you cast ignore resistance to fire damage.",6,Sorcerer,Pyromancy,False,,Plane Shift - Kaladesh,sorcerer_features.json
Pyromancer's Fury,"Starting at 14th level, when you are hit by a melee attack, you can use your reaction to deal fire damage to the attacker. The damage equals your sorcerer level, and ignores resistance to fire damage.",14,Sorcerer,Pyromancy,False,,Plane Shift - Kaladesh,sorcerer_features.json
Fiery Soul,"At 18th level, you gain immunity to fire damage. In addition, any spell or effect you create ignores resistance to fire damage and treats immunity to fire damage as resistance to fire damage.",18,Sorcerer,Pyromancy,False,,Plane Shift - Kaladesh,sorcerer_features.json
Moon Fire,"Starting at 1st level, you can call down the radiant light of the moon on command. You learn the Sacred Flame spell, which doesn’t count against the number of sorcerer cantrips you know. When you cast the spell, you can target one creature as normal or target two creatures within range that are within 5 feet of each other.",1,Sorcerer,Lunar Magic (UA),False,,Unearthed Arcana 81 - Heroes of Krynn,sorcerer_features.json
Lunar Embodiment,"You learn additional spells when you reach certain levels in this class, as shown on the Lunar Spells table. Each spell counts as a sorcerer spell for you, but it doesn’t count against the number of sorcerer spells you know.

Whenever you finish a long rest, you can choose what lunar phase manifests its power through your magic: Full Moon, New Moon, or Crescent Moon. While in the chosen phase, spells of the associated phase in the Lunar Spells table can be cast once without expending a spell slot. Once you cast a spell in this way, you can’t do so again until you finish a long rest.",3,Sorcerer,Lunar Magic (UA),False,,Unearthed Arcana 81 - Heroes of Krynn,sorcerer_features.json
Lunar Boons,"Starting at 6th level, lunar phases influence your metamagic. Each lunar phase is associated with spells of the following schools of magic:

• Full Moon. Abjuration and Conjuration spells

• New Moon. Evocation and Necromancy spells

• Crescent Moon. Divination and Transmutation spells

Whenever you use Metamagic on a spell from the Lunar Spells table or a spell of a school of magic associated with the lunar phase you are in, you can reduce the sorcery points spent by 1 (minimum 0). You can reduce the sorcery points spent for your Metamagic a number of times equal to your proficiency bonus, and you regain all expended uses when you finish a long rest",6,Sorcerer,Lunar Magic (UA),False,,Unearthed Arcana 81 - Heroes of Krynn,sorcerer_features.json
Waxing and Waning,"Starting at 6th level, you gain greater control over the phases of your lunar magic. As a bonus action, you can spend 1 sorcery point to change your lunar phase for a different one.",6,Sorcerer,Lunar Magic (UA),False,,Unearthed Arcana 81 - Heroes of Krynn,sorcerer_features.json
Lunar Empowerment,"Starting at 14th level, the power of a lunar phase saturates your being. Whenever you choose a lunar phase to affect your magic, you also gain the following benefit associated with that phase:

• Full Moon: You shed bright light in a 10-foot radius and dim light for an additional 10 feet. In addition, you and creatures of your choice have advantage on saving throws while within the bright light you shed.

• New Moon: You have advantage on Dexterity (Stealth) checks. In addition, while you are in dim light or darkness, attack rolls have disadvantage against you.

• Crescent Moon: You have resistance to necrotic and radiant damage.",14,Sorcerer,Lunar Magic (UA),False,,Unearthed Arcana 81 - Heroes of Krynn,sorcerer_features.json
Lunar Phenomenon,"At 18th level, your lunar phase magic bursts. As a bonus action, you can tap into a special power of the lunar phase you are currently in. Alternatively, as part of the bonus action you take to change your lunar phase using your Waxing and Waning feature, you can immediately use the power of the lunar phase you are entering:

• Full Moon: You radiate intense moonlight for a moment. Each creature of your choice within 30 feet of you must succeed on a Constitution saving throw against your spell save DC or be blinded until the end of its next turn. In addition, one creature of your choice in that area regains 3d8 hit points.

• New Moon: You momentarily emanate an oppressive gloom. Each creature of your choice within 30 feet of you must succeed on a Dexterity saving throw against your spell save DC or take 3d10 necrotic damage and have its speed reduced to 0 until the end of its next turn. In addition, you become invisible until the end of your next turn, or until you make an attack or cast a spell.

• Crescent Moon: You slip through light and darkness. You can magically teleport to an unoccupied space you can see within 60 feet of yourself. In addition, you also gain resistance to all damage until the start of your next turn.

Once you use a phase’s bonus action, you can’t do so again until you finish a long rest, unless you spend 5 sorcery points to use it again.",18,Sorcerer,Lunar Magic (UA),False,,Unearthed Arcana 81 - Heroes of Krynn,sorcerer_features.json
Psionic Spells,"Starting at 1st level, your aberrant nature changes your mind in subtle but profound ways. You learn additional spells when you reach certain levels in this class, as shown on the Psionic Spells table. The spell counts as a sorcerer spell for you, but it doesn’t count against the number of sorcerer spells you know.",1,Sorcerer,Aberrant Mind (UA),False,,Unearthed Arcana 61 - Aberrant Mind,sorcerer_features.json
Warped Being,"Starting at 1st level, your aberrant origin protects you from harm. Your body might have a coating of viscous slime, tough hide, scales, or an invisible psionic barrier (choose the form of protection when you gain this feature). Whatever form the protection takes, your AC equals 13 + your Dexterity modifier while you aren’t wearing armor.",1,Sorcerer,Aberrant Mind (UA),False,,Unearthed Arcana 61 - Aberrant Mind,sorcerer_features.json
Psionic Sorcery,"Beginning at 6th level, when you cast any of the spells gained from your Psionic Spells feature, you can cast it by expending a spell slot as normal or by spending a number of sorcery points equal to the spell’s level. If you cast the spell using sorcery points, it requires no components.",6,Sorcerer,Aberrant Mind (UA),False,,Unearthed Arcana 61 - Aberrant Mind,sorcerer_features.json
Psychic Defenses,"At 6th level, you gain resistance to psychic damage, and you have advantage on saving throws against being charmed or frightened.",6,Sorcerer,Aberrant Mind (UA),False,,Unearthed Arcana 61 - Aberrant Mind,sorcerer_features.json
Revelation in Flesh,"Beginning at 14th level, you can unleash the aberrant truth hidden within your flesh. As a bonus action, you can spend 1 or more sorcery points to magically transform your body for 1 minute. For each sorcery point you spend, you can gain one of the following benefits of your choice, the effects of which last until the transformation ends:

• You gain a swimming speed equal to your walking speed and the ability to breathe water. Gills grow from your neck or fan out from behind your ears, your fingers become webbed, or you grow lashing cilia that extend through your clothing.

• You gain a flying speed equal to your walking speed and can hover. As you fly, your skin glistens with mucus.

• Your body, along with any equipment you are wearing or carrying, becomes slimy and pliable. You can move through any space as narrow as 1 inch without squeezing, and you can spend 5 feet of movement to escape from nonmagical restraints or being grappled.

• Your eyes turn black or become writhing sensory tendrils. You are aware of the location of any hidden or invisible creature within 60 feet of you.",14,Sorcerer,Aberrant Mind (UA),False,,Unearthed Arcana 61 - Aberrant Mind,sorcerer_features.json
Warp Reality,"At 18th level, you become the focal point of a reality-warping anomaly. As an action, you can magically radiate a transparent, 20-foot-radius aura for 1 minute. This might take the form of a sphere of rippling psychic energy, a fluctuating amoebic gel, an extrusion of ephemeral parasites, or some other manifestation. Other creatures treat the aura as difficult terrain, and when they start their turn in it, they take 2d10 psychic damage. When you activate this feature, you can choose any number of creatures you can see to be unaffected by the aura.

As a bonus action, you can end the aura early. If you do so, you and any number of creatures you choose within the aura are teleported to a location you can see within 1 mile of you. Each creature must appear within 20 feet of you and in an unoccupied space. An unwilling creature that succeeds on a Charisma saving throw against your spell save DC is not teleported.

Once you use this feature, you can’t use it again until you finish a long rest.",18,Sorcerer,Aberrant Mind (UA),False,1,Unearthed Arcana 61 - Aberrant Mind,sorcerer_features.json
Clockwork Magic,"You learn additional spells when you reach certain levels in this class, as shown on the Clockwork Spells table. Each spell counts as a sorcerer spell for you, but it doesn’t count against the number of sorcerer spells you know. These spells can’t be replaced when you gain a level in this class.",3,Sorcerer,Clockwork Soul (UA),False,,"Unearthed Arcana 68 - Subclasses, Part 2",sorcerer_features.json
Restore Balance,"Starting at 1st level, your connection to the plane of absolute order allows you to equalize chaotic moments. When a creature you can see within 60 feet of you is about to roll a d20 with advantage or disadvantage, you can use your reaction to prevent the roll from being affected by advantage and disadvantage.

You can use this feature a number of times equal to your Charisma modifier (minimum of once), and you regain all expended uses when you finish a long rest.",1,Sorcerer,Clockwork Soul (UA),False,,"Unearthed Arcana 68 - Subclasses, Part 2",sorcerer_features.json
Bulwark of Law,"Starting at 6th level, you can imbue a creature with a shimmering shield of order. As an action, you can expend 1 to 5 sorcery points to create a magical ward around yourself or another creature you can see within 30 feet of you. The ward lasts until you finish a long rest or until you use this feature again. The ward is represented by a number of d8s equal to the number of sorcery points spent to create it. When the warded creature takes damage, it can use its reaction to spend a number of those dice, roll them, and reduce the damage taken by the total of the spent dice.",6,Sorcerer,Clockwork Soul (UA),False,,"Unearthed Arcana 68 - Subclasses, Part 2",sorcerer_features.json
Trance of Order,"Starting at 14th level, you gain the ability to enter a state of clockwork consciousness as a bonus action. For the next minute, attack rolls against you can’t benefit from advantage, and whenever you make an attack roll, an ability check, or a saving throw, you can treat a d20 roll of 9 or lower as a 10. Once you use this action, you can’t use it again until you finish a long rest or until you expend 5 sorcery points to use it again.",14,Sorcerer,Clockwork Soul (UA),False,1,"Unearthed Arcana 68 - Subclasses, Part 2",sorcerer_features.json
Clockwork Cavalcade,"At 18th level, you summon spirits of order to restore balance around you. As an action, you summon the spirits in a 30-foot cube originating from you. The spirits look like modrons or other constructs of your choice. The spirits are intangible and invulnerable, work fast and efficiently, and create the following effects within the cube before vanishing:

• The spirits restore up to 100 hit points, divided as you choose among any number of creatures of your choice in the cube.

• Any damaged objects entirely in the cube are repaired.

• Every spell of 6th level or lower ends on creatures and objects of your choice in the cube.

Once you use this action, you can’t use it again until you finish a long rest or until you expend 7 sorcery points to use it again.",18,Sorcerer,Clockwork Soul (UA),False,1,"Unearthed Arcana 68 - Subclasses, Part 2",sorcerer_features.json
Chosen of the Gods,"At 1st level, you choose one of the cleric class’s divine domains. You add that domain’s spells for 1st-level clerics to your known spells. These spells do not count against the number of spells you can know, and they are considered to be sorcerer spells for you. When you reach 3rd, 5th, 7th, and 9th levels in the sorcerer class, you likewise learn your domain’s spells that become available at those levels.",1,Sorcerer,Favored Soul (UA),False,,Unearthed Arcana 3 - Modifying Classes,sorcerer_features.json
Bonus Proficiencies,"At 1st level, you gain proficiency in light armor, medium armor, shields, and simple weapons.",1,Sorcerer,Favored Soul (UA),False,,Unearthed Arcana 3 - Modifying Classes,sorcerer_features.json
Divine Wings,"At 14th level, you gain the ability to sprout a pair of wings from your back (feathered or bat-like, your choice), gaining a flying speed equal to your current walking speed. You can create these wings as a bonus action on your turn. They last until you dismiss them as a bonus action on your turn.

You can’t manifest your wings while wearing armor unless the armor is made to accommodate them, and clothing not made to accommodate your wings might be destroyed when you manifest them.",14,Sorcerer,Favored Soul (UA),False,,Unearthed Arcana 3 - Modifying Classes,sorcerer_features.json
Power of the Chosen,"Starting at 18th level, when you cast one of the spells you learned from your Chosen of the Gods class feature, you regain hit points equal to your Charisma modifier (minimum +1) + the spell’s level.",18,Sorcerer,Favored Soul (UA),False,,Unearthed Arcana 3 - Modifying Classes,sorcerer_features.json
Divine Magic,"Your link to the divine allows you to learn spells normally associated with the cleric class. When your Spellcasting feature lets you learn a sorcerer cantrip or a sorcerer spell of 1st level or higher, you can choose the new spell from the cleric spell list, in addition to the sorcerer spell list. You must otherwise obey all the restrictions for selecting the spell, and it becomes a sorcerer spell for you.",1,Sorcerer,Favored Soul Revisited (UA),False,,Unearthed Arcana 28 - Sorcerer,sorcerer_features.json
Supernatural Resilience,"At 1st level, the blessing of the gods grants you enhanced durability. Your hit point maximum increases by 1, and it increases by 1 again whenever you gain a level in this class.",1,Sorcerer,Favored Soul Revisited (UA),False,,Unearthed Arcana 28 - Sorcerer,sorcerer_features.json
Favored by the Gods,"Starting at 1st level, divine power guards your destiny. If you fail a saving throw or miss with an attack roll, you can roll 2d4 and add it to the total, possibly changing the outcome.

Once you use this feature, you can’t use it again until you finish a short or long rest.",1,Sorcerer,Favored Soul Revisited (UA),False,1,Unearthed Arcana 28 - Sorcerer,sorcerer_features.json
Blessed Countenance,"At 6th level, your divine essence causes you to undergo a minor physical transformation. Your appearance takes on an otherworldly version of one of the following qualities (your choice): beautiful, youthful, kind, or imposing.

Whatever your choice, if your proficiency bonus applies to a Charisma check, double that bonus.",6,Sorcerer,Favored Soul Revisited (UA),False,,Unearthed Arcana 28 - Sorcerer,sorcerer_features.json
Divine Purity,"At 14th level, you become immune to disease, poison damage, and the poisoned condition.",14,Sorcerer,Favored Soul Revisited (UA),False,,Unearthed Arcana 28 - Sorcerer,sorcerer_features.json
Unearthly Recovery,"At 18th level, you gain the ability to overcome grievous injuries. As a bonus action when you have less than half of your hit points remaining, you can regain a number of hit points equal to half your hit point maximum.

Once you use this feature, you can’t use it again until you finish a long rest.",18,Sorcerer,Favored Soul Revisited (UA),False,1,Unearthed Arcana 28 - Sorcerer,sorcerer_features.json
Jotun Resilience,"The resilience of giants flows through your body. At 1st level, your hit point maximum increases by 1, and it increases by 1 again whenever you gain a level in this class.",1,Sorcerer,Giant Soul,False,,Unearthed Arcana 51 - Giant Soul,sorcerer_features.json
Mark of the Ordning,"At 1st level, you discover innate magical abilities within yourself that are based on your giant heritage. Select one of the giant types from the Mark of the Ordning table. At 1st and 3rd level, you learn the spells associated with your choice, as shown in the table. These spells count as sorcerer spells for you, but they don’t count against your number of sorcerer spells known.",1,Sorcerer,Giant Soul,False,,Unearthed Arcana 51 - Giant Soul,sorcerer_features.json
Soul of Lost Ostoria,"Starting at 6th level, you gain a benefit whenever you cast one of the spells granted by your Mark of the Ordning Feature.

• Cloud Giant. Immediately after you cast any of your Mark of the Ordning spells, you can magically teleport as a bonus action. You teleport to an unoccupied space you can see that is no farther away than a number of feet equal to 10 + your Constitution modifier.

• Fire Giant. You gain a bonus to the damage rolls of your Mark of the Ordning spells. The bonus equals your Constitution modifier (minimum of +1).

• Frost Giant. Immediately after you cast any of your Mark of the Ordning spells, you gain temporary hit points equal to your Constitution modifier (minimum of 1). If the spell is Armor of Agathys, you instead increase its temporary hit points by an amount equal to your Constitution modifier (minimum of 1).

• Hill Giant. Immediately after you cast any of your Mark of the Ordning spells, you can target up to two creatures within 5 feet of you that you can see. Each target must succeed on a Strength saving throw against your spell save DC or be pushed a number of feet away from you equal to 5 + your Constitution modifier (minimum of +1). A target can choose to fail this save.

• Stone Giant. Immediately after you cast any of your Mark of the Ordning spells, you gain a bonus to AC equal to your Constitution modifier (minimum of +1) until the end of your next turn.

• Storm Giant. Immediately after you cast any of your Mark of the Ordning spells, up to three creatures of your choice that you can see within 30 feet of you take lightning damage equal to your Constitution modifier (minimum of 1).",6,Sorcerer,Giant Soul,False,,Unearthed Arcana 51 - Giant Soul,sorcerer_features.json
Rage of Fallen Ostoria,"Starting at 14th level, you gain the ability to channel the souls of your ancestors into your physical form. When you start casting a sorcerer spell on your turn and expend a spell slot, you can increase your size by one category – from Medium to Large, for example. This increase lasts for 1 minute. It ends early if you die or are incapacitated. Until it ends, you gain the following benefits:

• Your current hit points and your hit point maximum both increase by 1 per sorcerer level.

• Your reach increases by 5 feet.

• Your walking speed increases by 5 feet.

• You have advantage on Strength checks and Strength saving throws.

• You gain a bonus to the damage rolls of your melee weapon attacks; the bonus equals your Constitution modifier (minimum of +1).

Once you use this feature, you can’t use it again until you finish a short or long rest.",14,Sorcerer,Giant Soul,False,1,Unearthed Arcana 51 - Giant Soul,sorcerer_features.json
Blessing of the All Father,"At 18th level, your Constitution score increases by 2, up to a maximum of 22.

In addition, you can now use Rage of Fallen Ostoria twice between rests, but no more than once on a turn. If you use that feature while under its effects, its increases to your size, hit points, reach, and walking speed are cumulative.",18,Sorcerer,Giant Soul,False,,Unearthed Arcana 51 - Giant Soul,sorcerer_features.json
Ignite,"At 1st level, you gain the ability to start fires with a touch. As an action, you can magically ignite a flammable object you touch with your hand—an object such as a torch, a piece of tinder, or the hem of drapes.",1,Sorcerer,Phoenix Sorcery,False,,Unearthed Arcana 28 - Sorcerer,sorcerer_features.json
Mantle of Flame,"Starting at 1st level, you can unleash the phoenix fire that blazes within you.

As a bonus action, you magically wreathe yourself in swirling fire, as your eyes glow like hot coals. For 1 minute, you gain the following benefits:

• You shed bright light in a 30-foot radius and dim light for an additional 30 feet.

• Any creature takes fire damage equal to your Charisma modifier if it hits you with a melee attack from within 5 feet of you or if it touches you.

• Whenever you roll fire damage on your turn, the roll gains a bonus equal to your Charisma modifier.

Once you use this feature, you can’t use it again until you finish a long rest.",1,Sorcerer,Phoenix Sorcery,False,1,Unearthed Arcana 28 - Sorcerer,sorcerer_features.json
Phoenix Spark,"Starting at 6th level, the fiery energy within you grows restless and vengeful. In the face of defeat, it surges outward to preserve you in a fiery roar.

If you are reduced to 0 hit points, you can use your reaction to draw on the spark of the phoenix. You are instead reduced to 1 hit point, and each creature within 10 feet of you takes fire damage equal to half your sorcerer level + your Charisma modifier.

If you use this feature while under the effects of your Mantle of Flame, this feature instead deals fire damage equal to your sorcerer level + double your Charisma modifier, and your Mantle of Flame immediately ends.

Once you use this feature, you can’t use it again until you finish a long rest.",6,Sorcerer,Phoenix Sorcery,False,1,Unearthed Arcana 28 - Sorcerer,sorcerer_features.json
Nourishing Fire,"Starting at 14th level, your fire spells soothe and restore you. When you expend a spell slot to cast a spell that includes a fire damage roll, you regain hit points equal to the slot’s level + your Charisma modifier.",14,Sorcerer,Phoenix Sorcery,False,,Unearthed Arcana 28 - Sorcerer,sorcerer_features.json
Form of the Phoenix,"At 18th level, you finally master the spark of fire that dances within you. While under the effect of your Mantle of Flame feature, you gain additional benefits:

• You have a flying speed of 40 feet and can hover.

• You have resistance to all damage.

• If you use your Phoenix Spark, that feature deals an extra 20 fire damage to each creature.",18,Sorcerer,Phoenix Sorcery,False,,Unearthed Arcana 28 - Sorcerer,sorcerer_features.json
Psionic Origin,"As a Psionic Soul sorcerer, you decide how you acquired your powers. Were you born with them, and did they manifest throughout childhood? Or did an extraordinary event later in life leave you shining with psionic awareness?

Consult the Psionic Origins table for a possible origin of your power.",3,Sorcerer,Psionic Soul,False,,Unearthed Arcana 71 - Psionic Options Revisited,sorcerer_features.json
Psionic Talent,"Starting at 1st-level you harbor a wellspring of psionic power within yourself, an energy that ebbs and flows as you channel it in various ways. This power is represented by your Psionic Talent die, the starting size of which is a d6.

Changing the Die’s Size. If you roll the highest number on your Psionic Talent die, it decreases by one die size after the roll. This represents you burning through your psionic energy. For example, if the die is a d6 and you roll a 6, it becomes a d4. If it’s a d4 and you roll a 4, it becomes unusable until you finish a long rest.

Conversely, if you roll a 1 on your Psionic Talent die, it increases by one die size after the roll, up to its starting size. This represents you conserving psionic energy for later use. For example, if you roll a 1 on a d4, the die then becomes a d6.

Whenever you finish a long rest, your Psionic Talent die resets to its starting size. When you reach certain levels in this class, the starting size of your Psionic Talent die increases: at 5th level (d8), 11th level (d10), and 17th level (d12).

You can use your Psionic Talent die in the following ways:

Psionic Discovery. You can unlock the ability to cast a mind-oriented sorcerer spell you don’t already know. After meditating for 10 minutes (which can be done during a rest), roll your Psionic Talent die, and choose a sorcerer spell of a level for which you have spell slots and that is in the school of divination or enchantment. You know the chosen spell for a number of hours equal to the number you rolled.

Psychic Sorcery. When you cast a spell, you can use your mind to form it, rather than relying on words, gestures, and materials. To do so, roll your Psionic Talent die. The spell then requires no verbal component, and if you rolled the level of the spell or higher, the spell doesn’t require somatic or material components either.

Telepathic Speech. You can form a telepathic connection between your mind and the mind of another. As a bonus action, choose one creature you can see, and roll your Psionic Talent die. For a number of hours equal to the number you rolled, you and the chosen creature can speak telepathically with each other while the two of you are within a number of miles of each other equal to the number you rolled. To understand each other, you each must speak mentally in a language the other knows. The telepathic connection ends early if you use this ability to form a connection with a different creature.",5,Sorcerer,Psionic Soul,False,,Unearthed Arcana 71 - Psionic Options Revisited,sorcerer_features.json
Psychic Strike,"At 6th-level, you have learned to channel additional psychic energy into your spells. Immediately after you deal damage to a creature with a sorcerer spell for which you expend a spell slot, you can roll your Psionic Talent die and also deal psychic damage to that creature equal to the number rolled. You can deal this extra damage only once per turn.",3,Sorcerer,Psionic Soul,False,,Unearthed Arcana 71 - Psionic Options Revisited,sorcerer_features.json
Mind Over Body,"When you reach 14th-level, you can now use the psi that flows through you to give your body extraordinary abilities. As a bonus action, you can roll your Psionic Talent die and spend 1 or more sorcery points to magically transform yourself for a number of hours equal to the number rolled. Until the transformation ends, you gain one of the following benefits of your choice for each sorcery point you spent, choosing a different benefit for each point:

• You can see any invisible creature within 60 feet of you, provided it isn’t behind total cover.

• You gain a flying speed equal to your walking speed, and you can hover.

• You gain a swimming speed equal to twice your walking speed, and you can breathe underwater.

• Your body, along with any equipment you are wearing or carrying, becomes pliable. You can move through any space as narrow as 1 inch without squeezing, and you can spend 5 feet of movement to escape from nonmagical restraints or being grappled.",3,Sorcerer,Psionic Soul,False,,Unearthed Arcana 71 - Psionic Options Revisited,sorcerer_features.json
Psychic Aura,"At 18th-level, if your Psionic Talent die is available, you can unleash your psionic power in a crackling aura of psychic energy; as a bonus action, you can magically radiate this transparent, 30-foot radius aura for 1 minute or until you’re incapacitated or lose the use of your Psionic Talent die.

Whenever a creature starts its turn in the aura or moves into it for the first time on a turn, you can roll your Psionic Talent die and deal psychic damage to the creature, equaling the number rolled plus your Charisma modifier. If the creature takes any of this damage, its speed is halved until the start of its next turn.",3,Sorcerer,Psionic Soul,False,,Unearthed Arcana 71 - Psionic Options Revisited,sorcerer_features.json
Soul of the Sea,"At 1st level, your tie to the sea grants you the ability to breathe underwater, and you have a swim speed equal to your walking speed.",1,Sorcerer,Sea Sorcery,False,,Unearthed Arcana 28 - Sorcerer,sorcerer_features.json
Curse of the Sea,"When you choose this origin at 1st level, you learn the secret of infusing your spells with a watery curse.

When you hit a creature with a cantrip’s attack or when a creature fails a saving throw against your cantrip, you can curse the target until the end of your next turn or until you curse a different creature with this feature.

Once per turn when you cast a spell, you can trigger the curse if that spell deals cold or lightning damage to the cursed target or forces it to move. Doing so subjects the target to the appropriate additional effect below, and then the curse ends if the spell isn’t a cantrip (you choose the effect to use if more than one effect applies):

• Cold Damage. If the affected target takes cold damage from your spell, the target’s speed is also reduced by 15 feet until the end of your next turn. If the spell already reduces the target’s speed, use whichever reduction is greater.

• Lightning Damage. If the affected target takes lightning damage from your spell, the target takes additional lightning damage equal to your Charisma modifier.

• Forced Movement. If the target is moved by your spell, increase the distance it is moved by 15 feet.",1,Sorcerer,Sea Sorcery,False,,Unearthed Arcana 28 - Sorcerer,sorcerer_features.json
Watery Defense,"At 6th level, you gain resistance to fire damage.

You also gain the ability to defend yourself by momentarily assuming a watery form. As a reaction when you are hit by an attack and take bludgeoning, piercing, or slashing damage from it, you can reduce that damage by an amount equal to your sorcerer level plus your Charisma score, and then you can move up to 30 feet without provoking opportunity attacks. Once you use this special reaction, you can’t use it again until you finish a short or long rest.",6,Sorcerer,Sea Sorcery,False,1,Unearthed Arcana 28 - Sorcerer,sorcerer_features.json
Shifting Form,"Starting at 14th level, you gain the ability to enter a liquid state while moving.

When you move on your turn, you take only half damage from opportunity attacks, and you can move through any enemy’s space but can’t willingly end your move there.

On your turn, you can move through any space that is at least 3 inches in diameter and do so without squeezing. When you stop moving, the regular squeezing rules apply if you’re in a space one size smaller than you. You can’t willingly stop in a space smaller than that, and if you’re forced to do so, you immediately flow to the nearest space that can fit you, back along the path of your movement.",14,Sorcerer,Sea Sorcery,False,,Unearthed Arcana 28 - Sorcerer,sorcerer_features.json
Water Soul,"Starting at 18th level, your being is altered by the power of the sea. You gain the following benefits:

• You no longer need to eat, drink, or sleep.

• A critical hit against you becomes a normal hit.

• You have resistance to bludgeoning, piercing, and slashing damage.",18,Sorcerer,Sea Sorcery,False,,Unearthed Arcana 28 - Sorcerer,sorcerer_features.json
Eyes of the Dark,"From 1st level, you have darkvision with a range of 60 feet. You can cast darkness by spending 1 sorcery point. You can see through any darkness spell you cast using this ability.",1,Sorcerer,Shadow,False,,"Unearthed Arcana 10 - Light, Dark, Underdark!",sorcerer_features.json
Strength of the Grave,"Starting at 1st level, your existence in a twilight state between life and death makes you difficult to defeat. Whenever damage reduces you to 0 hit points, you can make a Constitution saving throw (DC 5 + the damage taken). On a success, you instead drop to 1 hit point. You cannot use this feature if you are reduced to 0 hit points by radiant damage or by a critical hit.",1,Sorcerer,Shadow,False,,"Unearthed Arcana 10 - Light, Dark, Underdark!",sorcerer_features.json
Hound of Ill Omen,"At 6th level, you gain the ability to call forth a howling creature of darkness to harass your foes. As a bonus action, you can spend 3 sorcery points to summon a hound of ill omen to target one creature you can see. The hound uses a dire wolf's statistics with the following changes:

• The hound is size Medium.

• It can move through other creatures and objects as if they were difficult terrain. The hound takes 5 force damage if it ends its turn inside an object.

• At the start of its turn, the hound automatically knows its target's location. If the target was hidden, it is no longer hidden from the hound.

The hound appears in an unoccupied space of your choice within 30 feet of the target. Roll initiative for the hound. On its turn, it can move only toward its target by the most direct route, and it can use its action only to attack its target. The hound makes opportunity attacks, but only against its target. Additionally, the target has disadvantage on all saving throws against your spells while the hound is within 5 feet of it. The hound disappears if it is reduced to 0 hit points, if its target is reduced to 0 hit points, or after 5 minutes.",6,Sorcerer,Shadow,False,,"Unearthed Arcana 10 - Light, Dark, Underdark!",sorcerer_features.json
Shadow Walk,"At 14th level, you gain the ability to step from one shadow into another. When you are in dim light or darkness, as a bonus action, you can teleport up to 120 feet to an unoccupied space you can see that is also in dim light or darkness.",14,Sorcerer,Shadow,False,,"Unearthed Arcana 10 - Light, Dark, Underdark!",sorcerer_features.json
Shadow Form,"At 18th level, you can spend 3 sorcery points to transform yourself into a shadow form as a bonus action. In this form, you have resistance to all damage except force damage, and you can move through other creatures and objects as if they were difficult terrain. You take 5 force damage if you end your turn inside an object. You remain in this form for 1 minute.",18,Sorcerer,Shadow,False,,"Unearthed Arcana 10 - Light, Dark, Underdark!",sorcerer_features.json
Bonus Proficiencies,"At 1st level, you gain proficiency with shields, simple weapons, and martial weapons.",1,Sorcerer,Stone Sorcery,False,,Unearthed Arcana 28 - Sorcerer,sorcerer_features.json
Metal Magic,"Your affinity for metal gives you the option to learn some non-sorcerer spells that focus on weapon attacks. When your Spellcasting feature lets you learn a sorcerer spell of 1st level or higher, you can select the spell from the following list of spells, in addition to the sorcerer spell list. You must otherwise obey all the restrictions for selecting the spell, and it becomes a sorcerer spell for you.",1,Sorcerer,Stone Sorcery,False,,Unearthed Arcana 28 - Sorcerer,sorcerer_features.json
Stone's Durability,"At 1st level, your connection to stone gives you extra fortitude. Your hit point maximum increases by 1, and it increases by 1 again whenever you gain a level in this class.

As an action, you can gain a base AC of 13 + your Constitution modifier if you aren’t wearing armor, and your skin assumes a stony appearance. This effect lasts until you end it as a bonus action, you are incapacitated, or you don armor other than a shield.",1,Sorcerer,Stone Sorcery,False,,Unearthed Arcana 28 - Sorcerer,sorcerer_features.json
Stone Aegis,"Starting at 6th level, your command of earth magic grows stronger, allowing you to harness it for your allies’ protection.

As a bonus action, you can grant an aegis to one allied creature you can see within 60 feet of you. The aegis is a dim, gray aura of earth magic that protects the target. Any bludgeoning, piercing, or slashing damage the target takes is reduced by 2 + your sorcerer level divided by 4. This effect lasts for 1 minute, until you use it again, or until you are incapacitated.

In addition, when a creature you can see within 60 feet of you hits the protected target with a melee attack, you can use your reaction to teleport to an unoccupied space you can see within 5 feet of the attacker. You can teleport only if you and the attacker are on the same surface. You can then make one melee weapon attack against the attacker. If that attack hits, it deals an extra 1d10 force damage. This extra damage increases to 2d10 at 11th level and 3d10 at 17th level.",6,Sorcerer,Stone Sorcery,False,,Unearthed Arcana 28 - Sorcerer,sorcerer_features.json
Stone's Edge,"Starting at 14th level, your mastery of earth magic allows you to add the force of elemental earth to your spells. When you cast a spell that deals damage, choose one creature damaged by that spell on the round you cast it. That creature takes extra force damage equal to half your sorcerer level. This feature can be used only once per casting of a spell.",14,Sorcerer,Stone Sorcery,False,,Unearthed Arcana 28 - Sorcerer,sorcerer_features.json
Earth Master's Aegis,"Beginning at 18th level, when you use your Stone’s Aegis to protect an ally, you can choose up to three creatures to gain its benefits.",18,Sorcerer,Stone Sorcery,False,,Unearthed Arcana 28 - Sorcerer,sorcerer_features.json
Base Features,"Hit Points:
Hit Dice: 1d8 per warlock level Hit Points at 1st Level: 8 + your Constitution modifier Hit Points at Higher Levels: 1d8 (or 5) + your Constitution modifier per warlock level after 1st

Proficiencies:
Armor: Light armor Weapons: Simple weapons Tools: None Saving Throws: Wisdom, Charisma Skills: Choose two from Arcana, Deception, History, Intimidation, Investigation, Nature, and Religion

Equipment:
You start with the following equipment, in addition to the equipment granted by your background:

• (a) a light crossbow and 20 bolts or (b) any simple weapon

• (a) a component pouch or (b) an arcane focus

• (a) a scholar's pack or (b) a dungeoneer's pack

• Leather armor, any simple weapon, and two daggers",1,Warlock,,False,,,warlock_features.json
Otherworldly Patron,"At 1st level, you have struck a bargain with an otherworldly being of your choice. Your choice grants you features at 1st level and again at 6th, 10th, and 14th level.",1,Warlock,,False,,,warlock_features.json
Spellcasting,"Pact Magic:
Your arcane research and the magic bestowed on you by your patron have given you facility with spells.

Cantrips

You know two cantrips of your choice from the warlock spell list. You learn additional warlock cantrips of your choice at higher levels, as shown in the Cantrips Known column of the Warlock table.

Spell Slots

The Warlock table shows how many spell slots you have to cast your warlock spells of 1st through 5th level. The table also shows what the level of those slots is; all of your spell slots are the same level. To cast one of your warlock spells of 1st level or higher, you must expend a spell slot. You regain all expended spell slots when you finish a short or long rest.

For example, when you are 5th level, you have two 3rd-level spell slots. To cast the 1st-level spell witch bolt, you must spend one of those slots, and you cast it as a 3rd-level spell.

Spells Known of 1st Level and Higher

At 1st level, you know two 1st-level spells of your choice from the warlock spell list.

The Spells Known column of the Warlock table shows when you learn more warlock spells of your choice of 1st level or higher. A spell you choose must be of a level no higher than what's shown in the table's Slot Level column for your level. When you reach 6th level, for example, you learn a new warlock spell, which can be 1st, 2nd, or 3rd level.

Additionally, when you gain a level in this class, you can choose one of the warlock spells you know and replace it with another spell from the warlock spell list, which also must be of a level for which you have spell slots.

Spellcasting Ability

Charisma is your spellcasting ability for your warlock spells, so you use your Charisma whenever a spell refers to your spellcasting ability. In addition, you use your Charisma modifier when setting the saving throw DC for a warlock spell you cast and when making an attack roll with one.

Spell save DC = 8 + your proficiency bonus + your Charisma modifier

Spell attack modifier = your proficiency bonus + your Charisma modifier

Spellcasting Focus

You can use an arcane focus as a spellcasting focus for your warlock spells.",1,Warlock,Pick your subclass where you set your class (top left),False,,,warlock_features.json
Eldritch Invocations,"In your study of occult lore, you have unearthed Eldritch Invocations, fragments of forbidden knowledge that imbue you with an abiding magical ability.

At 2nd level, you gain two eldritch invocations of your choice. When you gain certain warlock levels, you gain additional invocations of your choice, as shown in the Invocations Known column of the Warlock table. A level prerequisite refers to your level in this class.

Additionally, when you gain a level in this class, you can choose one of the invocations you know and replace it with another invocation that you could learn at that level.",2,Warlock,,False,,,warlock_features.json
Pact Boon,"At 3rd level, your otherworldly patron bestows a gift upon you for your loyal service. You gain one of the following features of your choice.

• Pact of the Blade You can use your action to create a pact weapon in your empty hand. You can choose the form that this melee weapon takes each time you create it. You are proficient with it while you wield it. This weapon counts as magical for the purpose of overcoming resistance and immunity to nonmagical attacks and damage. Your pact weapon disappears if it is more than 5 feet away from you for 1 minute or more. It also disappears if you use this feature again, if you dismiss the weapon (no action required), or if you die. You can transform one magic weapon into your pact weapon by performing a special ritual while you hold the weapon. You perform the ritual over the course of 1 hour, which can be done during a short rest. You can then dismiss the weapon, shunting it into an extradimensional space, and it appears whenever you create your pact weapon thereafter. You can't affect an artifact or a sentient weapon in this way. The weapon ceases being your pact weapon if you die, if you perform the 1-hour ritual on a different weapon, or if you use a 1-hour ritual to break your bond to it. The weapon appears at your feet if it is in the extradimensional space when the bond breaks.

• You can use your action to create a pact weapon in your empty hand. You can choose the form that this melee weapon takes each time you create it. You are proficient with it while you wield it. This weapon counts as magical for the purpose of overcoming resistance and immunity to nonmagical attacks and damage.

• Your pact weapon disappears if it is more than 5 feet away from you for 1 minute or more. It also disappears if you use this feature again, if you dismiss the weapon (no action required), or if you die.

• You can transform one magic weapon into your pact weapon by performing a special ritual while you hold the weapon. You perform the ritual over the course of 1 hour, which can be done during a short rest.

• You can then dismiss the weapon, shunting it into an extradimensional space, and it appears whenever you create your pact weapon thereafter. You can't affect an artifact or a sentient weapon in this way. The weapon ceases being your pact weapon if you die, if you perform the 1-hour ritual on a different weapon, or if you use a 1-hour ritual to break your bond to it. The weapon appears at your feet if it is in the extradimensional space when the bond breaks.

• You can use your action to create a pact weapon in your empty hand. You can choose the form that this melee weapon takes each time you create it. You are proficient with it while you wield it. This weapon counts as magical for the purpose of overcoming resistance and immunity to nonmagical attacks and damage.

• Your pact weapon disappears if it is more than 5 feet away from you for 1 minute or more. It also disappears if you use this feature again, if you dismiss the weapon (no action required), or if you die.

• You can transform one magic weapon into your pact weapon by performing a special ritual while you hold the weapon. You perform the ritual over the course of 1 hour, which can be done during a short rest.

• You can then dismiss the weapon, shunting it into an extradimensional space, and it appears whenever you create your pact weapon thereafter. You can't affect an artifact or a sentient weapon in this way. The weapon ceases being your pact weapon if you die, if you perform the 1-hour ritual on a different weapon, or if you use a 1-hour ritual to break your bond to it. The weapon appears at your feet if it is in the extradimensional space when the bond breaks.

• Pact of the Chain You learn the find familiar spell and can cast it as a ritual. The spell doesn't count against your number of spells known. When you cast the spell, you can choose one of the normal forms for your familiar or one of the following special forms: imp, pseudodragon, quasit, or sprite. Additionally, when you take the Attack action, you can forgo one of your own attacks to allow your familiar to make one attack with its reaction.

• You learn the find familiar spell and can cast it as a ritual. The spell doesn't count against your number of spells known.

• When you cast the spell, you can choose one of the normal forms for your familiar or one of the following special forms: imp, pseudodragon, quasit, or sprite.

• Additionally, when you take the Attack action, you can forgo one of your own attacks to allow your familiar to make one attack with its reaction.

• You learn the find familiar spell and can cast it as a ritual. The spell doesn't count against your number of spells known.

• When you cast the spell, you can choose one of the normal forms for your familiar or one of the following special forms: imp, pseudodragon, quasit, or sprite.

• Additionally, when you take the Attack action, you can forgo one of your own attacks to allow your familiar to make one attack with its reaction.

• Pact of the Tome Your patron gives you a grimoire called a Book of Shadows. When you gain this feature, choose three cantrips from any class's spell list (the three needn't be from the same list). While the book is on your person, you can cast those cantrips at will. They don't count against your number of cantrips known. If they don't appear on the warlock spell list, they are nonetheless warlock spells for you. If you lose your Book of Shadows, you can perform a 1-hour ceremony to receive a replacement from your patron. This ceremony can be performed during a short or long rest, and it destroys the previous book. The book turns to ash when you die.

• Your patron gives you a grimoire called a Book of Shadows. When you gain this feature, choose three cantrips from any class's spell list (the three needn't be from the same list). While the book is on your person, you can cast those cantrips at will. They don't count against your number of cantrips known. If they don't appear on the warlock spell list, they are nonetheless warlock spells for you.

• If you lose your Book of Shadows, you can perform a 1-hour ceremony to receive a replacement from your patron. This ceremony can be performed during a short or long rest, and it destroys the previous book. The book turns to ash when you die.

• Your patron gives you a grimoire called a Book of Shadows. When you gain this feature, choose three cantrips from any class's spell list (the three needn't be from the same list). While the book is on your person, you can cast those cantrips at will. They don't count against your number of cantrips known. If they don't appear on the warlock spell list, they are nonetheless warlock spells for you.

• If you lose your Book of Shadows, you can perform a 1-hour ceremony to receive a replacement from your patron. This ceremony can be performed during a short or long rest, and it destroys the previous book. The book turns to ash when you die.

• Pact of the Talisman Your patron gives you an amulet, a talisman that can aid the wearer when the need is great. When the wearer fails an ability check, they can add a d4 to the roll, potentially turning the roll into a success. This benefit can be used a number of times equal to your proficiency bonus, and all expended uses are restored when you finish a long rest. If you lose the talisman, you can perform a 1-hour ceremony to receive a replacement from your patron. This ceremony can be performed during a short or long rest, and it destroys the previous amulet. The talisman turns to ash when you die.

• Your patron gives you an amulet, a talisman that can aid the wearer when the need is great. When the wearer fails an ability check, they can add a d4 to the roll, potentially turning the roll into a success. This benefit can be used a number of times equal to your proficiency bonus, and all expended uses are restored when you finish a long rest.

• If you lose the talisman, you can perform a 1-hour ceremony to receive a replacement from your patron. This ceremony can be performed during a short or long rest, and it destroys the previous amulet. The talisman turns to ash when you die.

• Your patron gives you an amulet, a talisman that can aid the wearer when the need is great. When the wearer fails an ability check, they can add a d4 to the roll, potentially turning the roll into a success. This benefit can be used a number of times equal to your proficiency bonus, and all expended uses are restored when you finish a long rest.

• If you lose the talisman, you can perform a 1-hour ceremony to receive a replacement from your patron. This ceremony can be performed during a short or long rest, and it destroys the previous amulet. The talisman turns to ash when you die.

• Pact of the Star Chain (UA) Prerequisite: Seeker Patron The Seeker grants you a chain forged from starlight, decorated with seven gleaming motes of brightness. While the chain is on your person, you know the augury spell and can cast it as a ritual. The spell doesn't count against your number of spells known. Additionally, you can invoke the Seeker's power to gain advantage on an Intelligence check while you carry this item. Once you use this ability, you cannot use it again until you complete a short or long rest. If you lose your Star Chain, you can perform a 1-hour ceremony to receive a replacement from the Seeker. The ceremony can be performed during a short or long rest, and it destroys the previous chain. The chain disappears in a flash of light when you die. The exact form of this item might be different depending on your patron. The Star Chain is inspired by the Greyhawk deity Celestian.

• Prerequisite: Seeker Patron

• The Seeker grants you a chain forged from starlight, decorated with seven gleaming motes of brightness. While the chain is on your person, you know the augury spell and can cast it as a ritual. The spell doesn't count against your number of spells known.

• Additionally, you can invoke the Seeker's power to gain advantage on an Intelligence check while you carry this item. Once you use this ability, you cannot use it again until you complete a short or long rest.

• If you lose your Star Chain, you can perform a 1-hour ceremony to receive a replacement from the Seeker. The ceremony can be performed during a short or long rest, and it destroys the previous chain. The chain disappears in a flash of light when you die.

• The exact form of this item might be different depending on your patron. The Star Chain is inspired by the Greyhawk deity Celestian.

• Prerequisite: Seeker Patron

• The Seeker grants you a chain forged from starlight, decorated with seven gleaming motes of brightness. While the chain is on your person, you know the augury spell and can cast it as a ritual. The spell doesn't count against your number of spells known.

• Additionally, you can invoke the Seeker's power to gain advantage on an Intelligence check while you carry this item. Once you use this ability, you cannot use it again until you complete a short or long rest.

• If you lose your Star Chain, you can perform a 1-hour ceremony to receive a replacement from the Seeker. The ceremony can be performed during a short or long rest, and it destroys the previous chain. The chain disappears in a flash of light when you die.

• The exact form of this item might be different depending on your patron. The Star Chain is inspired by the Greyhawk deity Celestian.",3,Warlock,Pick your subclass where you set your class (top left),True,,,warlock_features.json
Eldritch Versatility,"Whenever you reach a level in this class that grants the Ability Score Improvement feature, you can do one of the following, representing a change of focus in your occult studies:

• Replace one cantrip you learned from this class's Pact Magic feature with another cantrip from the warlock spell list.

• Replace the option you chose for the Pact Boon feature with one of that feature's other options.

• If you're 12th level or higher, replace one spell from your Mystic Arcanum feature with another warlock spell of the same level.

If this change makes you ineligible for any of your Eldritch Invocations, you must also replace them now, choosing invocations for which you qualify.",4,Warlock,,False,,,warlock_features.json
Mystic Arcanum,"At 11th level, your patron bestows upon you a magical secret called an arcanum. Choose one 6th-level spell from the warlock spell list as this arcanum.

You can cast your arcanum spell once without expending a spell slot. You must finish a long rest before you can do so again.

At higher levels, you gain more warlock spells of your choice that can be cast in this way: one 7th-level spell at 13th level, one 8th-level spell at 15th level, and one 9th-level spell at 17th level. You regain all uses of your Mystic Arcanum when you finish a long rest.",11,Warlock,Pick your subclass where you set your class (top left),True,1,,warlock_features.json
Eldritch Master,"At 20th level, you can draw on your inner reserve of mystical power while entreating your patron to regain expended spell slots. You can spend 1 minute entreating your patron for aid to regain all your expended spell slots from your Pact Magic feature. Once you regain spell slots with this feature, you must finish a long rest before you can do so again.",20,Warlock,,False,1,,warlock_features.json
Expanded Spell List,The Archfey lets you choose from an expanded list of spells when you learn a warlock spell. The following spells are added to the warlock spell list for you.,3,Warlock,The Archfey,False,,Player's Handbook,warlock_features.json
Fey Presence,"Starting at 1st level, your patron bestows upon you the ability to project the beguiling and fearsome presence of the fey. As an action, you can cause each creature in a 10-foot cube originating from you to make a Wisdom saving throw against your warlock spell save DC. The creatures that fail their saving throws are all charmed or frightened by you (your choice) until the end of your next turn.

Once you use this feature, you can't use it again until you finish a short or long rest.",1,Warlock,The Archfey,False,1,Player's Handbook,warlock_features.json
Misty Escape,"Starting at 6th level, you can vanish in a puff of mist in response to harm. When you take damage, you can use your reaction to turn invisible and teleport up to 60 feet to an unoccupied space you can see. You remain invisible until the start of your next turn or until you attack or cast a spell.

Once you use this feature, you can't use it again until you finish a short or long rest.",6,Warlock,The Archfey,False,1,Player's Handbook,warlock_features.json
Beguiling Defenses,"Beginning at 10th level, your patron teaches you how to turn the mind-affecting magic of your enemies against them. You are immune to being charmed, and when another creature attempts to charm you, you can use your reaction to attempt to turn the charm back on that creature. The creature must succeed on a Wisdom saving throw against your warlock spell save DC or be charmed by you for 1 minute or until the creature takes any damage.",10,Warlock,The Archfey,False,,Player's Handbook,warlock_features.json
Dark Delirium,"Starting at 14th level, you can plunge a creature into an illusory realm. As an action, choose a creature that you can see within 60 feet of you. It must make a Wisdom saving throw against your warlock spell save DC. On a failed save, it is charmed or frightened by you (your choice) for 1 minute or until your concentration is broken (as if you are concentrating on a spell). This effect ends early if the creature takes any damage.

Until this illusion ends, the creature thinks it is lost in a misty realm, the appearance of which you choose. The creature can see and hear only itself, you, and the illusion.

You must finish a short or long rest before you can use this feature again.",14,Warlock,The Archfey,False,1,Player's Handbook,warlock_features.json
Expanded Spell List,The Celestial lets you choose from an expanded list of spells when you learn a warlock spell. The following spells are added to the warlock spell list for you.,3,Warlock,The Celestial,False,,Xanathar's Guide to Everything,warlock_features.json
Bonus Cantrips,"At 1st level, you learn the Light and Sacred Flame cantrips. They count as warlock cantrips for you, but they don’t count against your number of cantrips known.",1,Warlock,The Celestial,False,,Xanathar's Guide to Everything,warlock_features.json
Healing Light,"At 1st level, you gain the ability to channel celestial energy to heal wounds. You have a pool of d6s that you spend to fuel this healing. The number of dice in the pool equals 1 + your warlock level.

As a bonus action, you can heal one creature you can see within 60 feet of you, spending dice from the pool. The maximum number of dice you can spend at once equals your Charisma modifier (minimum of one die). Roll the dice you spend, add them together, and restore a number of hit points equal to the total.

Your pool regains all expended dice when you finish a long rest.",1,Warlock,The Celestial,False,,Xanathar's Guide to Everything,warlock_features.json
Radiant Soul,"Starting at 6th level, your link to the Celestial allows you to serve as a conduit for radiant energy. You have resistance to radiant damage, and when you cast a spell that deals radiant or fire damage, you add your Charisma modifier to one radiant or fire damage roll of that spell against one of its targets.",6,Warlock,The Celestial,False,,Xanathar's Guide to Everything,warlock_features.json
Celestial Resistance,"Starting at 10th level, you gain temporary hit points whenever you finish a short or long rest. These temporary hit points equal your warlock level + your Charisma modifier. Additionally, choose up to five creatures you can see at the end of the rest. Those creatures each gain temporary hit points equal to half your warlock level + your Charisma modifier.",10,Warlock,The Celestial,False,,Xanathar's Guide to Everything,warlock_features.json
Searing Vengeance,"Starting at 14th level, the radiant energy you channel allows you to resist death. When you have to make a death saving throw at the start of your turn, you can instead spring back to your feet with a burst of radiant energy. You regain hit points equal to half your hit point maximum, and then you stand up if you so choose. Each creature of your choice that is within 30 feet of you takes radiant damage equal to 2d8 + your Charisma modifier, and is blinded until the end of the current turn.

Once you use this feature, you can’t use it again until you finish a long rest.",14,Warlock,The Celestial,False,1,Xanathar's Guide to Everything,warlock_features.json
Expanded Spell List,The Fathomless lets you choose from an expanded list of spells when you learn a warlock spell. The following spells are added to the warlock spell list for you.,3,Warlock,The Fathomless,False,,Tasha's Cauldron of Everything,warlock_features.json
Tentacle of the Deep,"At 1st level, you can magically summon a spectral tentacle that strikes at your foes. As a bonus action, you create a 10-foot-long tentacle at a point you can see within 60 feet of you. The tentacle lasts for 1 minute or until you use this feature to create another tentacle.

When you create the tentacle, you can make a melee spell attack against one creature within 10 feet of it. On a hit, the target takes 1d8 cold damage, and its speed is reduced by 10 feet until the start of your next turn. When you reach 10th level in this class, the damage increases to 2d8.

As a bonus action on your turn, you can move the tentacle up to 30 feet and repeat the attack.

You can summon the tentacle a number of times equal to your proficiency bonus, and you regain all expended uses when you finish a long rest.",1,Warlock,The Fathomless,False,,Tasha's Cauldron of Everything,warlock_features.json
Gift of the Sea,"Also at 1st level, you gain a swimming speed of 40 feet, and you can breathe underwater.",1,Warlock,The Fathomless,False,,Tasha's Cauldron of Everything,warlock_features.json
Oceanic Soul,"At 6th level, you are now even more at home in the depths. You gain resistance to cold damage. In addition, when you are fully submerged, any creature that is also fully submerged can understand your speech, and you can understand theirs.",6,Warlock,The Fathomless,False,,Tasha's Cauldron of Everything,warlock_features.json
Guardian Coil,"At 6th level, your Tentacle of the Deeps can defend you and others, interposing itself between them and harm. When you or a creature you can see takes damage while within 10 feet of the tentacle, you can use your reaction to choose one of those creatures and reduce the damage to that creature by 1d8. When you reach 10th level in this class, the damage reduced by the tentacle increases to 2d8.",6,Warlock,The Fathomless,False,,Tasha's Cauldron of Everything,warlock_features.json
Grasping Tentacles,"Starting at 10th level, you learn the spell Evard's Black Tentacles. It counts as a warlock spell for you, but it doesn't count against the number of spells you know. You can also cast it once without using a spell slot, and you regain the ability to do so when you finish a long rest.

Whenever you cast this spell, your patron's magic bolsters you, granting you a number of temporary hit points equal to your warlock level. Moreover, damage can't break your concentration on this spell.",10,Warlock,The Fathomless,False,,Tasha's Cauldron of Everything,warlock_features.json
Fathomless Plunge,"When you reach 14th level, you can magically open temporary conduits to watery destinations. As an action, you can teleport yourself and up to five other willing creatures that you can see within 30 feet of you. Amid a whirl of tentacles, you all vanish and then reappear up to 1 mile away in a body of water you've seen (pond size or larger) or within 30 feet of it, each of you appearing in an unoccupied space within 30 feet of the others.

Once you use this feature, you can't use it again until you finish a short or long rest.",14,Warlock,The Fathomless,False,1,Tasha's Cauldron of Everything,warlock_features.json
Expanded Spell List,The Fiend lets you choose from an expanded list of spells when you learn a warlock spell. The following spells are added to the warlock spell list for you.,3,Warlock,The Fiend,False,,Player's Handbook,warlock_features.json
Dark One's Blessing,"Starting at 1st level, when you reduce a hostile creature to 0 hit points, you gain temporary hit points equal to your Charisma modifier + your warlock level (minimum of 1).",1,Warlock,The Fiend,False,,Player's Handbook,warlock_features.json
Dark One's Own Luck,"Starting at 6th level, you can call on your patron to alter fate in your favor. When you make an ability check or a saving throw, you can use this feature to add a d10 to your roll. You can do so after seeing the initial roll but before any of the roll's effects occur.

Once you use this feature, you can't use it again until you finish a short or long rest.",6,Warlock,The Fiend,False,1,Player's Handbook,warlock_features.json
Fiendish Resilience,"Starting at 10th level, you can choose one damage type when you finish a short or long rest. You gain resistance to that damage type until you choose a different one with this feature. Damage from magical weapons or silver weapons ignores this resistance.",10,Warlock,The Fiend,False,,Player's Handbook,warlock_features.json
Hurl Through Hell,"Starting at 14th level, when you hit a creature with an attack, you can use this feature to instantly transport the target through the lower planes. The creature disappears and hurtles through a nightmare landscape.

At the end of your next turn, the target returns to the space it previously occupied, or the nearest unoccupied space. If the target is not a fiend, it takes 10d10 psychic damage as it reels from its horrific experience.

Once you use this feature, you can't use it again until you finish a long rest.",14,Warlock,The Fiend,False,1,Player's Handbook,warlock_features.json
Expanded Spell List,"At 1st level, the Genie lets you choose from an expanded list of spells when you learn a warlock spell. The Genie Expanded Spells table shows the genie spells that are added to the warlock spell list for you, along with the spells associated in the table with your patron's kind: dao, djinni, efreeti, or marid.",1,Warlock,The Genie,False,,Tasha's Cauldron of Everything,warlock_features.json
Genie's Vessel,"Also at 1st level, your patron gifts you a magical vessel that grants you a measure of the genie's power. The vessel is a Tiny object, and you can use it as a spellcasting focus for your warlock spells. You decide what the object is, or you can determine what it is randomly by rolling on the Genie's Vessel table.

While you are touching the vessel, you can use it in the following ways:

• Bottled Respite: As an action, you can magically vanish and enter your vessel, which remains in the space you left. The interior of the vessel is an extradimensional space in the shape of a 20-foot-radius cylinder, 20 feet high, and resembles your vessel. The interior is appointed with cushions and low tables and is a comfortable temperature. While inside, you can hear the area around your vessel as if you were in its space. You can remain inside the vessel up to a number of hours equal to twice your proficiency bonus. You exit the vessel early if you use a bonus action to leave, if you die, or if the vessel is destroyed. When you exit the vessel, you appear in the unoccupied space closest to it. Any objects left in the vessel remain there until carried out, and if the vessel is destroyed, every object stored there harmlessly appears in the unoccupied spaces closest to the vessel's former space. Once you enter the vessel, you can't enter again until you finish a long rest.

• Genie's Wrath: Once during each of your turns when you hit with an attack roll, you can deal extra damage to the target equal to your proficiency bonus. The type of this damage is determined by your patron: bludgeoning (dao), thunder (djinni), fire (efreeti), or cold (marid).

The vessel's AC equals your spell save DC. Its hit points equal your warlock level plus your proficiency bonus, and it is immune to poison and psychic damage.

If the vessel is destroyed or you lose it, you can perform a 1-hour ceremony to receive a replacement from your patron. This ceremony can be performed during a short or long rest, and the previous vessel is destroyed if it still exists. The vessel vanishes in a flare of elemental power when you die.",1,Warlock,The Genie,False,,Tasha's Cauldron of Everything,warlock_features.json
Elemental Gift,"At 6th level, you begin to take on characteristics of your patron's kind. You now have resistance to a damage type determined by your patron's kind: bludgeoning (dao), thunder (djinni), fire (efreeti), or cold (marid).

In addition, as a bonus action, you can give yourself a flying speed of 30 feet that lasts for 10 minutes, during which you can hover. You can use this bonus action a number of times equal to your proficiency bonus, and you regain all expended uses when you finish a long rest.",6,Warlock,The Genie,False,,Tasha's Cauldron of Everything,warlock_features.json
Sanctuary Vessel,"At 10th level, when you enter your Genie's Vessel via the Bottled Respite feature, you can now choose up to five willing creatures that you can see within 30 feet of you, and the chosen creatures are drawn into the vessel with you.

As a bonus action, you can eject any number of creatures from the vessel, and everyone is ejected if you leave or die or if the vessel is destroyed.

In addition, anyone (including you) who remains within the vessel for at least 10 minutes gains the benefit of finishing a short rest, and anyone can add your proficiency bonus to the number of hit points they regain if they spend any Hit Dice as part of a short rest there.",10,Warlock,The Genie,False,,Tasha's Cauldron of Everything,warlock_features.json
Limited Wish,"At 14th level, you entreat your patron to grant you a small wish. As an action, you can speak your desire to your Genie's Vessel, requesting the effect of one spell that is 6th level or lower and has a casting time of 1 action. The spell can be from any class's spell list, and you don't need to meet the requirements in that spell, including costly components: the spell simply takes effect as part of this action.

Once you use this feature, you can't use it again until you finish 1d4 long rests.",14,Warlock,The Genie,False,1,Tasha's Cauldron of Everything,warlock_features.json
Expanded Spell List,The Great Old One lets you choose from an expanded list of spells when you learn a warlock spell. The following spells are added to the warlock spell list for you.,3,Warlock,The Great Old One,False,,Player's Handbook,warlock_features.json
Awakened Mind,"Starting at 1st level, your alien knowledge gives you the ability to touch the minds of other creatures. You can telepathically speak to any creature you can see within 30 feet of you. You don't need to share a language with the creature for it to understand your telepathic utterances, but the creature must be able to understand at least one language.",1,Warlock,The Great Old One,False,,Player's Handbook,warlock_features.json
Entropic Ward,"At 6th level, you learn to magically ward yourself against attack and to turn an enemy's failed strike into good luck for yourself. When a creature makes an attack roll against you, you can use your reaction to impose disadvantage on that roll. If the attack misses you, your next attack roll against the creature has advantage if you make it before the end of your next turn.

Once you use this feature, you can't use it again until you finish a short or long rest.",6,Warlock,The Great Old One,False,1,Player's Handbook,warlock_features.json
Thought Shield,"Starting at 10th level, your thoughts can't be read by telepathy or other means unless you allow it. You also have resistance to psychic damage, and whenever a creature deals psychic damage to you, that creature takes the same amount of damage that you do.",10,Warlock,The Great Old One,False,,Player's Handbook,warlock_features.json
Create Thrall,"At 14th level, you gain the ability to infect a humanoid's mind with the alien magic of your patron. You can use your action to touch an incapacitated humanoid. That creature is then charmed by you until a Remove Curse spell is cast on it, the charmed condition is removed from it, or you use this feature again.

You can communicate telepathically with the charmed creature as long as the two of you are on the same plane of existence.",14,Warlock,The Great Old One,False,,Player's Handbook,warlock_features.json
Expanded Spell List,The Hexblade lets you choose from an expanded list of spells when you learn a warlock spell. The following spells are added to the warlock spell list for you.,3,Warlock,The Hexblade,False,,Xanathar's Guide to Everything,warlock_features.json
Hexblade's Curse,"Starting at 1st level, you gain the ability to place a baleful curse on someone. As a bonus action, choose one creature you can see within 30 feet of you. The target is cursed for 1 minute. The curse ends early if the target dies, you die, or you are incapacitated. Until the curse ends, you gain the following benefits:

• You gain a bonus to damage rolls against the cursed target. The bonus equals your proficiency bonus.

• Any attack roll you make against the cursed target is a critical hit on a roll of 19 or 20 on the d20.

• If the cursed target dies, you regain hit points equal to your warlock level + your Charisma modifier (minimum of 1 hit point).

You can't use this feature again until you finish a short or long rest.",1,Warlock,The Hexblade,False,1,Xanathar's Guide to Everything,warlock_features.json
Hex Warrior,"At 1st level, you acquire the training necessary to effectively arm yourself for battle. You gain proficiency with medium armor, shields, and martial weapons.

The influence of your patron also allows you to mystically channel your will through a particular weapon. Whenever you finish a long rest, you can touch one weapon that you are proficient with and that lacks the two-handed property. When you attack with that weapon, you can use your Charisma modifier, instead of Strength or Dexterity, for the attack and damage rolls. This benefit lasts until you finish a long rest. If you later gain the Pact of the Blade feature, this benefit extends to every pact weapon you conjure with that feature, no matter the weapon's type.",1,Warlock,The Hexblade,False,,Xanathar's Guide to Everything,warlock_features.json
Accursed Specter,"Starting at 6th level, you can curse the soul of a person you slay, temporarily binding it in your service. When you slay a humanoid, you can cause its spirit to rise from its corpse as a specter, the statistics of which are in the Monster Manual. When the specter appears, it gains temporary hit points equal to half your warlock level. Roll initiative for the specter, which has its own turns. It obeys your verbal commands, and it gains a special bonus to its attack rolls equal to your Charisma modifier (minimum of +0).

The specter remains in your service until the end of your next long rest, at which point it vanishes to the afterlife.

Once you bind a specter with this feature, you can't use the feature again until you finish a long rest.",6,Warlock,The Hexblade,False,,Xanathar's Guide to Everything,warlock_features.json
Armor of Hexes,"At 10th level, your hex grows more powerful. If the target cursed by your Hexblade’s Curse hits you with an attack roll, you can use your reaction to roll a d6. On a 4 or higher, the attack instead misses you, regardless of its roll.",10,Warlock,The Hexblade,False,,Xanathar's Guide to Everything,warlock_features.json
Master of Hexes,"Starting at 14th level, you can spread your Hexblade's Curse from a slain creature to another creature. When the creature cursed by your Hexblade's Curse dies, you can apply the curse to a different creature you can see within 30 feet of you, provided you aren't incapacitated. When you apply the curse in this way, you don't regain hit points from the death of the previously cursed creature.",14,Warlock,The Hexblade,False,,Xanathar's Guide to Everything,warlock_features.json
Expanded Spell List,"At 1st level, the Undead lets you choose from an expanded list of spells when you learn a warlock spell. The following spells are added to the warlock spell list for you.",1,Warlock,The Undead,False,,Van Richten's Guide to Ravenloft,warlock_features.json
Form of Dread,"At 1st level, you manifest an aspect of your patron’s dreadful power. As a bonus action, you transform for 1 minute. You gain the following benefits while transformed:

• You gain temporary hit points equal to 1d10 + your warlock level.

• Once during each of your turns, when you hit a creature with an attack, you can force it to make a Wisdom saving throw, and if the saving throw fails, the target is frightened of you until the end of your next turn.

• You are immune to the frightened condition.

You can transform a number of times equal to your proficiency bonus, and you regain all expended uses when you finish a long rest.

The appearance of your Form of Dread reflects some aspect of your patron. For example, your form could be a shroud of shadows forming the crown and robes of your lich patron, or your body might glow with glyphs from ancient funerary rites and be surrounded by desert winds, suggesting your mummy patron.",1,Warlock,The Undead,False,,Van Richten's Guide to Ravenloft,warlock_features.json
Grave Touched,"At 6th level, your patron’s powers have a profound effect on your body and magic. You don’t need to eat, drink, or breathe.

In addition, once during each of your turns, when you hit a creature with an attack and roll damage against the creature, you can replace the damage type with necrotic damage. While you are using your Form of Dread, you can roll one additional damage die when determining the necrotic damage the target takes.",6,Warlock,The Undead,False,,Van Richten's Guide to Ravenloft,warlock_features.json
Necrotic Husk,"At 10th level, Your connection to undeath and necrotic energy now saturates your body. You have resistance to necrotic damage. If you are transformed using your Form of Dread, you instead become immune to necrotic damage.

In addition, when you are reduced to 0 hit points, you can use your reaction to drop to 1 hit point instead and cause your body to erupt with deathly energy. Each creature of your choice that is within 30 feet of you takes necrotic damage equal to 2d10 + your warlock level. You then gain 1 level of exhaustion. Once you use this reaction, you can’t do so again until you finish 1d4 long rests.",10,Warlock,The Undead,False,,Van Richten's Guide to Ravenloft,warlock_features.json
Spirit Projection,"At 14th level, your spirit can become untethered from your physical form. As an action, you can project your spirit from your body. The body you leave behind is unconscious and in a state of suspended animation.

Your spirit resembles your mortal form in almost every way, replicating game statistics but not your possessions. Any damage or other effects that apply to your spirit or physical body affects the other. Your spirit can remain outside your body for up to 1 hour or until your concentration is broken (as if concentrating on a spell). When your projection ends, your spirit returns to your body or your body magically teleports to your spirit’s space (your choice).

While projecting your spirit, you gain the following benefits:

• Your spirit and body gain resistance to bludgeoning, piercing, and slashing damage.

• When you cast a spell of the conjuration or necromancy school, the spell doesn’t require verbal or somatic components or material components that lack a gold cost.

• You have a flying speed equal to your walking speed and can hover. You can move through creatures and objects as if they were difficult terrain, but you take 1d10 force damage if you end your turn inside a creature or an object.

• While you are using your Form of Dread, once during each of your turns when you deal necrotic damage to a creature, you regain hit points equal to half the amount of necrotic damage dealt.

Once you use this feature, you can’t do so again until you finish a long rest.",14,Warlock,The Undead,False,,Van Richten's Guide to Ravenloft,warlock_features.json
Expanded Spell List,The Undying lets you choose from an expanded list of spells when you learn a warlock spell. The following spells are added to the warlock spell list for you.,3,Warlock,The Undying,False,,Sword Coast Adventurer's Guide,warlock_features.json
Among the Dead,"Starting at 1st level, you learn the Spare the Dying cantrip, which counts as a warlock cantrip for you. You also have advantage on saving throws against any disease.

Additionally, undead have difficulty harming you. If an undead targets you directly with an attack or a harmful spell, that creature must make a Wisdom saving throw against your spell save DC (an undead needn't make the save when it includes you in an area effect, such as the explosion of Fireball). On a failed save, the creature must choose a new target or forfeit targeting someone instead of you, potentially wasting the attack or spell. On a successful save, the creature is immune to this effect for 24 hours. An undead is also immune to this effect for 24 hours if you target it with an attack or a harmful spell.",1,Warlock,The Undying,False,,Sword Coast Adventurer's Guide,warlock_features.json
Defy Death,"Starting at 6th level, you can give yourself vitality when you cheat death or when you help someone else cheat it. You can regain hit points equal to 1d8 + your Constitution modifier (minimum of 1 hit point) when you succeed on a death saving throw or when you stabilize a creature with Spare the Dying.

Once you use this feature, you can't use it again until you finish a long rest.",6,Warlock,The Undying,False,1,Sword Coast Adventurer's Guide,warlock_features.json
Undying Nature,"Beginning at 10th level, you can hold your breath indefinitely, and you don't require food, water, or sleep, although you still require rest to reduce exhaustion and still benefit from finishing short and long rests.

In addition, you age at a slower rate. For every 10 years that pass, your body ages only 1 year, and you are immune to being magically aged.",10,Warlock,The Undying,False,,Sword Coast Adventurer's Guide,warlock_features.json
Indestructible Life,"When you reach 14th level, you partake of some of the true secrets of the Undying. On your turn, you can use a bonus action to regain hit points equal to 1d8 + your warlock level. Additionally, if you put a severed body part of yours back in place when you use this feature, the part reattaches.

Once you use this feature, you can't use it again until you finish a short or long rest.",14,Warlock,The Undying,False,1,Sword Coast Adventurer's Guide,warlock_features.json
Expanded Spell List,The Celestial lets you choose from an expanded list of spells when you learn a warlock spell. The following spells are added to the warlock spell list for you.,3,Warlock,The Celestial (UA),False,,Unearthed Arcana 40 - Revised Class Options,warlock_features.json
Bonus Cantrips,"At 1st level, you learn the Light and Sacred Flame cantrips. They count as warlock cantrips for you, but they don’t count against your number of cantrips known.",1,Warlock,The Celestial (UA),False,,Unearthed Arcana 40 - Revised Class Options,warlock_features.json
Healing Light,"At 1st level, you gain the ability to channel celestial energy to heal wounds. You have a pool of d6s that you spend to fuel this healing. The number of dice in the pool equals 1 + your warlock level.

As a bonus action, you can touch a creature and heal it, spending dice from the pool. The maximum number of dice you can spend at once equals your Charisma modifier (minimum of one die). Roll the dice you spend, add them together, and restore a number of hit points equal to the total.

Your pool regains all expended dice when you finish a long rest.",1,Warlock,The Celestial (UA),False,,Unearthed Arcana 40 - Revised Class Options,warlock_features.json
Radiant Soul,"Starting at 6th level, your link to the Celestial allows you to serve as a conduit for radiant energy. You have resistance to radiant damage, and when you cast a spell that deals radiant or fire damage, you add your Charisma modifier to that damage against one target of your choice.",6,Warlock,The Celestial (UA),False,,Unearthed Arcana 40 - Revised Class Options,warlock_features.json
Celestial Resistance,"Starting at 10th level, you gain temporary hit points whenever you finish a short or long rest. These temporary hit points equal your warlock level + your Charisma modifier. Additionally, choose up to five creatures you can see at the end of the rest. Those creatures each gain temporary hit points equal to half your warlock level + your Charisma modifier.",10,Warlock,The Celestial (UA),False,,Unearthed Arcana 40 - Revised Class Options,warlock_features.json
Searing Vengeance,"Starting at 14th level, the radiant energy you channel allows you to overcome grievous injuries. When you have to make a death saving throw at the start of your turn, you can instead spring back to your feet with a burst of radiant energy. You regain hit points equal to half your hit point maximum, and then you stand up, if you so choose. Each creature of your choice that is within 30 feet of you takes radiant damage equal to 2d8 + your Charisma modifier, and it is blinded until the end of the current turn.

Once you use this feature, you can’t use it again until you finish a long rest.",14,Warlock,The Celestial (UA),False,1,Unearthed Arcana 40 - Revised Class Options,warlock_features.json
Expanded Spell List,"The Genie lets you choose from an expanded list of spells when you learn a warlock spell. The Genie Expanded Spells table shows the genie spells that are added to the warlock spell list for you, along with the spells associated in the table with your patron’s kind: dao, djinni, efreeti, or marid.",3,Warlock,The Genie,False,,Unearthed Arcana 72 - Subclasses Revisited,warlock_features.json
Genie’s Vessel,"At 1st level, your patron gifts you a magical vessel that grants you a measure of the genie’s power. The vessel is a Tiny object, and you can use it as a spellcasting focus for your warlock spells. You decide what the object is, or you can determine what it is randomly by rolling on the Genie’s Vessel table.

While you are touching the vessel, you can use it in the following ways:

• Bottled Respite: As an action, you can magically vanish and enter your vessel, which remains in the space you left. The interior of the vessel is an extradimensional space in the shape of a 20-foot-radius cylinder, 20 feet high, and resembles your vessel. The interior is comfortably appointed with cushions and low tables and is a comfortable temperature. While inside, you can hear the area around your vessel as if you were in its space. You can remain inside the vessel up to a number of hours equal to twice your proficiency bonus. You exit the vessel early if you use a bonus action to leave, if you die, or if the vessel is destroyed. When you exit the vessel, you appear in the unoccupied space closest to it. Any objects left in the vessel remain there until carried out, and if the vessel is destroyed, every object stored there harmlessly appears in the unoccupied spaces closest to the vessel’s former space. Once you enter the vessel, you can’t enter again until you finish a long rest.

• Genie’s Wrath: Once during each of your turns when you hit with an attack roll, you can deal extra damage to the target equal to your proficiency bonus. The type of this damage is determined by your patron: bludgeoning (dao), thunder (djinni), fire (efreeti), or cold (marid).

The vessel’s AC equals your spell save DC. Its hit points equal your warlock level plus your proficiency bonus, and it is immune to poison and psychic damage.

If the vessel is destroyed or you lose it, you can perform a 1-hour ceremony to receive a replacement from your patron. This ceremony can be performed during a short or long rest, and the previous vessel is destroyed if it still exists. The vessel vanishes in a flare of elemental power when you die.",1,Warlock,The Genie,False,,Unearthed Arcana 72 - Subclasses Revisited,warlock_features.json
Elemental Gift,"At 6th level, You begin to take on characteristics of your patron’s kind. You now have resistance to a damage type determined by your patron’s kind: bludgeoning (dao), thunder (djinni), fire (efreeti), or cold (marid).

In addition, as a bonus action, you can give yourself a flying speed of 30 feet that lasts for 10 minutes, during which you can hover. You can use this bonus action a number of times equal to your proficiency bonus, and you regain all expended uses when you finish a long rest.",6,Warlock,The Genie,False,,Unearthed Arcana 72 - Subclasses Revisited,warlock_features.json
Sanctuary Vessel,"At 10th level, when you enter your Genie’s Vessel via the Bottled Respite feature, you can now choose up to five willing creatures that you can see within 30 feet of you, and the chosen creatures are drawn into the vessel with you.

As a bonus action, you can eject any number of creatures from the vessel, and everyone is ejected if you leave or the vessel is destroyed.

In addition, anyone (including you) who remains within the vessel for at least 10 minutes gains the benefit of finishing a short rest, and anyone can add your proficiency bonus to the number of hit points they regain if they spend any Hit Dice as part of a short rest there.",10,Warlock,The Genie,False,,Unearthed Arcana 72 - Subclasses Revisited,warlock_features.json
Limited Wish,"At 14th level, you can entreat your patron to grant you a small wish. As an action, you can speak your desire to your Genie’s Vessel, requesting the effect of one spell that is 6th level or lower and has a casting time of 1 action. The spell can be from any class’s spell list, and you don’t need to meet the requirements in that spell, including costly components; the spell simply takes effect as part of this action.

Once you use this feature, you can’t use it again until you finish 1d4 long rests.",14,Warlock,The Genie,False,1,Unearthed Arcana 72 - Subclasses Revisited,warlock_features.json
Expanded Spell List,"The Ghost in the Machine lets you choose from an expanded list of spells when you learn a warlock spell. You gain the On/Off* cantrip, and the following new spells are added to the warlock spell list for you.

Spells marked with an asterisk can be found in Unearthed Arcana: Modern Magic.",3,Warlock,Ghost In The Machine (UA),False,,Unearthed Arcana 7 - Modern Magic,warlock_features.json
Information Surge,"At 1st level, you gain the ability to temporarily render computerized devices inoperable. As an action, you can target a computerized device within 30 feet of you. If the targeted device is held or otherwise actively used by a living creature, that creature must make an Intelligence saving throw against your spell save DC. On a failed save, the targeted device ceases to function until the end of your next turn. If the targeted device is not held or used by a creature, the DM makes a special saving throw for the device with disadvantage and a +0 modifier. Certain shielded devices might negate the disadvantage, at the DM’s determination.

Once you use this feature, you can’t use it again until you finish a short or long rest.",1,Warlock,Ghost In The Machine (UA),False,1,Unearthed Arcana 7 - Modern Magic,warlock_features.json
Wire Walk,"Starting at 6th level, you gain the ability to travel short distances over electrical wires, data lines, or telephone cables. As a bonus action, you can touch a device or socket connected to a hardwired network and teleport along this network to another device or socket within your line of sight.

Once you use this feature, you can’t use it again until you finish a short or long rest.",6,Warlock,Ghost In The Machine (UA),False,1,Unearthed Arcana 7 - Modern Magic,warlock_features.json
Personal Encryption,"Beginning at 10th level, you have learned to apply your innate knowledge of encryption to your thoughts, memories, and presence. You have advantage on saving throws against scrying, thought detection, or any other method of magically learning your whereabouts or reading your thoughts. For any such effect that does not grant you a saving throw but which requires the creature targeting you to make an ability check, the check is made with disadvantage.",10,Warlock,Ghost In The Machine (UA),False,,Unearthed Arcana 7 - Modern Magic,warlock_features.json
Technovirus,"At 14th level, you gain the ability to infect a humanoid’s body with living circuitry. You can use an action to make a melee attack against a humanoid creature using your spell attack modifier. The target must make a Constitution saving throw against your spell save DC as a techno-organic virus quickly spreads through its body. On a failed save, the target takes 8d10 psychic damage, or half as much damage on a successful one.

Additionally, if the target fails the saving throw, you can use an action to issue it a single command, as if you were casting the Command spell. The target makes its saving throw against your command with disadvantage. You can issue this command at any time while the target remains infected.

Once you use this feature, you can’t use it again until you finish a long rest, at which point the target is cured of the technovirus. The infection can also be removed with a Lesser Restoration spell.",14,Warlock,Ghost In The Machine (UA),False,1,Unearthed Arcana 7 - Modern Magic,warlock_features.json
Expanded Spell List,The Hexblade lets you choose from an expanded list of spells when you learn a warlock spell. The following spells are added to the warlock spell list for you.,3,Warlock,The Hexblade (UA),False,,Unearthed Arcana 29 - Warlock & Wizard,warlock_features.json
Hex Warrior,"At 1st level, you gain proficiency with medium armor, shields, and martial weapons. In addition, when attacking with a melee weapon that you are proficient with and that lacks the two-handed property, you can use your Charisma modifier, instead of Strength or Dexterity, for the attack and damage rolls.",1,Warlock,The Hexblade (UA),False,,Unearthed Arcana 29 - Warlock & Wizard,warlock_features.json
Hexblade's Curse,"Starting at 1st level, you gain the ability to place a baleful curse on someone. As a bonus action, choose one creature you can see within 30 feet of you. The target is cursed for 1 minute. The curse ends early if the target dies, you die, or you are incapacitated. Until the curse ends, you gain the following benefits:

• You gain a bonus to damage rolls against the cursed target. The bonus equals your proficiency bonus.

• Any attack roll you make against the cursed target is a critical hit on a roll of 19 or 20 on the d20.

• If the cursed target dies, you regain hit points equal to your warlock level + your Charisma modifier.

You can’t use this feature again until you finish a short or long rest.",1,Warlock,The Hexblade (UA),False,1,Unearthed Arcana 29 - Warlock & Wizard,warlock_features.json
Shadow Hound,"Starting at 6th level, your shadow can split from you and transform into a hound of pure darkness. Most of the time, your shadow hound masquerades as your normal shadow. As a bonus action, you can command it to magically slip into the shadow of a creature you can see within 60 feet of you. While the shadow hound is merged in this manner, the target can’t gain the benefits of half cover or three-quarters cover against your attack rolls, and you know the distance and direction to the target even if it is hidden. The hound can’t be seen by anyone but you and those with truesight, and it is unaffected by light. The target has a vague feeling of dread while the hound is present.

As a bonus action, you can command your shadow hound to return to you. It also automatically returns to you if you and the target are on different planes of existence, if you’re incapacitated, or if dispel magic, remove curse, or similar magic is used on the target.",6,Warlock,The Hexblade (UA),False,,Unearthed Arcana 29 - Warlock & Wizard,warlock_features.json
Armor of Hexes,"At 10th level, your hex grows more powerful. If the target cursed by your Hexblade’s Curse hits you with an attack roll, roll a d6. On a 4 or higher, the attack instead misses you.",10,Warlock,The Hexblade (UA),False,,Unearthed Arcana 29 - Warlock & Wizard,warlock_features.json
Master of Hexes,"Starting at 14th level, you can use your Hexblade’s Curse again without resting, but when you apply it to a new target, the curse immediately ends on the previous target.",14,Warlock,The Hexblade (UA),False,,Unearthed Arcana 29 - Warlock & Wizard,warlock_features.json
Expanded Spell List,The Lurker in the Deep lets you choose from an expanded list of spells when you learn a warlock spell. The following spells are added to the warlock spell list for you.,3,Warlock,Lurker in the Deep (UA),False,,Unearthed Arcana 61 - Sorcerer and Warlock,warlock_features.json
Grasp of the Deep,"At 1st level, you gain the ability to magically summon a spectral tentacle that strikes at your foes. As a bonus action, you create a 10-foot-long tentacle at a point you can see within 60 feet of you. The tentacle lasts for 1 minute or until you use this feature to create another tentacle.

When you create the tentacle, you can make a melee spell attack against a creature within 10 feet of it. On a hit, the target takes 1d8 cold or lightning damage (your choice when it takes the damage) and its speed is reduced by 10 feet until the start of your next turn. When you reach 10th level in this class, the damage dealt by the tentacle increases to 2d8.

As a bonus action on your turn, you can move the tentacle up to 30 feet and repeat the attack. You can summon the tentacle a number of times equal to your Charisma modifier (minimum of once), and you regain all expended uses when you finish a long rest.",1,Warlock,Lurker in the Deep (UA),False,,Unearthed Arcana 61 - Sorcerer and Warlock,warlock_features.json
Scion of the Deep,"1st level, your patron accepts you into its inner court of servitors. You can telepathically communicate with any aberration, beast, elemental, or monstrosity that has an innate swimming speed, while it is within 120 feet of you. The creature can understand you and can respond telepathically.",1,Warlock,Lurker in the Deep (UA),False,,Unearthed Arcana 61 - Sorcerer and Warlock,warlock_features.json
Fathomless Soul,"At 6th level, your patron grants you greater abilities. You gain the following benefits:

• You can breathe both air and water.

• You gain a swimming speed equal to your walking speed.

• You gain resistance to cold damage.",6,Warlock,Lurker in the Deep (UA),False,,Unearthed Arcana 61 - Sorcerer and Warlock,warlock_features.json
Guardian Grasp,"At 6th level, the tentacle you create with Grasp of the Deep can defend you and others. When you or a creature you can see takes damage while within 10 feet of the tentacle, you can use your reaction to choose one of those creatures and reduce the damage to the chosen creature by half. After doing so, the tentacle vanishes.",6,Warlock,Lurker in the Deep (UA),False,,Unearthed Arcana 61 - Sorcerer and Warlock,warlock_features.json
Devouring Maw,"Starting at 10th level, you can magically draw forth a manifestation of your patron’s insatiable hunger. As an action, choose a point you can see within 60 feet of you. For 1 minute, a translucent maw manifests in a 10-foot radius centered on that point. Each creature in that area when the maw appears must succeed on a Strength saving throw against your spell save DC or be restrained. Any creature that starts its turn in the maw’s area takes 3d6 cold or lightning damage (your choice when it takes the damage). As an action, a restrained creature can repeat the saving throw, ending the restraint on a success. At the start of your turn, if there is a creature in the maw’s area, you gain temporary hit points equal to your warlock level.

Once you use this feature, you can’t do so again until you finish a short or long rest.",10,Warlock,Lurker in the Deep (UA),False,,Unearthed Arcana 61 - Sorcerer and Warlock,warlock_features.json
Unleash the Depths,"Starting at 14th level, you gain the ability to call upon your patron for aid. As an action, you choose a point within 30 feet of you where your patron tears through reality, manifesting a measure of its thalassic grandeur. Choose one of the following effects to issue from this manifestation point. Once you use either effect, you can’t use this feature again until you finish a long rest.

Transport. You and up to five willing creatures of your choice that you can see within 30 feet of the manifestation point are grasped by spectral tentacles and yanked through your patron’s realm. The tentacles teleport you and the chosen creatures to a point of your choice within 100 miles that you have visited within the past 24 hours. The tentacles then vanish.

Fury. You can direct a barrage of spectral tentacles to issue forth and strike up to five creatures you can see within 30 feet of the manifestation point. Each target must make a Dexterity saving throw against your spell save DC. On a failed save, the creature takes 6d10 cold or lightning damage (your choice) and is knocked prone. On a successful save, it takes half as much damage and is not knocked prone. The tentacles then vanish.",14,Warlock,Lurker in the Deep (UA),False,1,Unearthed Arcana 61 - Sorcerer and Warlock,warlock_features.json
Expanded Spell List,The Noble Genie lets you choose from an expanded list of spells when you learn a warlock spell. The following spells are added to the warlock spell list for you.,3,Warlock,The Noble Genie (UA),False,,"Unearthed Arcana 67 - Subclasses, Part 1",warlock_features.json
Collector’s Vessel,"At 1st level, your patron gives you a magical vessel with which you can bind a creature to you and to your patron’s menagerie. The vessel is a Tiny object, and it is a spellcasting focus for you.

If you lose your vessel, you can perform a 1-hour ceremony to receive a replacement from your patron. This ceremony can be performed during a short or long rest, and it destroys the previous vessel. The vessel vanishes in a flare of elemental power when you die.

As an action while you are holding the vessel, you target a willing creature you can see within 100 feet of you and create a tether of wispy elemental material that links the target to you. The tether lasts for 1 hour, until you use this feature to create another tether, until the bound target is reduced to 0 hit points, or until the target ends its turn more than 100 feet from you.

While you are tethered to a creature, you gain the following benefits:

• You gain a bonus to your Wisdom (Perception) checks equal to your Charisma modifier (minimum of +1).

• When you can cast a spell, you can deliver the spell from your space or the bound creature’s space.

You can create the tether a number of times equal to your Charisma modifier (minimum of once), and you regain all expended uses when you finish a long rest.",1,Warlock,The Noble Genie (UA),False,,"Unearthed Arcana 67 - Subclasses, Part 1",warlock_features.json
Elemental Resistance,"Starting at 6th level, your patron grants you protection from an element. Whenever you finish a long rest, you gain resistance to acid, cold, fire, or lightning damage (your choice) until the end of your next long rest.

While the tether of your Collector’s Vessel is active, the tethered creature gains resistance to the damage type you chose.",6,Warlock,The Noble Genie (UA),False,,"Unearthed Arcana 67 - Subclasses, Part 1",warlock_features.json
Protective Wish,"Beginning at 10th level, you’re now able to use your Collector’s Vessel to wish for protection for yourself or your tethered creature. If you or the tethered creature is hit by an attack, you can use your reaction to teleport, swapping places with the creature and switching which one of you is hit by the attack.",10,Warlock,The Noble Genie (UA),False,,"Unearthed Arcana 67 - Subclasses, Part 1",warlock_features.json
Genie’s Entertainment,"Starting at 10th level, as an action, you can attempt to send a creature you can see within 90 feet to your patron’s court. The target must succeed on a Charisma saving throw against your warlock spell save DC or be magically drawn into your vessel and teleported to your patron’s court in the Elemental Planes. While there, the target is stunned and your patron marvels at the target with amusement but brings no harm to it. The target can repeat the saving throw at the end of each of its turns, reappearing in the space it left or in the nearest unoccupied space if that space is occupied on a success.

Once you use this feature, you can’t use it again until you finish a long rest. If the target remains in your patron’s court for 1 minute, the genie sends the target back at the end of its turn as if it successfully saved, and you regain the use of this feature.",10,Warlock,The Noble Genie (UA),False,1,"Unearthed Arcana 67 - Subclasses, Part 1",warlock_features.json
Collector's Call,"At 14th level, in exchange for extending your patron’s influence over the multiverse, you can call on more of their power. As an action, you can implore your patron for aid by making a Charisma (Persuasion) check against your warlock spell save DC. If the check succeeds, you can choose one of the following effects:

• A creature you can see within 60 feet of you regains 8d6 hit points and ends one disease or condition afflicting it: blinded, charmed, deafened, frightened, paralyzed, or poisoned.

• A creature you can see within 60 feet of you has disadvantage on attack rolls and saving throws until the start of your next turn.

• You cast the Legend Lore spell without material components.

Whether the check succeeds or fails, you can’t use this feature again until you finish a long rest. Alternatively, you can regain the use of this feature by sacrificing nonmagical treasure worth at least 500 gp to your patron. This sacrifice requires the treasure to be within 10 feet of you for at least 1 minute, at the end of which you use an action to teleport the treasure to your patron’s realm, provided you have the vessel of your Collector’s Vessel in hand.",14,Warlock,The Noble Genie (UA),False,1,"Unearthed Arcana 67 - Subclasses, Part 1",warlock_features.json
Expanded Spell List,The Raven Queen lets you choose from an expanded list of spells when you learn a warlock spell. The following spells are added to the warlock spell list for you.,3,Warlock,The Raven Queen,False,,Unearthed Arcana 29 - Warlock & Wizard,warlock_features.json
Sentinel Raven,"Starting at 1st level, you gain the service of a spirit sent by the Raven Queen to watch over you. The spirit assumes the form and game statistics of a raven, and it always obeys your commands, which you can give telepathically while it is within 100 feet of you.

While the raven is perched on your shoulder, you gain darkvision with a range of 30 feet and a bonus to your passive Wisdom (Perception) score and to Wisdom (Perception) checks. The bonus equals your Charisma modifier. While perched on your shoulder, the raven can’t be targeted by any attack or other harmful effect; only you can cast spells on it; it can’t take damage; and it is incapacitated.

You can see through the raven’s eyes and hear what it hears while it is within 100 feet of you.

In combat, you roll initiative for the raven and control how it acts. If it is slain by a creature, you gain advantage on all attack rolls against the killer for the next 24 hours.

The raven doesn’t require sleep. While it is within 100 feet of you, it can awaken you from sleep as a bonus action.

The raven vanishes when it dies, if you die, or if the two of you are separated by more than 5 miles.

At the end of a short or long rest, you can call the raven back to you—no matter where it is or whether it died—and it reappears within 5 feet of you.",1,Warlock,The Raven Queen,False,,Unearthed Arcana 29 - Warlock & Wizard,warlock_features.json
Soul of the Raven,"At 6th level, you gain the ability to merge with your raven spirit. As a bonus action when your raven is perched on your shoulder, your body merges with your raven’s form. While merged, you become Tiny, you replace your speed with the raven’s, and you can use your action only to Dash, Disengage, Dodge, Help, Hide, or Search. During this time, you gain the benefits of your raven being perched on your shoulder. As an action, you and the raven return to normal.",6,Warlock,The Raven Queen,False,,Unearthed Arcana 29 - Warlock & Wizard,warlock_features.json
Raven's Shield,"At 10th level, the Raven Queen grants you a protective blessing. You gain advantage on death saving throws, immunity to the frightened condition, and resistance to necrotic damage.",10,Warlock,The Raven Queen,False,,Unearthed Arcana 29 - Warlock & Wizard,warlock_features.json
Queen's Right Hand,"Starting at 14th level, you can channel the Raven Queen’s power to slay a creature. You can cast Finger of Death. After you cast the spell with this feature, you can’t do so again until you finish a long rest.",14,Warlock,The Raven Queen,False,,Unearthed Arcana 29 - Warlock & Wizard,warlock_features.json
Expanded Spell List,The Seeker lets you choose from an expanded list of spells when you learn a warlock spell. The following spells are added to the warlock spell list for you.,3,Warlock,The Seeker,False,,Unearthed Arcana 16 - The Faithful,warlock_features.json
Shielding Aurora,"Starting at 1st level, you can invoke the Seeker’s power to protect you from harm. As a bonus action, you create a whirling aurora of brilliant energy that swirls around you. Until the end of your next turn, you gain resistance to all damage, and if a hostile creature ends its turn within 10 feet of you, it takes radiant damage equal to your warlock level + your Charisma modifier.

Once you use this feature, you can’t use it again until you finish a short or long rest.",1,Warlock,The Seeker,False,1,Unearthed Arcana 16 - The Faithful,warlock_features.json
Pact Boon: Pact of the Star Chain,"At 3rd level, a character dedicated to the Seeker can select this option instead of one of the warlock’s existing Pact Boon options.

The Seeker grants you a chain forged from starlight, decorated with seven gleaming motes of brightness. While the chain is on your person, you know the augury spell and can cast it as a ritual. The spell doesn’t count against your number of spells known.

Additionally, you can invoke the Seeker’s power to gain advantage on an Intelligence check while you carry this item. Once you use this ability, you cannot use it again until you complete a short or long rest.

If you lose your Star Chain, you can perform a 1-hour ceremony to receive a replacement from the Seeker. The ceremony can be performed during a short or long rest, and it destroys the previous chain. The chain disappears in a flash of light when you die.

The exact form of this item might be different depending on your patron. The Star Chain is inspired by the Greyhawk deity Celestian.",3,Warlock,The Seeker,False,,Unearthed Arcana 16 - The Faithful,warlock_features.json
Astral Refuge,"At 6th level, you gain the ability to step into an astral refuge. As an action, you disappear from the world for a brief moment and enter the Astral Plane, taking advantage of its timeless nature. While in your astral refuge, you can take two actions to cast spells that target only you. After using those two actions, you return to the space you occupied and your turn ends.",6,Warlock,The Seeker,False,,Unearthed Arcana 16 - The Faithful,warlock_features.json
Far Wanderer,"At 10th level, you no longer need to breathe, and you gain resistance to fire damage and cold damage.",10,Warlock,The Seeker,False,,Unearthed Arcana 16 - The Faithful,warlock_features.json
Astral Sequestration,"Starting at 14th level, you gain the ability to sequester yourself and your allies on the Astral Plane.

By performing a special ritual over the course of 5 minutes, you shift yourself and up to ten willing creatures you can see to the Astral Plane. You and those creatures gain the benefits of a short rest while sequestered on the Astral Plane. You then return to the spaces you all occupied when you used this ability, with no time having passed in the world.

During this short rest, you and the creatures you sequester can make use of any options available during a rest that affect only you and the creatures you sequester.

Once you use this ability, you cannot use it again until you complete a long rest.",14,Warlock,The Seeker,False,,Unearthed Arcana 16 - The Faithful,warlock_features.json
Expanded Spell List,"At 1st level, the Undead lets you choose from an expanded list of spells when you learn a warlock spell. The following spells are added to the warlock spell list for you.",1,Warlock,The Undead (UA),False,,"Unearthed Arcana 74 - Subclasses, Part 4",warlock_features.json
Form of Dread,"At 1st level, you manifest an aspect of your patron’s dreadful power. As a bonus action, you transform for 1 minute. You gain the following benefits while transformed:

• You gain temporary hit points equal to 1d10 + your warlock level.

• Once during each of your turns, when you hit a creature with an attack, you can force it to make a Wisdom saving throw, and if the saving throw fails, the target is frightened of you until the end of your next turn.

• You are immune to the frightened condition.

You can transform a number of times equal to your proficiency bonus, and you regain all expended uses when you finish a long rest.

The appearance of your Form of Dread reflects some aspect of your patron. For example, your form could be a shroud of shadows forming the crown and robes of your lich patron, or your face might transform into bat-like features due to your vampire patron.",1,Warlock,The Undead (UA),False,,"Unearthed Arcana 74 - Subclasses, Part 4",warlock_features.json
Grave Touched,"At 6th level, your patron’s powers have a profound effect on your body and magic. You don’t need to eat, drink, or breathe.

In addition, when you hit a creature with an attack and roll damage against the creature, you can replace the damage type with necrotic damage. While you are using your Form of Dread, you can roll one additional damage die when determining the necrotic damage the target takes.",6,Warlock,The Undead (UA),False,,"Unearthed Arcana 74 - Subclasses, Part 4",warlock_features.json
Mortal Husk,"At 10th level, Your connection to undeath and necrotic energy now saturates your body. You have resistance to necrotic damage. If you are transformed using your Form of Dread, you instead become immune to necrotic damage.

In addition, when you are reduced to 0 hit points, you can cause your body to explode. Each creature within 30 feet of you takes necrotic damage equal to 2d10 + your warlock level. You then revive with 1 hit point in your previous space, along with your gear, and you gain 1 level of exhaustion. Once you revive this way, you can’t do so again until you finish 1d4 long rests.",10,Warlock,The Undead (UA),False,,"Unearthed Arcana 74 - Subclasses, Part 4",warlock_features.json
Spirit Projection,"At 14th level, your body is now simply a vessel for your spirit. As an action, you can project your spirit from your body. The body you leave behind is unconscious and in a state of suspended animation.

Your spirit can remain outside your body for up to 1 hour or until your concentration is broken (as if concentrating on a spell). When your projection ends, your spirit returns to your body or your body magically teleports to your spirit’s space (your choice).

While projecting your spirit, you gain the following benefits:

• Your spirit and body gain resistance to bludgeoning, piercing, and slashing damage.

• When you cast a spell of the conjuration or necromancy school, the spell doesn’t require verbal, somatic, or material components that lack a gold cost.

• You have a flying speed equal to your walking speed and can hover. You can move through creatures and objects as if they were difficult terrain, but you take 1d10 force damage if you end your turn inside a creature or an object.

• While you are using your Form of Dread, once during each of your turns when you deal necrotic damage to a creature, you regain hit points equal to half the amount of necrotic damage dealt.

Once you use this feature, you can’t do so again until you finish a long rest.",14,Warlock,The Undead (UA),False,,"Unearthed Arcana 74 - Subclasses, Part 4",warlock_features.json
Expanded Spell List,The Undying Light lets you choose from an expanded list of spells when you learn a warlock spell. The following spells are added to the warlock spell list for you.,3,Warlock,The Undying Light,False,,"Unearthed Arcana 10 - Light, Dark, Underdark!",warlock_features.json
Radiant Soul,"Starting at 1st level, your link to the Positive Plane allows you to serve as a conduit for radiant energy. You have resistance to radiant damage, and when you cast a spell that deals radiant damage or fire damage, you add your Charisma modifier to that damage. Additionally, you know the Light and Sacred Flame cantrips and can cast them at will. They don't count against your number of cantrips known.",1,Warlock,The Undying Light,False,,"Unearthed Arcana 10 - Light, Dark, Underdark!",warlock_features.json
Searing Vengeance,"Starting at 6th level, the radiant energy you channel allows you to overcome grievous injuries. When you would make a death saving throw, you can instead spring back to your feet with a burst of radiant energy. You immediately stand up (if you so choose), and you regain hit points equal to half your hit point maximum. All hostile creatures within 30 feet of you take 10 + your Charisma modifier radiant damage and are blinded until the end of your turn.

Once you use this feature, you can’t use it again until you finish a long rest.",6,Warlock,The Undying Light,False,1,"Unearthed Arcana 10 - Light, Dark, Underdark!",warlock_features.json
Radiant Resistance,"Starting at 10th level, you gain temporary hit points whenever you finish a long or short rest. These temporary hit points equal your warlock level + your Charisma modifier. Additionally, choose up to five creatures you can see at the end of your rest. Those creatures gain temporary hit points equal to half your warlock level + your Charisma modifier.",10,Warlock,The Undying Light,False,,"Unearthed Arcana 10 - Light, Dark, Underdark!",warlock_features.json
Healing Light,"At 14th level, you gain the ability to channel the Undying Light to heal yourself and other creatures. As a bonus action, you can touch a creature and heal it. With each touch, a creature regains from 1d6 to 5d6 hit points (your choice). You have a total pool of 15d6 you can expend. Subtract the dice you use with each touch from that total.

You regain all expended dice from your pool when you finish a long rest.",14,Warlock,The Undying Light,False,,"Unearthed Arcana 10 - Light, Dark, Underdark!",warlock_features.json
Agonizing Blast,"Source: Player's Handbook Prerequisite: eldritch blast cantrip

When you cast eldritch blast, add your Charisma modifier to the damage it deals on a hit.",3,Warlock,Eldritch Invocations,False,,Player's Handbook Prerequisite: eldritch blast cantrip,warlock_features.json
Armor of Shadows,"Source: Player's Handbook

You can cast mage armor on yourself at will, without expending a spell slot or material components.",3,Warlock,Eldritch Invocations,False,,Player's Handbook Prerequisite: eldritch blast cantrip,warlock_features.json
Ascendant Step,"Source: Player's Handbook Prerequisite: 9th level

You can cast levitate on yourself at will, without expending a spell slot or material components.",9,Warlock,Eldritch Invocations,False,,Player's Handbook Prerequisite: eldritch blast cantrip,warlock_features.json
Aspect of the Moon,"Source: Xanathar's Guide to Everything Prerequisite: Pact of the Tome feature

You no longer need to sleep and can't be forced to sleep by any means. To gain the benefits of a long rest, you can spend all 8 hours doing light activity, such as reading your Book of Shadows and keeping watch.",3,Warlock,Eldritch Invocations,False,,Player's Handbook Prerequisite: eldritch blast cantrip,warlock_features.json
Beast Speech,"You can cast speak with animals at will, without expending a spell slot.",3,Warlock,Eldritch Invocations,False,,Player's Handbook Prerequisite: eldritch blast cantrip,warlock_features.json
Beguiling Influence,You gain proficiency in the Deception and Persuasion skills.,3,Warlock,Eldritch Invocations,False,,Player's Handbook Prerequisite: eldritch blast cantrip,warlock_features.json
Bewitching Whispers,"Prerequisite: 7th level

You can cast compulsion once using a warlock spell slot. You can't do so again until you finish a long rest.",7,Warlock,Eldritch Invocations,False,,Player's Handbook Prerequisite: eldritch blast cantrip,warlock_features.json
Bond of the Talisman,"Source: Tasha's Cauldron of Everything Prerequisite: 12th level, Pact of the Talisman feature

While someone else is wearing your talisman, you can use your action to teleport to the unoccupied space closest to them, provided the two of you are on the same plane of existence. The wearer of your talisman can do the same thing, using their action to teleport to you. The teleportation can be used a number of times equal to your proficiency bonus, and all expended uses are restored when you finish a long rest.",12,Warlock,Eldritch Invocations,False,,Player's Handbook Prerequisite: eldritch blast cantrip,warlock_features.json
Book of Ancient Secrets,"Prerequisite: Pact of the Tome feature

You can now inscribe magical rituals in your Book of Shadows. Choose two 1st-level spells that have the ritual tag from any class's spell list (the two needn't be from the same list). The spells appear in the book and don't count against the number of spells you know. With your Book of Shadows in hand, you can cast the chosen spells as rituals. You can't cast the spells except as rituals, unless you've learned them by some other means. You can also cast a warlock spell you know as a ritual if it has the ritual tag.

On your adventures, you can add other ritual spells to your Book of Shadows. When you find such a spell, you can add it to the book if the spell's level is equal to or less than half your warlock level (rounded up) and if you can spare the time to transcribe the spell. For each level of the spell, the transcription process takes 2 hours and costs 50 gp for the rare inks needed to inscribe it.",3,Warlock,Eldritch Invocations,False,,Player's Handbook Prerequisite: eldritch blast cantrip,warlock_features.json
Chains of Carceri,"Source: Player's Handbook Prerequisite: 15th level, Pact of the Chain feature

You can cast hold monster at will – targeting a celestial, fiend, or elemental – without expending a spell slot or material components. You must finish a long rest before you can use this invocation on the same creature again.",15,Warlock,Eldritch Invocations,False,,Player's Handbook Prerequisite: eldritch blast cantrip,warlock_features.json
Cloak of Flies,"Source: Xanathar's Guide to Everything Prerequisite: 5th level

As a bonus action, you can surround yourself with a magical aura that looks like buzzing flies. The aura extends 5 feet from you in every direction, but not through total cover. It lasts until you're incapacitated or you dismiss it as a bonus action.

The aura grants you advantage on Charisma (Intimidation) checks but disadvantage on all other Charisma checks. Any other creature that starts its turn in the aura takes poison damage equal to your Charisma modifier (minimum of 0 damage).

Once you use this invocation, you can't use it again until you finish a short or long rest.",5,Warlock,Eldritch Invocations,False,1,Player's Handbook Prerequisite: eldritch blast cantrip,warlock_features.json
Devil's Sight,"Source: Player's Handbook

You can see normally in darkness, both magical and nonmagical, to a distance of 120 feet.",3,Warlock,Eldritch Invocations,False,,Player's Handbook Prerequisite: eldritch blast cantrip,warlock_features.json
Dreadful Word,"Source: Player's Handbook Prerequisite: 7th level

You can cast confusion once using a warlock spell slot. You can't do so again until you finish a long rest.",7,Warlock,Eldritch Invocations,False,,Player's Handbook Prerequisite: eldritch blast cantrip,warlock_features.json
Eldritch Mind,Source: Tasha's Cauldron of Everything You have advantage on Constitution saving throws that you make to maintain your concentration on a spell.,3,Warlock,Eldritch Invocations,False,,Player's Handbook Prerequisite: eldritch blast cantrip,warlock_features.json
Eldritch Sight,"Source: Player's Handbook

You can cast detect magic at will, without expending a spell slot or material components.",3,Warlock,Eldritch Invocations,False,,Player's Handbook Prerequisite: eldritch blast cantrip,warlock_features.json
Eldritch Smite,"Source: Xanathar's Guide to Everything Prerequisite: 5th level, Pact of the Blade feature

Once per turn when you hit a creature with your pact weapon, you can expend a warlock spell slot to deal an extra 1d8 force damage to the target, plus another 1d8 per level of the spell slot, and you can knock the target prone if it is Huge or smaller.",5,Warlock,Eldritch Invocations,False,,Player's Handbook Prerequisite: eldritch blast cantrip,warlock_features.json
Eldritch Spear,"Source: Player's Handbook Prerequisite: eldritch blast cantrip

When you cast eldritch blast, its range is 300 feet.",3,Warlock,Eldritch Invocations,False,,Player's Handbook Prerequisite: eldritch blast cantrip,warlock_features.json
Eyes of the Rune Keeper,"Source: Player's Handbook

You can read all writing.",3,Warlock,Eldritch Invocations,False,,Player's Handbook Prerequisite: eldritch blast cantrip,warlock_features.json
Far Scribe,"Source: Tasha's Cauldron of Everything Prerequisite: 5th level, Pact of the Tome feature

A new page appears in your Book of Shadows. With your permission, a creature can use its action to write its name on that page, which can contain a number of names equal to your proficiency bonus.

You can cast the sending spell, targeting a creature whose name is on the page, without using a spell slot and without using material components. To do so, you must write the message on the page. The target hears the message in their mind, and if the target replies, their message appears on the page, rather than in your mind. The writing disappears after 1 minute.

As an action, you can magically erase a name on the page by touching it.",5,Warlock,Eldritch Invocations,False,,Player's Handbook Prerequisite: eldritch blast cantrip,warlock_features.json
Fiendish Vigor,"Source: Player's Handbook

You can cast false life on yourself at will as a 1st-level spell, without expending a spell slot or material components.",3,Warlock,Eldritch Invocations,False,,Player's Handbook Prerequisite: eldritch blast cantrip,warlock_features.json
Gaze of Two Minds,"Source: Player's Handbook

You can use your action to touch a willing humanoid and perceive through its senses until the end of your next turn. As long as the creature is on the same plane of existence as you, you can use your action on subsequent turns to maintain this connection, extending the duration until the end of your next turn. While perceiving through the other creature's senses, you benefit from any special senses possessed by that creature, and you are blinded and deafened to your own surroundings.",3,Warlock,Eldritch Invocations,False,,Player's Handbook Prerequisite: eldritch blast cantrip,warlock_features.json
Ghostly Gaze,"Source: Xanathar's Guide to Everything Prerequisite: 7th level

As an action, you gain the ability to see through solid objects to a range of 30 feet. Within that range, you have darkvision if you don't already have it. This special sight lasts for 1 minute or until your concentration ends (as if you were concentrating on a spell). During that time, you perceive objects as ghostly, transparent images.

Once you use this invocation, you can't use it again until you finish a short or long rest.",7,Warlock,Eldritch Invocations,False,1,Player's Handbook Prerequisite: eldritch blast cantrip,warlock_features.json
Gift of the Depths,"Source: Xanathar's Guide to Everything Prerequisite: 5th level

You can breathe underwater, and you gain a swimming speed equal to your walking speed.

You can also cast water breathing without expending a spell slot. You regain the ability to do so when you finish a long rest.",5,Warlock,Eldritch Invocations,False,,Player's Handbook Prerequisite: eldritch blast cantrip,warlock_features.json
Gift of the Ever-Living Ones,"Source: Xanathar's Guide to Everything Prerequisite: Pact of the Chain feature

Whenever you regain hit points while your familiar is within 100 feet of you, treat any dice rolled to determine the hit points you regain as having rolled their maximum value for you.",3,Warlock,Eldritch Invocations,False,,Player's Handbook Prerequisite: eldritch blast cantrip,warlock_features.json
Gift of the Protectors,"Source: Tasha's Cauldron of Everything Prerequisite: 9th level, Pact of the Tome feature

A new page appears in your Book of Shadows. With your permission, a creature can use its action to write its name on that page, which can contain a number of names equal to your proficiency bonus.

When any creature whose name is on the page is reduced to 0 hit points but not killed outright, the creature magically drops to 1 hit point instead. Once this magic is triggered, no creature can benefit from it until you finish a long rest.

As an action, you can magically erase a name on the page by touching it.",9,Warlock,Eldritch Invocations,False,,Player's Handbook Prerequisite: eldritch blast cantrip,warlock_features.json
Grasp of Hadar,"Source: Xanathar's Guide to Everything Prerequisite: eldritch blast cantrip

Once on each of your turns when you hit a creature with your eldritch blast, you can move that creature in a straight line 10 feet closer to yourself.",3,Warlock,Eldritch Invocations,False,,Player's Handbook Prerequisite: eldritch blast cantrip,warlock_features.json
Improved Pact Weapon,"Source: Xanathar's Guide to Everything Prerequisite: Pact of the Blade feature

You can use any weapon you summon with your Pact of the Blade feature as a spellcasting focus for your warlock spells.

In addition, the weapon gains a +1 bonus to its attack and damage rolls, unless it is a magic weapon that already has a bonus to those rolls.

Finally, the weapon you conjure can be a shortbow, longbow, light crossbow, or heavy crossbow.",3,Warlock,Eldritch Invocations,False,,Player's Handbook Prerequisite: eldritch blast cantrip,warlock_features.json
Investment of the Chain Master,"Source: Tasha's Cauldron of Everything Prerequisite: Pact of the Chain feature

When you cast find familiar, you infuse the summoned familiar with a measure of your eldritch power, granting the creature the following benefits:

• The familiar gains either a flying speed or a swimming speed (your choice) of 40 feet.

• As a bonus action, you can command the familiar to take the Attack action.

• The familiar's weapon attacks are considered magical for the purpose of overcoming immunity and resistance to nonmagical attacks.

• If the familiar forces a creature to make a saving throw, it uses your spell save DC.

• When the familiar takes damage, you can use your reaction to grant it resistance against that damage.",3,Warlock,Eldritch Invocations,False,,Player's Handbook Prerequisite: eldritch blast cantrip,warlock_features.json
Lance of Lethargy,"Source: Xanathar's Guide to Everything Prerequisite: eldritch blast cantrip

Once on each of your turns when you hit a creature with your eldritch blast, you can reduce that creature's speed by 10 feet until the end of your next turn.",3,Warlock,Eldritch Invocations,False,,Player's Handbook Prerequisite: eldritch blast cantrip,warlock_features.json
Lifedrinker,"Source: Player's Handbook Prerequisite: 12th level, Pact of the Blade feature

When you hit a creature with your pact weapon, the creature takes extra necrotic damage equal to your Charisma modifier (minimum 1).",12,Warlock,Eldritch Invocations,False,,Player's Handbook Prerequisite: eldritch blast cantrip,warlock_features.json
Maddening Hex,"Source: Xanathar's Guide to Everything Prerequisite: 5th level, hex spell or a warlock feature that curses

As a bonus action, you cause a psychic disturbance around the target cursed by your hex spell or by a warlock feature of yours, such as Hexblade's Curse and Sign of Ill Omen. When you do so, you deal psychic damage to the cursed target and each creature of your choice within 5 feet of it. The psychic damage equals your Charisma modifier (minimum of 1 damage). To use this invocation, you must be able to see the cursed target, and it must be within 30 feet of you.

Source: Unearthed Arcana 40 - Revised Class Options Prerequisite: 5th level

As a bonus action, you cause a psychic disturbance around the target cursed by your hex spell or by a warlock feature of yours, such as Hexblade's Curse and Sign of Ill Omen. When you do so, you deal psychic damage to the target and each creature of your choice within 5 feet of it. The psychic damage equals your Charisma modifier (minimum of 0 damage).",5,Warlock,Eldritch Invocations,False,,Player's Handbook Prerequisite: eldritch blast cantrip,warlock_features.json
Mask of Many Faces,"Source: Player's Handbook

You can cast disguise self at will, without expending a spell slot.",3,Warlock,Eldritch Invocations,False,,Player's Handbook Prerequisite: eldritch blast cantrip,warlock_features.json
Master of Myriad Forms,"Source: Player's Handbook Prerequisite: 15th level

You can cast alter self at will, without expending a spell slot.",15,Warlock,Eldritch Invocations,False,,Player's Handbook Prerequisite: eldritch blast cantrip,warlock_features.json
Minions of Chaos,"Source: Player's Handbook Prerequisite: 9th level

You can cast conjure elemental once using a warlock spell slot. You can't do so again until you finish a long rest.",9,Warlock,Eldritch Invocations,False,,Player's Handbook Prerequisite: eldritch blast cantrip,warlock_features.json
Mire the Mind,"Source: Player's Handbook Prerequisite: 5th level

You can cast slow once using a warlock spell slot. You can't do so again until you finish a long rest.",5,Warlock,Eldritch Invocations,False,,Player's Handbook Prerequisite: eldritch blast cantrip,warlock_features.json
Misty Visions,"Source: Player's Handbook

You can cast silent image at will, without expending a spell slot or material components.",3,Warlock,Eldritch Invocations,False,,Player's Handbook Prerequisite: eldritch blast cantrip,warlock_features.json
One with Shadows,"Source: Player's Handbook Prerequisite: 5th level

When you are in an area of dim light or darkness, you can use your action to become invisible until you move or take an action or a reaction.",5,Warlock,Eldritch Invocations,False,,Player's Handbook Prerequisite: eldritch blast cantrip,warlock_features.json
Otherworldly Leap,"Source: Player's Handbook Prerequisite: 9th level

You can cast jump at will, without expending a spell slot.",9,Warlock,Eldritch Invocations,False,,Player's Handbook Prerequisite: eldritch blast cantrip,warlock_features.json
Protection of the Talisman,"Source: Tasha's Cauldron of Everything Prerequisite: 7th level, Pact of the Talisman feature

When the wearer of your talisman fails a saving throw, they can add a d4 to the roll, potentially turning the save into a success. This benefit can be used a number of times equal to your proficiency bonus, and all expended uses are restored when you finish a long rest.",7,Warlock,Eldritch Invocations,False,,Player's Handbook Prerequisite: eldritch blast cantrip,warlock_features.json
Rebuke of the Talisman,"Source: Tasha's Cauldron of Everything Prerequisite: Pact of the Talisman feature

When the wearer of your talisman is hit by an attacker you can see within 30 feet of you, you can use your reaction to deal psychic damage to the attacker equal to your proficiency bonus and push it up to 10 feet away from the talisman's wearer.",3,Warlock,Eldritch Invocations,False,,Player's Handbook Prerequisite: eldritch blast cantrip,warlock_features.json
Relentless Hex,"Source: Xanathar's Guide to Everything Prerequisite: 7th level, hex spell or a warlock feature that curses

Your curse creates a temporary bond between you and your target. As a bonus action, you can magically teleport up to 30 feet to an unoccupied space you can see within 5 feet of the target cursed by your hex spell or by a warlock feature of yours, such as Hexblade's Curse and Sign of Ill Omen. To teleport in this way, you must be able to see the cursed target.",7,Warlock,Eldritch Invocations,False,,Player's Handbook Prerequisite: eldritch blast cantrip,warlock_features.json
Repelling Blast,"Source: Player's Handbook Prerequisite: eldritch blast cantrip

When you hit a creature with eldritch blast, you can push the creature up to 10 feet away from you in a straight line.",3,Warlock,Eldritch Invocations,False,,Player's Handbook Prerequisite: eldritch blast cantrip,warlock_features.json
Sculptor of Flesh,"Source: Player's Handbook Prerequisite: 7th level

You can cast polymorph once using a warlock spell slot. You can't do so again until you finish a long rest.",7,Warlock,Eldritch Invocations,False,,Player's Handbook Prerequisite: eldritch blast cantrip,warlock_features.json
Shroud of Shadow,"Source: Xanathar's Guide to Everything Prerequisite: 15th level

You can cast invisibility at will, without expending a spell slot.",15,Warlock,Eldritch Invocations,False,,Player's Handbook Prerequisite: eldritch blast cantrip,warlock_features.json
Sign of Ill Omen,"Source: Player's Handbook Prerequisite: 5th level

You can cast bestow curse once using a warlock spell slot. You can't do so again until you finish a long rest.",5,Warlock,Eldritch Invocations,False,,Player's Handbook Prerequisite: eldritch blast cantrip,warlock_features.json
Thief of Five Fates,"Source: Player's Handbook

You can cast bane once using a warlock spell slot. You can't do so again until you finish a long rest.",3,Warlock,Eldritch Invocations,False,,Player's Handbook Prerequisite: eldritch blast cantrip,warlock_features.json
Thirsting Blade,"Source: Player's Handbook Prerequisite: 5th level, Pact of the Blade feature

You can attack with your pact weapon twice, instead of once, whenever you take the Attack action on your turn.",5,Warlock,Eldritch Invocations,False,,Player's Handbook Prerequisite: eldritch blast cantrip,warlock_features.json
Tomb of Levistus,"Source: Xanathar's Guide to Everything Prerequisite: 5th level

As a reaction when you take damage, you can entomb yourself in ice, which melts away at the end of your next turn. You gain 10 temporary hit points per warlock level, which take as much of the triggering damage as possible. Immediately after you take the damage, you gain vulnerability to fire damage, your speed is reduced to 0, and you are incapacitated. These effects, including any remaining temporary hit points, all end when the ice melts.

Once you use this invocation, you can't use it again until you finish a short or long rest.",5,Warlock,Eldritch Invocations,False,1,Player's Handbook Prerequisite: eldritch blast cantrip,warlock_features.json
Trickster's Escape,"Source: Xanathar's Guide to Everything Prerequisite: 7th level

You can cast freedom of movement once on yourself without expending a spell slot. You regain the ability to do so when you finish a long rest.",7,Warlock,Eldritch Invocations,False,,Player's Handbook Prerequisite: eldritch blast cantrip,warlock_features.json
Undying Servitude,"Source: Tasha's Cauldron of Everything Prerequisite: 5th-level warlock

You can cast animate dead without using a spell slot. Once you do so, you can't cast it in this way again until you finish a long rest.",3,Warlock,Eldritch Invocations,False,,Player's Handbook Prerequisite: eldritch blast cantrip,warlock_features.json
Visions of Distant Realms,"Source: Player's Handbook Prerequisite: 15th level

You can cast arcane eye at will, without expending a spell slot.",15,Warlock,Eldritch Invocations,False,,Player's Handbook Prerequisite: eldritch blast cantrip,warlock_features.json
Voice of the Chain Master,"Source: Player's Handbook Prerequisite: Pact of the Chain feature

You can communicate telepathically with your familiar and perceive through your familiar's senses as long as you are on the same plane of existence. Additionally, while perceiving through your familiar's senses, you can also speak through your familiar in your own voice, even if your familiar is normally incapable of speech.",3,Warlock,Eldritch Invocations,False,,Player's Handbook Prerequisite: eldritch blast cantrip,warlock_features.json
Whispers of the Grave,"Source: Player's Handbook Prerequisite: 9th level

You can cast speak with dead at will, without expending a spell slot.",9,Warlock,Eldritch Invocations,False,,Player's Handbook Prerequisite: eldritch blast cantrip,warlock_features.json
Witch Sight,"Source: Player's Handbook Prerequisite: 15th level

You can see the true form of any shapechanger or creature concealed by illusion or transmutation magic while the creature is within 30 feet of you and within line of sight.",15,Warlock,Eldritch Invocations,False,,Player's Handbook Prerequisite: eldritch blast cantrip,warlock_features.json
Arcane Gunslinger,"Source: Unearthed Arcana 7 - Modern Magic Prerequisite: Pact of the Blade feature

You can create a pact weapon that is a sidearm or long arm, and you can transform a magical sidearm or long arm into your pact weapon.",3,Warlock,Eldritch Invocations,False,,Player's Handbook Prerequisite: eldritch blast cantrip,warlock_features.json
Burning Hex,"Source: Unearthed Arcana 29 - Warlock & Wizard Prerequisite: The Hexblade patron

As a bonus action, you cause a target cursed by your Hexblade's Curse to take fire damage equal to your Charisma modifier (minimum of 1).",3,Warlock,Eldritch Invocations,False,,Player's Handbook Prerequisite: eldritch blast cantrip,warlock_features.json
Caiphon's Beacon,"Source: Unearthed Arcana 29 - Warlock & Wizard Prerequisite: The Great Old One patron

The purple star Caiphon is the doom of inexperienced mariners. Those who use its deceptive light to guide their travels invariably come to ruin. You gain proficiency in the Deception and Stealth skills, and you have advantage on attack rolls against charmed creatures.",3,Warlock,Eldritch Invocations,False,,Player's Handbook Prerequisite: eldritch blast cantrip,warlock_features.json
Chilling Hex,"Source: Unearthed Arcana 29 - Warlock & Wizard Prerequisite: The Hexblade patron

As a bonus action, you cause frost to swirl around a target cursed by your Hexblade's Curse, dealing cold damage to each of your enemies within 5 feet of the target. The cold damage equals your Charisma modifier (minimum of 1).",3,Warlock,Eldritch Invocations,False,,Player's Handbook Prerequisite: eldritch blast cantrip,warlock_features.json
Chronicle of the Raven Queen,"Source: Unearthed Arcana 29 - Warlock & Wizard Prerequisite: Raven Queen patron, Pact of the Tome feature

You can place a corpse's hand or similar appendage on your Book of Shadows and ask one question aloud. After 1 minute, the answer appears written in blood in your book. The answer is provided by the dead creature's spirit to the best of its knowledge and is translated into a language of your choice. You must use this ability within 1 minute of a creature's death, and a given creature can only be asked one question in this manner.",3,Warlock,Eldritch Invocations,False,,Player's Handbook Prerequisite: eldritch blast cantrip,warlock_features.json
Claw of Acamar,"Source: Unearthed Arcana 29 - Warlock & Wizard Prerequisite: The Great Old One patron, Pact of the Blade feature

You can create a black, lead flail using your Pact of the Blade feature. The flail's head is sculpted to resemble a pair of grasping tentacles. The weapon has the reach property. When you hit a creature with it, you can expend a spell slot to deal an additional 2d8 necrotic damage to the target per spell level, and you can reduce the creature's speed to 0 feet until the end of your next turn.",3,Warlock,Eldritch Invocations,False,,Player's Handbook Prerequisite: eldritch blast cantrip,warlock_features.json
Curse Bringer,"Source: Unearthed Arcana 29 - Warlock & Wizard Prerequisite: The Hexblade patron, Pact of the Blade feature

You can create a greatsword forged from silver, with black runes etched into its blade, using your Pact of the Blade feature. If you reduce a target cursed by your Hexblade's Curse to 0 hit points with this sword, you can immediately change the target of the curse to a different creature. This change doesn't extend the curse's duration.

When you hit a creature with this weapon, you can expend a spell slot to deal an additional 2d8 slashing damage to the target per spell level, and you can reduce the creature's speed to 0 feet until the end of your next turn.",3,Warlock,Eldritch Invocations,False,,Player's Handbook Prerequisite: eldritch blast cantrip,warlock_features.json
Eldritch Armor,"Source: Unearthed Arcana 62 - Class Feature Variants Prerequisite: Pact of the Blade feature

As an action, you can touch a suit of armor that isn't being worn or carried by anyone and instantly don it, provided you aren't wearing armor already. You are proficient with this suit of armor until it's removed.",3,Warlock,Eldritch Invocations,False,,Player's Handbook Prerequisite: eldritch blast cantrip,warlock_features.json
Green Lord's Gift,"Source: Unearthed Arcana 29 - Warlock & Wizard Prerequisite: The Archfey patron

The Green Lord oversees a verdant realm of everlasting summer. Your soul is linked to his power. Whenever you regain hit points, you treat any dice rolled to determine the hit points you regain as having rolled their maximum value.",3,Warlock,Eldritch Invocations,False,,Player's Handbook Prerequisite: eldritch blast cantrip,warlock_features.json
Kiss of Mephistopheles,"Source: Unearthed Arcana 40 - Revised Class Options Prerequisite: 5th level, eldritch blast cantrip

When you hit a creature with your eldritch blast, you can cast fireball as a bonus action using a warlock spell slot. The spell must be centered on the creature you hit with eldritch blast.",5,Warlock,Eldritch Invocations,False,,Player's Handbook Prerequisite: eldritch blast cantrip,warlock_features.json
Mace of Dispater,"Source: Unearthed Arcana 29 - Warlock & Wizard Prerequisite: The Fiend patron, Pact of the Blade feature

When you create your pact weapon as a mace, it manifests as an iron mace forged in Dis, the second of the Nine Hells. When you hit a creature with it, you can expend a spell slot to deal an additional 2d8 force damage to the target per spell level, and you can knock the target prone if it is Huge or smaller.",3,Warlock,Eldritch Invocations,False,,Player's Handbook Prerequisite: eldritch blast cantrip,warlock_features.json
Moonbow,"Source: Unearthed Arcana 29 - Warlock & Wizard Prerequisite: The Archfey patron, Pact of the Blade feature

You can create a longbow using your Pact of the Blade feature. When you draw back its string and fire, it creates an arrow of white wood, which vanishes after 1 minute. You have advantage on attack rolls against lycanthropes with the bow. When you hit a creature with it, you can expend a spell slot to deal an additional 2d8 radiant damage to the target per spell level.",3,Warlock,Eldritch Invocations,False,,Player's Handbook Prerequisite: eldritch blast cantrip,warlock_features.json
Path of the Seeker,"Source: Unearthed Arcana 29 - Warlock & Wizard Prerequisite: The Seeker patron

The Seeker bids you to travel in search of knowledge, and little can prevent you from walking this path. You ignore difficult terrain, have advantage on all checks to escape a grapple, manacles, or rope bindings, and advantage on saving throws against being paralyzed.",3,Warlock,Eldritch Invocations,False,,Player's Handbook Prerequisite: eldritch blast cantrip,warlock_features.json
Raven Queen's Blessing,"Source: Unearthed Arcana 29 - Warlock & Wizard Prerequisite: Raven Queen patron, eldritch blast cantrip

When you score a critical hit with your eldritch blast cantrip, pick yourself or an ally you can see within 30 feet of you. The chosen creature can immediately expend a Hit Die to regain hit points equal to the roll + the creature's Constitution modifier (minimum of 1 hit point).",3,Warlock,Eldritch Invocations,False,,Player's Handbook Prerequisite: eldritch blast cantrip,warlock_features.json
Seeker's Speech,"Source: Unearthed Arcana 29 - Warlock & Wizard Prerequisite: The Seeker patron

Your quest for knowledge allows you to master any spoken language. When you complete a long rest, you can pick two languages. You gain the ability to speak, read, and write the chosen languages until you finish your next long rest.",3,Warlock,Eldritch Invocations,False,,Player's Handbook Prerequisite: eldritch blast cantrip,warlock_features.json
Shroud of Ulban,"Source: Unearthed Arcana 29 - Warlock & Wizard Prerequisite: The Great Old One patron

The blue-white star Ulban maintains a fickle presence among the stars, fluttering into view only to herald a dire omen. As an action, you can turn invisible for 1 minute. If you attack, deal damage, or force a creature to make a saving throw, you become visible at the end of the current turn.",3,Warlock,Eldritch Invocations,False,,Player's Handbook Prerequisite: eldritch blast cantrip,warlock_features.json
Superior Pact Weapon,"Source: Unearthed Arcana 29 - Warlock & Wizard Prerequisite: 9th level, Pact of the Blade feature

You can use any weapon you summon with your Pact of the Blade feature as a spellcasting focus for your warlock spells.

In addition, the weapon counts as a magic weapon with a +2 bonus to its attack and damage rolls, unless it is already a magic weapon that you transformed into your pact weapon.",9,Warlock,Eldritch Invocations,False,,Player's Handbook Prerequisite: eldritch blast cantrip,warlock_features.json
Ultimate Pact Weapon,"Source: Unearthed Arcana 29 - Warlock & Wizard Prerequisite: 15th level, Pact of the Blade feature

You can use any weapon you summon with your Pact of the Blade feature as a spellcasting focus for your warlock spells.

In addition, the weapon counts as a magic weapon with a +3 bonus to its attack and damage rolls, unless it is already a magic weapon that you transformed into your pact weapon.",15,Warlock,Eldritch Invocations,False,,Player's Handbook Prerequisite: eldritch blast cantrip,warlock_features.json
Base Features,"Hit Points:
Hit Dice: 1d6 per wizard level Hit Points at 1st Level: 6 + your Constitution modifier Hit Points at Higher Levels: 1d6 (or 4) + your Constitution modifier per wizard level after 1st

Proficiencies:
Armor: None Weapons: Daggers, darts, slings, quarterstaffs, light crossbows Tools: None Saving Throws: Intelligence, Wisdom Skills: Choose two from Arcana, History, Insight, Investigation, Medicine, and Religion

Equipment:
You start with the following equipment, in addition to the equipment granted by your background:

• (a) a quarterstaff or (b) a dagger

• (a) a component pouch or (b) an arcane focus

• (a) a scholar's pack or (b) an explorer's pack

• A spellbook",1,Wizard,,False,,,wizard_features.json
Spellcasting,"Spellcasting:
As a student of arcane magic, you have a spellbook containing spells that show the first glimmerings of your true power.

Cantrips

At 1st level, you know three cantrips of your choice from the wizard spell list. You learn additional wizard cantrips of your choice at higher levels, as shown in the Cantrips Known column of the Wizard table.

Spellbook

At 1st level, you have a spellbook containing six 1st-level wizard spells of your choice. Your spellbook is the repository of the wizard spells you know, except your cantrips, which are fixed in your mind.

The spells that you add to your spellbook as you gain levels reflect the arcane research you conduct on your own, as well as intellectual breakthroughs you have had about the nature of the multiverse. You might find other spells during your adventures. You could discover a spell recorded on a scroll in an evil wizard's chest, for example, or in a dusty tome in an ancient library.

Copying a Spell into the Book. When you find a wizard spell of 1st level or higher, you can add it to your spellbook if it is of a spell level you can prepare and if you can spare the time to decipher and copy it.

Copying a spell into your spellbook involves reproducing the basic form of the spell, then deciphering the unique system of notation used by the wizard who wrote it. You must practice the spell until you understand the sounds or gestures required, then transcribe it into your spellbook using your own notation.

For each level of the spell, the process takes 2 hours and costs 50 gp. The cost represents material components you expend as you experiment with the spell to master it, as well as the fine inks you need to record it. Once you have spent this time and money, you can prepare the spell just like your other spells.

Replacing the Book. You can copy a spell from your own spellbook into another book-for example, if you want to make a backup copy of your spellbook. This is just like copying a new spell into your spellbook, but faster and easier, since you understand your own notation and already know how to cast the spell. You need spend only 1 hour and 10 gp for each level of the copied spell.

If you lose your spellbook, you can use the same procedure to transcribe the spells that you have prepared into a new spellbook. Filling out the remainder of your spellbook requires you to find new spells to do so, as normal. For this reason, many wizards keep backup spellbooks in a safe place.

The Book's Appearance. Your spellbook is a unique compilation of spells, with its own decorative flourishes and margin notes. It might be a plain, functional leather volume that you received as a gift from your master, a finely bound gilt-edged tome you found in an ancient library or even a loose collection of notes scrounged together after you lost your previous spellbook in a mishap.

Preparing and Casting Spells

The Wizard table shows how many spell slots you have to cast your wizard spells of 1st level and higher. To cast one of these spells, you must expend a slot of the spell's level or higher. You regain all expended spell slots when you finish a long rest.

You prepare the list of wizard spells that are available for you to cast. To do so, choose a number of wizard spells from your spellbook equal to your Intelligence modifier + your wizard level (minimum of one spell). The spells must be of a level for which you have spell slots.

For example, if you're a 3rd-level wizard, you have four 1st-level and two 2nd-level spell slots. With an Intelligence of 16, your list of prepared spells can include six spells of 1st or 2nd level, in any combination, chosen from your spellbook. If you prepare the 1st-level spell magic missile, you can cast it using a 1st-level or a 2nd-level slot. Casting the spell doesn't remove it from your list of prepared spells.

You can change your list of prepared spells when you finish a long rest. Preparing a new list of wizard spells requires time spent studying your spellbook and memorizing the incantations and gestures you must make to cast the spell: at least 1 minute per spell level for each spell on your list.

Spellcasting Ability

Intelligence is your spellcasting ability for your wizard spells, since you learn your spells through dedicated study and memorization. You use your Intelligence whenever a spell refers to your spellcasting ability. In addition, you use your Intelligence modifier when setting the saving throw DC for a wizard spell you cast and when making an attack roll with one.

Spell save DC = 8 + your proficiency bonus + your Intelligence modifier

Spell attack modifier = your proficiency bonus + your Intelligence modifier

Ritual Casting

You can cast a wizard spell as a ritual if that spell has the ritual tag and you have the spell in your spellbook. You don't need to have the spell prepared.

Spellcasting Focus

You can use an arcane focus as a spellcasting focus for your wizard spells.

Learning Spells of 1st Level and Higher

Each time you gain a wizard level, you can add two wizard spells of your choice to your spellbook. Each of these spells must be of a level for which you have spell slots, as shown on the Wizard table. On your adventures, you might find other spells that you can add to your spellbook.",1,Wizard,,False,,,wizard_features.json
Arcane Recovery,"You have learned to regain some of your magical energy by studying your spellbook. Once per day when you finish a short rest, you can choose expended spell slots to recover. The spell slots can have a combined level that is equal to or less than half your wizard level (rounded up), and none of the slots can be 6th level or higher.

For example, if you're a 4th-level wizard, you can recover up to two levels worth of spell slots. You can recover either a 2nd-level spell slot or two 1st-level spell slots.",1,Wizard,,False,,,wizard_features.json
Arcane Tradition,"When you reach 2nd level, you choose an arcane tradition, shaping your practice of magic through one of the following schools. Your choice grants you features at 2nd level and again at 6th, 10th, and 14th level.",2,Wizard,Pick your subclass where you set your class (top left),True,,,wizard_features.json
Cantrip Formulas,"At 3rd level, you have scribed a set of arcane formulas in your spellbook that you can use to formulate a cantrip in your mind. Whenever you finish a long rest and consult those formulas in your spellbook, you can replace one wizard cantrip you know with another cantrip from the wizard spell list.",3,Wizard,,False,,,wizard_features.json
Spell Mastery,"At 18th level, you have achieved such mastery over certain spells that you can cast them at will. Choose a 1st-level wizard spell and a 2nd-level wizard spell that are in your spellbook. You can cast those spells at their lowest level without expending a spell slot when you have them prepared. If you want to cast either spell at a higher level, you must expend a spell slot as normal.

By spending 8 hours in study, you can exchange one or both of the spells you chose for different spells of the same levels.",18,Wizard,,False,,,wizard_features.json
Signature Spells,"When you reach 20th level, you gain mastery over two powerful spells and can cast them with little effort. Choose two 3rd-level wizard spells in your spellbook as your signature spells. You always have these spells prepared, they don't count against the number of spells you have prepared, and you can cast each of them once at 3rd level without expending a spell slot. When you do so, you can't do so again until you finish a short or long rest.

If you want to cast either spell at a higher level, you must expend a spell slot as normal.",20,Wizard,,False,,,wizard_features.json
Abjuration Savant,"Beginning when you select this school at 2nd level, the gold and time you must spend to copy an abjuration spell into your spellbook is halved.",2,Wizard,School of Abjuration,False,,,wizard_features.json
Arcane Ward,"Starting at 2nd level, you can weave magic around yourself for protection. When you cast an abjuration spell of 1st level or higher, you can simultaneously use a strand of the spell's magic to create a magical ward on yourself that lasts until you finish a long rest. The ward has hit points equal to twice your wizard level + your Intelligence modifier. Whenever you take damage, the ward takes the damage instead. If this damage reduces the ward to 0 hit points, you take any remaining damage.

While the ward has 0 hit points, it can't absorb damage, but its magic remains. Whenever you cast an abjuration spell of 1st level or higher, the ward regains a number of hit points equal to twice the level of the spell.

Once you create the ward, you can't create it again until you finish a long rest.",2,Wizard,School of Abjuration,False,,,wizard_features.json
Projected Ward,"Starting at 6th level, when a creature that you can see within 30 feet of you takes damage, you can use your reaction to cause your Arcane Ward to absorb that damage. If this damage reduces the ward to 0 hit points, the warded creature takes any remaining damage.",6,Wizard,School of Abjuration,False,,,wizard_features.json
Improved Abjuration,"Beginning at 10th level, when you cast an abjuration spell that requires you to make an ability check as a part of casting that spell (as in Counterspell and Dispel Magic), you add your proficiency bonus to that ability check.",10,Wizard,School of Abjuration,False,,,wizard_features.json
Spell Resistance,"Starting at 14th level, you have advantage on saving throws against spells.

Furthermore, you have resistance against the damage of spells.",14,Wizard,School of Abjuration,False,,,wizard_features.json
Training in War and Song,"When you adopt this tradition at 2nd level, you gain proficiency with light armor, and you gain proficiency with one type of one-handed melee weapon of your choice.

You also gain proficiency in the Performance skill if you don’t already have it.",2,Wizard,Bladesinging,False,,,wizard_features.json
Bladesong,"Starting at 2nd level, you can invoke an elven magic called the Bladesong, provided that you aren't wearing medium or heavy armor or using a shield. It graces you with supernatural speed, agility, and focus.

You can use a bonus action to start the Bladesong, which lasts for 1 minute. It ends early if you are incapacitated, if you don medium or heavy armor or a shield, or if you use two hands to make an attack with a weapon. You can also dismiss the Bladesong at any time (no action required).

While your Bladesong is active, you gain the following benefits:

• You gain a bonus to your AC equal to your Intelligence modifier (minimum of +1)

• Your walking speed increases by 10 feet.

• You have advantage on Dexterity (Acrobatics) checks.

• You gain a bonus to any Constitution saving throw you make to maintain your concentration on a spell. The bonus equals your Intelligence modifier (minimum of +1).

You can use this feature a number of times equal to your proficiency bonus, and you regain all expended uses of it when you finish a long rest.",2,Wizard,Bladesinging,False,,,wizard_features.json
Extra Attack,"Starting at 6th level, you can attack twice, instead of once, whenever you take the Attack action on your turn. Moreover, you can cast one of your cantrips in place of one of those attacks.",6,Wizard,Bladesinging,False,,,wizard_features.json
Song of Defense,"Beginning at 10th level, you can direct your magic to absorb damage while your Bladesong is active. When you take damage, you can use your reaction to expend one spell slot and reduce that damage to you by an amount equal to five times the spell slot's level.",10,Wizard,Bladesinging,False,,,wizard_features.json
Song of Victory,"Starting at 14th level, you can add your Intelligence modifier (minimum of +1) to the damage of your melee weapon attacks while your Bladesong is active.",14,Wizard,Bladesinging,False,,,wizard_features.json
Chronal Shift,"At 2nd level, you can magically exert limited control over the flow of time around a creature. As a reaction, after you or a creature you can see within 30 feet of you makes an attack roll, an ability check, or a saving throw, you can force the creature to reroll. You make this decision after you see whether the roll succeeds or fails. The target must use the result of the second roll.

You can use this ability twice, and you regain any expended uses when you finish a long rest.",2,Wizard,Chronurgy Magic,False,,,wizard_features.json
Temporal Awareness,"Starting at 2nd level, you can add your Intelligence modifiers to your initiative rolls.",2,Wizard,Chronurgy Magic,False,,,wizard_features.json
Momentary Stasis,"When you reach 6th level, as an action, you can magically force a Large or smaller creature you can see within 60 feet of you to make a Constitution saving throw against your spell save DC. Unless the saving throw is a success, the creature is encased in a field of magical energy until the end of your next turn or until the creature takes any damage. While encased in this way, the creature is incapacitated and has a speed of 0.

You can use this feature a number of times equal to your Intelligence modifier (a minimum of once). You regain all expended uses when you finish a long rest.",6,Wizard,Chronurgy Magic,False,,,wizard_features.json
Arcane Abeyance,"At 10th level, when you cast a spell using a spell slot of 4th level or lower, you can condense the spell's magic into a mote. The spell is frozen in time at the moment of casting and held within a gray bead for 1 hour. This bead is a Tiny object with AC 15 and 1 hit point, and it is immune to poison and psychic damage. When the duration ends, or if the bead is destroyed, it vanishes in aflash of light, and the spell is lost.

A creature holding the bead can use its action to release the spell within, whereupon the bead disappears. The spell uses your spell attack bonus and save DC, and the spell treats the creature who released it as the caster for all other purposes.

Once you create a bead with this feature, you can't do so again until you finish a short or long rest.",10,Wizard,Chronurgy Magic,False,,,wizard_features.json
Convergent Future,"Starting at 14th level, you can peer through possible futures and magically pull one of them into events around you, ensuring a particular outcome. When you or a creature you can see within 60 feet of you makes an attack roll, an ability check, or a saving throw, you can use your reaction to ignore the die roll and decide whether the number rolled is the minimum needed to succeed or one less than that number (your choice).

When you use this feature, you gain one level of exhaustion. Only by finishing a long rest can you remove a level of exhaustion gained in this way.",14,Wizard,Chronurgy Magic,False,,,wizard_features.json
Conjuration Savant,"Beginning when you select this school at 2nd level, the gold and time you must spend to copy a Conjuration spell into your spellbook is halved.",2,Wizard,School of Conjuration,False,,,wizard_features.json
Minor Conjuration,"Starting at 2nd level when you select this school, you can use your action to conjure up an inanimate object in your hand or on the ground in an unoccupied space that you can see within 10 feet of you. This object can be no larger than 3 feet on a side and weigh no more than 10 pounds, and its form must be that of a nonmagical object that you have seen. The object is visibly magical, radiating dim light out to 5 feet.

The object disappears after 1 hour, when you use this feature again, or if it takes or deals any damage.",2,Wizard,School of Conjuration,False,,,wizard_features.json
Benign Transportation,"Starting at 6th level, you can use your action to teleport up to 30 feet to an unoccupied space that you can see. Alternatively, you can choose a space within range that is occupied by a Small or Medium creature. If that creature is willing, you both teleport, swapping places.

Once you use this feature, you can't use it again until you finish a long rest or you cast a conjuration spell of 1st level or higher.",6,Wizard,School of Conjuration,False,1,,wizard_features.json
Focused Conjuration,"Beginning at 10th level, while you are concentrating on a conjuration spell, your concentration can't be broken as a result of taking damage.",10,Wizard,School of Conjuration,False,,,wizard_features.json
Durable Summons,"Starting at 14th level, any creature that you summon or create with a conjuration spell has 30 temporary hit points.",14,Wizard,School of Conjuration,False,,,wizard_features.json
Divination Savant,"Beginning when you select this school at 2nd level, the gold and time you must spend to copy a Divination spell into your spellbook is halved.",2,Wizard,School of Divination,False,,,wizard_features.json
Portent,"Starting at 2nd level when you choose this school, glimpses of the future begin to press in on your awareness. When you finish a long rest, roll two d20s and record the numbers rolled. You can replace any attack roll, saving throw, or ability check made by you or a creature that you can see with one of these foretelling rolls. You must choose to do so before the roll, and you can replace a roll in this way only once per turn.

Each foretelling roll can be used only once. When you finish a long rest, you lose any unused foretelling rolls.",2,Wizard,School of Divination,False,,,wizard_features.json
Expert Divination,"Beginning at 6th level, casting divination spells comes so easily to you that it expends only a fraction of your spellcasting efforts. When you cast a divination spell of 2nd level or higher using a spell slot, you regain one expended spell slot. The slot you regain must be of a level lower than the spell you cast and can't be higher than 5th level.",6,Wizard,School of Divination,False,,,wizard_features.json
The Third Eye,"Starting at 10th level, you can use your action to increase your powers of perception. When you do so, choose one of the following benefits, which lasts until you are incapacitated or you take a short or long rest. You can't use the feature again until you finish a short or long rest.

Darkvision. You gain darkvision out to a range of 60 feet.

Ethereal Sight. You can see into the Ethereal Plane within 60 feet of you.

Greater Comprehension. You can read any language.

See Invisibility. You can see invisible creatures and objects within 10 feet of you that are within line of sight.",10,Wizard,School of Divination,False,,,wizard_features.json
Greater Portent,"Starting at 14th level, the visions in your dreams intensify and paint a more accurate picture in your mind of what is to come. You roll three d20s for your Portent feature, rather than two.",14,Wizard,School of Divination,False,,,wizard_features.json
Enchantment Savant,"Beginning when you select this school at 2nd level, the gold and time you must spend to copy a Enchantment spell into your spellbook is halved.",2,Wizard,School of Enchantment,False,,,wizard_features.json
Hypnotic Gaze,"Starting at 2nd level when you choose this school, your soft words and enchanting gaze can magically enthrall another creature. As an action, choose one creature that you can see within 5 feet of you. If the target can see or hear you, it must succeed on a Wisdom saving throw against your wizard spell save DC or be charmed by you until the end of your next turn. The charmed creature's speed drops to 0, and the creature is incapacitated and visibly dazed.

On subsequent turns, you can use your action to maintain this effect, extending its duration until the end of your next turn. However, the effect ends if you move more than 5 feet away from the creature, if the creature can neither see nor hear you, or if the creature takes damage.

Once the effect ends, or if the creature succeeds on its initial saving throw against this effect, you can't use this feature on that creature again until you finish a long rest.",2,Wizard,School of Enchantment,False,,,wizard_features.json
Instinctive Charm,"Beginning at 6th level, when a creature you can see within 30 feet of you makes an attack roll against you, you can use your reaction to divert the attack, provided that another creature is within the attack's range. The attacker must make a Wisdom saving throw against your wizard spell save DC. On a failed save, the attacker must target the creature that is closest to it, not including you or itself. If multiple creatures are closest, the attacker chooses which one to target.

On a successful save, you can't use this feature on the attacker again until you finish a long rest.

You must choose to use this feature before knowing whether the attack hits or misses. Creatures that can't be charmed are immune to this effect.",6,Wizard,School of Enchantment,False,,,wizard_features.json
Split Enchantment,"Starting at 10th level, when you cast an enchantment spell of 1st level or higher that targets only one creature, you can have it target a second creature.",10,Wizard,School of Enchantment,False,,,wizard_features.json
Alter Memories,"At 14th level, you gain the ability to make a creature unaware of your magical influence on it. When you cast an enchantment spell to charm one or more creatures, you can alter one creature's understanding so that it remains unaware of being charmed.

Additionally, once before the spell expires, you can use your action to try to make the chosen creature forget some of the time it spent charmed. The creature must succeed on an Intelligence saving throw against your wizard spell save DC or lose a number of hours of its memories equal to 1 + your Charisma modifier (minimum 1). You can make the creature forget less time, and the amount of time can't exceed the duration of your enchantment spell.",14,Wizard,School of Enchantment,False,,,wizard_features.json
Evocation Savant,"Beginning when you select this school at 2nd level, the gold and time you must spend to copy a Evocation spell into your spellbook is halved.",2,Wizard,School of Evocation,False,,,wizard_features.json
Sculpt Spells,"Beginning at 2nd level, you can create pockets of relative safety within the effects of your evocation spells. When you cast an evocation spell that affects other creatures that you can see, you can choose a number of them equal to 1 + the spell's level. The chosen creatures automatically succeed on their saving throws against the spell, and they take no damage if they would normally take half damage on a successful save.",2,Wizard,School of Evocation,False,,,wizard_features.json
Potent Cantrip,"Starting at 6th level, your damaging cantrips affect even creatures that avoid the brunt of the effect. When a creature succeeds on a saving throw against your cantrip, the creature takes half the cantrip's damage (if any) but suffers no additional effect from the cantrip.",6,Wizard,School of Evocation,False,,,wizard_features.json
Empowered Evocation,"Beginning at 10th level, you can add your Intelligence modifier (minimum of +1) to one damage roll of any wizard evocation spell that you cast.",10,Wizard,School of Evocation,False,,,wizard_features.json
Overchannel,"Starting at 14th level, you can increase the power of your simpler spells. When you cast a wizard spell of 1st through 5th level that deals damage, you can deal maximum damage with that spell.

The first time you do so, you suffer no adverse effect. If you use this feature again before you finish a long rest, you take 2d12 necrotic damage for each level of the spell, immediately after you cast it. Each time you use this feature again before finishing a long rest, the necrotic damage per spell level increases by 1d12. This damage ignores resistance and immunity.",14,Wizard,School of Evocation,False,,,wizard_features.json
Adjust Density,"At 2nd level, as an action, you can magically alter the weight of one object or creature you can see within 30 feet of you. The object or creature must be Large or smaller. The target's weight is halved or doubled for up to 1 minute or until your concentration ends (as if you were concentrating on a spell).

While the weight of a creature is halved by this effect, the creature's speed increases by 10 feet, it can jump twice as far as normal, and it has disadvantage on Strength checks and Strength saving throws.

While the weight of a creature is doubled by this effect, the creature's speed is reduced by 10 feet, and it has advantage on Strength checks and Strength saving throws.

Upon reaching 10th level in this class, you can target an object or a creature that is Huge or smaller.",2,Wizard,Graviturgy Magic,False,,,wizard_features.json
Gravity Well,"When you reach 6th level, whenever you cast a spell on a creature, you can move the target 5 feet to an unoccupied space of your choice if the target is willing to move, the spell hits it with an attack, or it fails a saving throw against the spell.",6,Wizard,Graviturgy Magic,False,,,wizard_features.json
Violent Attraction,"At 10th level, when another creature that you can see within 60 feet of you hits with a weapon attack, you can use your reaction to increase the attack's velocity, causing the attack's target to take an extra 1d10 damage of the weapon's type.

Alternatively, if a creature within 60 feet of you takes damage from a fall, you can use your reaction to increase the fall's damage by 2d10.

You can use this feature a number of times equal to your Intelligence modifier (a minimum of once). You regain all expended uses when you finish a long rest.",10,Wizard,Graviturgy Magic,False,,,wizard_features.json
Event Horizon,"Starting at 14th level, as an action, you can magically emit a powerful field of gravitational energy that tugs at other creatures for up to 1 minute or until your concentration ends (as if you were concentrating on a spell). For the duration, whenever a creature hostile to you starts its turn within 30 feet of you, it must make a Strength saving throw against your spell save DC. On a failed save, it takes 2d10 force damage, and its speed is reduced to 0 until the start of its next turn. On a successful save, it takes half as much damage, and every foot it moves this turn costs 2 extra feet of movement.

Once you use this feature, you can't do so again until you finish a long rest or until you expend a spell slot of 3rd level or higher on it.",14,Wizard,Graviturgy Magic,False,,,wizard_features.json
Illusion Savant,"Beginning when you select this school at 2nd level, the gold and time you must spend to copy a Illusion spell into your spellbook is halved.",2,Wizard,School of Illusion,False,,,wizard_features.json
Improved Minor Illusion,"When you choose this school at 2nd level, you learn the Minor Illusion cantrip. If you already know this cantrip, you learn a different wizard cantrip of your choice. The cantrip doesn't count against your number of cantrips known.

When you cast Minor Illusion, you can create both a sound and an image with a single casting of the spell.",2,Wizard,School of Illusion,False,,,wizard_features.json
Malleable Illusions,"Starting at 6th level, when you cast an illusion spell that has a duration of 1 minute or longer, you can use your action to change the nature of that illusion (using the spell's normal parameters for the illusion), provided that you can see the illusion.",6,Wizard,School of Illusion,False,,,wizard_features.json
Illusory Self,"Beginning at 10th level, you can create an illusory duplicate of yourself as an instant, almost instinctual reaction to danger. When a creature makes an attack roll against you, you can use your reaction to interpose the illusory duplicate between the attacker and yourself. The attack automatically misses you, then the illusion dissipates.

Once you use this feature, you can't use it again until you finish a short or long rest.",10,Wizard,School of Illusion,False,1,,wizard_features.json
Illusory Reality,"By 14th level, you have learned the secret of weaving shadow magic into your illusions to give them a semi-reality. When you cast an illusion spell of 1st level or higher, you can choose one inanimate, nonmagical object that is part of the illusion and make that object real. You can do this on your turn as a bonus action while the spell is ongoing. The object remains real for 1 minute. For example, you can create an illusion of a bridge over a chasm and then make it real long enough for your allies to cross.

The object can't deal damage or otherwise directly harm anyone.",14,Wizard,School of Illusion,False,,,wizard_features.json
Necromancy Savant,"Beginning when you select this school at 2nd level, the gold and time you must spend to copy a Necromancy spell into your spellbook is halved.",2,Wizard,School of Necromancy,False,,,wizard_features.json
Grim Harvest,"At 2nd level, you gain the ability to reap life energy from creatures you kill with your spells. Once per turn when you kill one or more creatures with a spell of 1st level or higher, you regain hit points equal to twice the spell's level, or three times its level if the spell belongs to the School of Necromancy. You don't gain this benefit for killing constructs or undead.",2,Wizard,School of Necromancy,False,,,wizard_features.json
Undead Thralls,"At 6th level, you add the Animate Dead spell to your spellbook if it is not there already. When you cast Animate Dead, you can target one additional corpse or pile of bones, creating another zombie or skeleton, as appropriate.

Whenever you create an undead using a necromancy spell, it has additional benefits:

• The creature's hit point maximum is increased by an amount equal to your wizard level.

• The creature adds your proficiency bonus to its weapon damage rolls.",6,Wizard,School of Necromancy,False,,,wizard_features.json
Inured to Undeath,"Beginning at 10th level, you have resistance to necrotic damage, and your hit point maximum can't be reduced. You have spent so much time dealing with undead and the forces that animate them that you have become inured to some of their worst effects.",10,Wizard,School of Necromancy,False,,,wizard_features.json
Command Undead,"Starting at 14th level, you can use magic to bring undead under your control, even those created by other wizards. As an action, you can choose one undead that you can see within 60 feet of you. That creature must make a Charisma saving throw against your wizard spell save DC. If it succeeds, you can't use this feature on it again. If it fails, it becomes friendly to you and obeys your commands until you use this feature again.

Intelligent undead are harder to control in this way. If the target has an Intelligence of 8 or higher, it has advantage on the saving throw. If it fails the saving throw and has an Intelligence of 12 or higher, it can repeat the saving throw at the end of every hour until it succeeds and breaks free.",14,Wizard,School of Necromancy,False,,,wizard_features.json
Wizardly Quill,"At 2nd level, as a bonus action, you can magically create a Tiny quill in your free hand. The magic quill has the following properties:

• The quill doesn't require ink. When you write with it, it produces ink in a color of your choice on the writing surface.

• The time you must spend to copy a spell into your spell book equals 2 minutes per spell level if you use the quill for the transcription.

• You can erase anything you write with the quill if you wave the feather over the text as a bonus action, provided the text is within 5 feet of you.

This quill disappears if you create another one or if you die.",2,Wizard,Order of Scribes,False,,,wizard_features.json
Awakened Spellbook,"Using specially prepared inks and ancient incantations passed down by your wizardly order, you have awakened an arcane sentience within your spellbook.

At 2nd level, while you are holding the book, it grants you the following benefits:

• You can use the book as a spellcasting focus for your wizard spells.

• When you cast a wizard spell with a spell slot, you can temporarily replace its damage type with a type that appears in another spell in your spellbook, which magically alters the spell's formula for this casting only. The latter spell must be of the same level as the spell slot you expend.

• When you cast a wizard spell as a ritual, you can use the spell's normal casting time, rather than adding 10 minutes to it. Once you use this benefit, you can't do so again until you finish a long rest.

If necessary, you can replace the book over the course of a short rest by using your Wizardly Quill to write arcane sigils in a blank book or a magic spellbook to which you're attuned. At the end of the rest, your spellbook's consciousness is summoned into the new book, which the consciousness transforms into your spellbook, along with all its spells. If the previous book still existed somewhere, all the spells vanish from its pages.",2,Wizard,Order of Scribes,False,,,wizard_features.json
Manifest Mind,"At 6th level, you can conjure forth the mind of your Awakened Spellbook. As a bonus action while the book is on your person, you can cause the mind to manifest as a Tiny spectral object, hovering in an unoccupied space of your choice within 60 feet of you. The spectral mind is intangible and doesn't occupy its space, and it sheds dim light in a 10-foot radius. It looks like a ghostly tome, a cascade of text, or a scholar from the past (your choice).

While manifested, the spectral mind can hear and see, and it has darkvision with a range of 60 feet. The mind can telepathically share with you what it sees and hears (no action required).

Whenever you cast a wizard spell on your turn, you can cast it as if you were in the spectral mind's space, instead of your own, using its senses. You can do so a number of times per day equal to your proficiency bonus, and you regain all expended uses when you finish a long rest.

As a bonus action, you can cause the spectral mind to hover up to 30 feet to an unoccupied space that you or it can see. It can pass through creatures but not objects.

The spectral mind stops manifesting if it is ever more than 300 feet away from you, if someone casts Dispel Magic on it, if the Awakened Spellbook is destroyed, if you die, or if you dismiss the spectral mind as a bonus action.

Once you conjure the mind, you can't do so again until you finish a long rest, unless you expend a spell slot of any level to conjure it again.",6,Wizard,Order of Scribes,False,,,wizard_features.json
Master Scriviner,"At 10th level, whenever you finish a long rest, you can create one magic scroll by touching your Wizardly Quill to a blank piece of paper or parchment and causing one spell from your Awakened Spellbook to be copied onto the scroll. The spellbook must be within 5 feet of you when you make the scroll.

The chosen spell must be of 1st or 2nd level and must have a casting time of 1 action. Once in the scroll, the spell's power is enhanced, counting as one level higher than normal. You can cast the spell from the scroll by reading it as an action. The scroll is unintelligible to anyone else, and the spell vanishes from the scroll when you cast it or when you finish your next long rest.

You are also adept at crafting spell scrolls, which are described in the treasure chapter of the Dungeon Master's Guide. The gold and time you must spend to make such a scroll are halved if you use your Wizardly Quill.",10,Wizard,Order of Scribes,False,,,wizard_features.json
One with the Word,"At 14th level, your connection to your Awakened Spellbook has become so profound that your soul has become entwined with it. While the book is on your person, you have advantage on all Intelligence (Arcana) checks, as the spellbook helps you remember magical lore.

Moreover, if you take damage while your spellbook's mind is manifested, you can prevent all of that damage to you by using your reaction to dismiss the spectral mind, using its magic to save yourself. Then roll 3d6. The spellbook temporarily loses spells of your choice that have a combined spell level equal to that roll or higher. For example, if the roll's total is 9, spells vanish from the book that have a combined level of at least 9, which could mean one 9th-level spell, three 3rd-level spells, or some other combination. If there aren't enough spells in the book to cover this cost, you drop to 0 hit points.

Until you finish 1d6 long rests, you are incapable of casting the lost spells, even if you find them on a scroll or in another spellbook. After you finish the required number of rests, the spells reappear in the spell book.

Once you use this reaction, you can't do so again until you finish a long rest.",14,Wizard,Order of Scribes,False,,,wizard_features.json
Transmutation Savant,"Beginning when you select this school at 2nd level, the gold and time you must spend to copy a Transmutation spell into your spellbook is halved.",2,Wizard,School of Transmutation,False,,,wizard_features.json
Minor Alchemy,"Starting at 2nd level when you select this school, you can temporarily alter the physical properties of one nonmagical object, changing it from one substance into another. You perform a special alchemical procedure on one object composed entirely of wood, stone (but not a gemstone), iron, copper, or silver, transforming it into a different one of those materials. For each 10 minutes you spend performing the procedure, you can transform up to 1 cubic foot of material. After 1 hour, or until you lose your concentration (as if you were concentrating on a spell), the material reverts to its original substance.",2,Wizard,School of Transmutation,False,,,wizard_features.json
Transmuter's Stone,"Starting at 6th level, you can spend 8 hours creating a transmuter's stone that stores transmutation magic. You can benefit from the stone yourself or give it to another creature. A creature gains a benefit of your choice as long as the stone is in the creature's possession. When you create the stone, choose the benefit from the following options:

• Darkvision out to a range of 60 feet

• An increase to speed of 10 feet while the creature is unencumbered

• Proficiency in Constitution saving throws

• Resistance to acid, cold, fire, lightning, or thunder damage (your choice whenever you choose this benefit)

Each time you cast a transmutation spell of 1st level or higher, you can change the effect of your stone if the stone is on your person.

If you create a new transmuter's stone, the previous one ceases to function.",6,Wizard,School of Transmutation,False,,,wizard_features.json
Shapechanger,"At 10th level, you add the Polymorph spell to your spellbook, if it is not there already. You can cast Polymorph without expending a spell slot. When you do so, you can target only yourself and transform into a beast whose challenge rating is 1 or lower.

Once you cast Polymorph in this way, you can't do so again until you finish a short or long rest, though you can still cast it normally using an available spell slot.",10,Wizard,School of Transmutation,False,,,wizard_features.json
Master Transmuter,"Starting at 14th level, you can use your action to consume the reserve of transmutation magic stored within your transmuter's stone in a single burst. When you do so, choose one of the following effects. Your transmuter's stone is destroyed and can't be remade until you finish a long rest.

Major Transformation. You can transmute one nonmagical object – no larger than a 5-foot cube – into another nonmagical object of similar size and mass and of equal or lesser value. You must spend 10 minutes handling the object to transform it.

Panacea. You remove all curses, diseases, and poisons affecting a creature that you touch with the transmuter's stone. The creature also regains all its hit points.

Restore Life. You cast the Raise Dead spell on a creature you touch with the transmuter's stone, without expending a spell slot or needing to have the spell in your spellbook.

Restore Youth. You touch the transmuter's stone to a willing creature, and that creature's apparent age is reduced by 3d10 years, to a minimum of 13 years. This effect doesn't extend the creature's lifespan.",14,Wizard,School of Transmutation,False,,,wizard_features.json
Arcane Deflection,"At 2nd level, you have learned to weave your magic to fortify yourself against harm. When you are hit by an attack or you fail a saving throw, you can use your reaction to gain a +2 bonus to your AC against that attack or a +4 bonus to that saving throw.

When you use this feature, you can't cast spells other than cantrips until the end of your next turn.",2,Wizard,War Magic,False,,,wizard_features.json
Tactical Wit,"Starting at 2nd level, your keen ability to assess tactical situations allows you to act quickly in battle. You can give yourself a bonus to your initiative rolls equal to your Intelligence modifier.",2,Wizard,War Magic,False,,,wizard_features.json
Power Surge,"Starting at 6th level, you can store magical energy within yourself to later empower your damaging spells.

You can store a maximum number of power surges equal to your Intelligence modifier (minimum of one). Whenever you finish a long rest, your number of power surges resets to one. Whenever you successfully end a spell with Dispel Magic or Counterspell, you gain one power surge, as you steal magic from the spell you foiled. If you end a short rest with no power surges, you gain one power surge.

Once per turn when you deal damage to a creature or object with a wizard spell, you can spend one power surge to deal extra force damage to that target. The extra damage equals half your wizard level.",6,Wizard,War Magic,False,,,wizard_features.json
Durable Magic,"Beginning at 10th level, the magic you channel helps ward off harm. While you maintain concentration on a spell, you have a +2 bonus to AC and all saving throws.",10,Wizard,War Magic,False,,,wizard_features.json
Deflecting Shroud,"At 14th level, your Arcane Deflection becomes infused with deadly magic. When you use your Arcane Deflection feature, you can cause magical energy to arc from you. Up to three creatures of your choice within 60 feet of you each take force damage equal to half your wizard level.",14,Wizard,War Magic,False,,,wizard_features.json
Runes of Understanding,"2nd-Level Runecrafter Feature Your study of runecraft has unlocked the ability to decode runes and languages, regardless of their origin; you always have Comprehend Languages prepared, you can cast it without expending a spell slot, and the spell doesn’t count against the number of spells you have prepared.",3,Wizard,Runecrafter (UA),False,,Unearthed Arcana 83 - Giant Options,wizard_features.json
Runic Empowerment,"2nd-Level Runecrafter Feature When you choose this subclass, you learn how to amplify your magic through the application of various runes. Your knowledge of these runes is stored in your spellbook, though you determine the runes’ cosmetic appearance. For example, your runes could be engraved into the cover of your spellbook, glowing whenever you cast a spell, or you could work the shape and meaning of the runes directly into a spell’s somatic and verbal components.

When you cast a spell using a spell slot, you can invoke one of the following runes:

• Life Rune. When you invoke this rune, choose one creature you can see within 30 feet of you (you can choose yourself). The chosen creature gains temporary hit points equal to 5 times the level of the spell slot expended.

• War Rune. When you invoke this rune, choose one creature you can see within 30 feet of you. Until the end of your next turn, attack rolls that target the chosen creature gain a bonus equal to half the level of the spell slot expended (rounded up, minimum of +1).

• Wind Rune. When you invoke this rune, your speed increases by a number of feet equal to 5 times the level of the spell slot expended, and your movement doesn’t provoke opportunity attacks. These benefits last until the start of your next turn.

You can invoke no more than one rune per spell. You can use this feature a number of times equal to your proficiency bonus, and you regain all expended uses when you finish a long rest.",3,Wizard,Runecrafter (UA),False,,Unearthed Arcana 83 - Giant Options,wizard_features.json
Sigils of Warding,"6th-Level Runecrafter Feature

You can call on a rune of protection to guard yourself against threats. When you fail a Strength, Dexterity, or Constitution saving throw, you can use your reaction to expend one use of your Runic Empowerment and succeed on the saving throw instead.",3,Wizard,Runecrafter (UA),False,,Unearthed Arcana 83 - Giant Options,wizard_features.json
Rune Maven,"10th-Level Runecrafter Feature

Your understanding of runecraft has grown immensely. Whenever you use your Arcane Recovery feature, you also regain a number of your expended uses of Runic Empowerment. The number of uses you regain can be no more than half your Intelligence modifier, rounded up (minimum of 1).",3,Wizard,Runecrafter (UA),False,,Unearthed Arcana 83 - Giant Options,wizard_features.json
Engraved Emnity,"14th-Level Runecrafter Feature

You have mastered the art of wielding your runes directly against your foes. As a bonus action, you can target one creature you can see within 60 feet of yourself. The creature must succeed on a Wisdom saving throw against your spell save DC or be magically marked by an enmity rune.

The enmity rune appears as a faintly glowing mote of energy that hovers over the marked creature, which suffers the following effects:

• Runecraft’s Bane. The creature has disadvantage on saving throws made against spells you cast.

• Unveiled Enemy. The radiance of the glowing rune makes the creature visible if it’s invisible, and the creature can’t become invisible while the rune persists.

• Woeful Curse. When you mark the creature, and as a bonus action on subsequent turns for the duration, you can invoke the enmity rune to curse the creature until the start of your next turn. The next time one of your allies hits the cursed creature with an attack roll, the target also takes 1d8 force damage, and the curse ends.

The enmity rune lasts for 1 minute or until you lose your concentration (as if you were concentrating on a spell). Once you have marked a creature in this way, you can’t do so again until you finish a long rest, unless you expend a spell slot of 3rd level or higher to use this feature again.",3,Wizard,Runecrafter (UA),False,,Unearthed Arcana 83 - Giant Options,wizard_features.json
Infuse Potions,"Starting at 2nd level, you can produce magic potions. You spend 10 minutes focusing your magic on a vial of mundane water and expend a spell slot to transform it into a potion. Once you have expended a spell slot to create a potion, you cannot regain that slot until the potion is consumed or after 1 week, at which time the potion loses its effectiveness. You can create up to three potions at a time; creating a fourth potion causes the oldest currently active one to immediately lose its potency. If that potion has been consumed, its effects immediately end.

The spell slot you expend determines the type of potion you can create. See chapter 7 of the Dungeon Master’s Guide for complete rules on potions.",2,Wizard,Artificer (UA),False,,Unearthed Arcana 1 - Eberron,wizard_features.json
Infuse Scrolls,"At 2nd level, you can also tap into your reserves of magical energy to create spell scrolls. You can use your Arcane Recovery ability to create a scroll instead of regaining expended spell slots.

You must finish a short rest, then spend 10 minutes with parchment, quill, and ink to create a spell scroll containing one spell chosen from those you know. Subtract the spell’s level from the total levels worth of slots you regain using Arcane Recovery. This reduction to your Arcane Recovery applies until you use the scroll and then finish a long rest.",2,Wizard,Artificer (UA),False,,Unearthed Arcana 1 - Eberron,wizard_features.json
Infuse Weapons and Armor,"Beginning at 6th level, you can produce magic weapons and armor. You spend 10 minutes focusing your magic on a mundane weapon, suit of armor, shield, or bundle of twenty pieces of ammunition, and expend a spell slot to infuse it with magical energy. The magic item retains its enhancement for 8 hours or until used (in the case of magic ammunition). You can infuse only one item at a time; if you infuse a second one, the first immediately loses its potency. Once you have expended a spell slot to create such an item, you cannot regain that slot until the item becomes nonmagical.

The spell slot you expend determines the type of weapon, armor, or shield you can create.",6,Wizard,Artificer (UA),False,,Unearthed Arcana 1 - Eberron,wizard_features.json
Superior Artificer,"Starting at 10th level, you can create a second magic weapon, suit of armor, shield, or bundle of ammunition using your Infuse Weapons and Armor ability. Attempting to infuse a third item causes the oldest one to immediately lose its potency.

You can also create one additional potion or scroll using Infuse Potions or Infuse Scrolls.",10,Wizard,Artificer (UA),False,,Unearthed Arcana 1 - Eberron,wizard_features.json
Master Artificer,"On reaching 14th level, your mastery of arcane magic allows you to produce a variety of magic items. You can create a single item chosen from Magic Item Tables A and B in chapter 7 of the Dungeon Master’s Master’s Guide. It takes you 1 week to produce such an item, and you must rest for 1 month before using this ability to craft another item.",14,Wizard,Artificer (UA),False,,Unearthed Arcana 1 - Eberron,wizard_features.json
Tools of the Inventor,"At 2nd level, you gain proficiency with two tools of your choice.",2,Wizard,School of Invention (UA),False,,,wizard_features.json
Arcanomechanical Armor,"Innovation is a dangerous practice, at least as far as members of this school practice it. As a shield against this risk, you have developed a suit of arcane armor.

Starting at 2nd level, you gain proficiency with light armor and gain a suit of arcanomechanical armor—a magic item that only you can attune to. While you are attuned to it and wearing it, it grants you resistance to force damage.

The armor is light armor and provides an AC of 12 + your Dexterity modifier. It weighs 8 pounds.

You can create a new suit of it at the end of a long rest by touching a nonmagical suit of studded leather armor, which magically transforms it. Doing so removes the magic from your previous arcanomechanical armor, turning it into nonmagical studded leather.",2,Wizard,School of Invention (UA),False,,,wizard_features.json
Reckless Casting,"Starting at 2nd level, you can attempt to cast a spell you don’t have prepared. When you use this ability, you use your action and choose one of the following options:

• Roll on the Reckless Casting table for cantrips and cast the resulting spell as part of this action.

• Expend a spell slot and roll twice on the Reckless Casting table for its level, or the 5th-level table if the slot is 6th level or higher. Pick which of the two results you want to use and cast the resulting spell as part of this action.

If the spell you cast isn’t a wizard spell, it is nonetheless a wizard spell for you when you cast it with this feature.",2,Wizard,School of Invention (UA),False,,,wizard_features.json
Alchemical Casting,"At 6th level, you learn to channel magic through your arcanomechanical armor to augment spells in a variety of ways. When you cast a spell while wearing that armor and attuned to it, you can expend one additional spell slot of 1st or 2nd level to alter the spell. The effect depends on the spell slot you expend.

A 1st-level slot allows you to manipulate the spell’s energy. When you cast a spell that deals acid, cold, fire, lightning, or thunder damage, you can substitute that damage type for another one from that list.

A 2nd-level slot increases the spell’s raw force. If you roll damage for the spell when you cast it, increase that damage by 2d10 force damage against one of the spell’s targets (your choice) this turn.",6,Wizard,School of Invention (UA),False,,,wizard_features.json
Prodigious Inspiration,"At 10th level, you have attained a greater mastery of spell preparation. As a bonus action, you can replace one spell you have prepared with another spell from your spellbook. You can’t use this ability again until you finish a short or long rest.",10,Wizard,School of Invention (UA),False,,,wizard_features.json
Controlled Chaos,"At 14th level, your ability to improvise magic grows stronger. Whenever you roll on a Reckless Casting table for a spell other than a cantrip, you can roll on the table that is one level higher than the expended spell slot.",14,Wizard,School of Invention (UA),False,,,wizard_features.json
Lore Mastery,"Starting at 2nd level, you become a compendium of knowledge on a vast array of topics. Your proficiency bonus is doubled for any ability check you make that uses the Arcana, History, Nature, or Religion skill if you are proficient in that skill.

In addition, your analytical abilities are so well-honed that your initiative in combat can be driven by mental agility, rather than physical agility. When you roll initiative, it is either an Intelligence check or a Dexterity check for you (your choice).",2,Wizard,Lore Mastery,False,,,wizard_features.json
Spell Secrets,"At 2nd level, you master the first in a series of arcane secrets uncovered by your extensive studies.

When you cast a spell with a spell slot and the spell deals acid, cold, fire, force, lightning, necrotic, radiant, or thunder damage, you can substitute that damage type with one other type from that list (you can change only one damage type per casting of a spell). You replace one energy type for another by altering the spell's formula as you cast it.

When you cast a spell with a spell slot and the spell requires a saving throw, you can change the saving throw from one ability score to another of your choice. Once you change a saving throw in this way, you can't do so again until you finish a short or long rest.",2,Wizard,Lore Mastery,False,,,wizard_features.json
Altering Spells,"While the Spell Secrets feature offers increased versatility, at the table its effects can be difficult to spot by the other players. If you're playing a savant, take a moment to describe how you alter your spells. Think of a signature change your character is particularly proud of. Be inventive, and make the game more fun for everyone by playing up the sudden, unexpected tricks your character can employ. For example, a fireball transformed to require a Strength save might become a sphere of burning rock that shatters and slams into its target. A charm person that requires a Constitution save might take the form of a vaporous narcotic that alters the target's mood.",3,Wizard,Lore Mastery,False,,,wizard_features.json
Alchemical Casting,"At 6th level, you learn to augment spells in a variety of ways. When you cast a spell with a spell slot, you can expend one additional spell slot to augment its effects for this casting, mixing the raw stuff of magic into your spell to amplify it. The effect depends on the spell slot you expend.

An additional 1st-level spell slot can increase the spell's raw force. If you roll damage for the spell when you cast it, increase the damage against every target by 2d10 force damage. If the spell can deal damage on more than one turn, it deals this extra force damage only on the turn you cast the spell.

An additional 2nd-level spell slot can increase the spell's range. If the spell's range is at least 30 feet, it becomes 1 mile.

An additional 3rd-level spell slot can increase the spell's potency. Increase the spell's save DC by 2.",6,Wizard,Lore Mastery,False,,,wizard_features.json
Prodigious Memory,"At 10th level, you have attained a greater mastery of spell preparation. As a bonus action, you can replace one spell you have prepared with another spell from your spellbook. You can't use this feature again until you finish a short or long rest.",10,Wizard,Lore Mastery,False,1,,wizard_features.json
Master of Magic,"At 14th level, your knowledge of magic allows you to duplicate almost any spell. As a bonus action, you can call to mind the ability to cast one spell of your choice from any class's spell list. The spell must be of a level for which you have spell slots, you mustn't have it prepared, and you follow the normal rules for casting it, including expending a spell slot. If the spell isn't a wizard spell, it counts as a wizard spell when you cast it. The ability to cast the spell vanishes from your mind when you cast it or when the current turn ends.

You can't use this feature again until you finish a long rest.",14,Wizard,Lore Mastery,False,1,,wizard_features.json
Bonus Proficiencies,"At 2nd level, you learn one language of your choice and gain proficiency with calligrapher’s tools.",2,Wizard,Onomancy (UA),False,,,wizard_features.json
Extract Name,"At 2nd level, you can magically compel a creature to divulge its true name. As a bonus action, you target one creature you can see within 60 feet of you. The target must make a Wisdom saving throw against your spell save DC. On a successful save, you discern that this magic failed, and you can’t use this feature on the target again. On a failed save, the target is charmed by you until the end of your next turn, and you mentally learn the charmed target’s name or the fact that the target lacks a name.

You can use this feature a number of times equal to your Intelligence modifier (minimum of once), and you regain all expended uses of it when you finish a long rest.",2,Wizard,Onomancy (UA),False,,,wizard_features.json
Fateful Naming,"Starting at 2nd level, you can bend magic to assist or hinder creatures through the power of their true names, and even use those names as an anchor to affect others around them. The Bane and Bless spells are wizard spells for you, and you add them to your spellbook. You always have them prepared, yet they don’t count against the number of spells you can prepare.

You can cast either spell without expending a spell slot if you speak the true name of one target of the spell as part of casting it. You can cast the spells in this way a number of times equal to your Intelligence modifier (a minimum of once), and you regain all expended uses when you finish a long rest.",2,Wizard,Onomancy (UA),False,,,wizard_features.json
Resonant Utterance,"At 6th level, you learn words of power called Resonants, which allow you to tailor your spells through the use of a target’s true name.

Resonants Known. When you gain this feature, you learn two Resonants of your choice, which are detailed in the “Resonant Options” section. Each time you gain a level in this class, you can replace one resonant you know with a different one.

Using a Resonant. You can use one Resonant when you cast a wizard spell with a spell slot and speak the true name of one creature targeted by the spell. Speaking the name is part of casting the spell.

You can use Resonants a number of times equal to half of your wizard level (round down), and you regain all expended uses when you finish a long rest.

Resonant Options. Here are your options when choosing a Resonant:

• Absorption. When you cast a spell that deals damage to the named target, you gain 3d6 temporary hit points. The number of temporary hit points you gain increases by 1d6 when you reach 10th level (4d6) and 14th level (5d6) in this class.

• Devastation. If the spell requires the named creature to make a saving throw, that creature has disadvantage on the first save it makes against the spell.

• Dissolution. The first time the named creature takes damage from the spell, that creature takes an extra 2d8 force damage. The extra force damage increases by 1d8 when you reach 10th level (3d8) and 14th level (4d8) in this class.

• Nullification. If the named target is affected by any other spells, you know what those spells are, and you can attempt to end one of your choice by succeeding on an Intelligence check with a DC equal to 10 + the level of the chosen spell.

• Puppetry. The first time the named creature takes damage from the spell, you can knock the creature prone or move it up to 10 feet, either directly toward you or away from you.

• Sympathy. If the named creature is within range of the spell, you can target the creature with the spell even if you can’t see the creature or it has total cover against the spell.",6,Wizard,Onomancy (UA),False,,,wizard_features.json
Inexorable Pronouncement,"At 10th level, you learn two new Resonants of your choice from your Resonant Utterance feature.",10,Wizard,Onomancy (UA),False,,,wizard_features.json
Relentless Naming,"At 14th level, you have learned how to bypass a named creature’s defenses against certain types of damage. When you cast a spell that deals damage to a creature whose true name you speak as part of casting the spell, you can cause the spell to deal force or psychic damage to the creature, instead of the spell’s normal damage type.",14,Wizard,Onomancy (UA),False,,,wizard_features.json
Wizardly Quill,"At 2nd level, as a bonus action, you can magically create a Tiny quill in your free hand. The magic quill has the following properties:

• The quill doesn’t require ink. When you write with it, it produces ink in a color of your choice on the writing surface.

• The gold and time you must spend to copy a spell into your spellbook are halved if you use the quill for the transcription.

• You can erase anything you write with the quill if you wave the feather over the text as a bonus action, provided the text is within 5 feet of you.

This quill disappears if you create another one or if you die.",2,Wizard,Order Of Scribes (UA),False,,,wizard_features.json
Awakened Spellbook,"Using specially prepared inks and ancient incantations passed down by your wizardly order, you have awakened an arcane sentience within your spellbook.

At 2nd level, while you are holding the book, it grants you the following benefits:

• You can use the book as a spellcasting focus for your wizard spells.

• When you cast a wizard spell with a spell slot, you can temporarily replace its damage type with the damage type of another spell in your spellbook, as your spellbook magically alters the spell’s formula for this casting.

• When you cast a wizard spell as a ritual, you can use the spell’s normal casting time, rather than adding 10 minutes to it. Once you use this benefit, you can’t do so again until you finish a long rest.

If necessary, you can replace the book over the course of a short rest by using your Wizardly Quill to write arcane sigils in a blank book or a magic spellbook to which you’re attuned. At the end of the rest, your spellbook’s consciousness is summoned into the new book, which the consciousness transforms into your spellbook, along with all its spells. If the previous book still existed somewhere, all the spells vanish from its pages.",2,Wizard,Order Of Scribes (UA),False,,,wizard_features.json
Master Scrivener,"At 6th level, whenever you finish a long rest, you can create one magic scroll by touching your Wizardly Quill to a blank piece of paper or parchment and causing one spell from your Awakened Spellbook to be copied onto the scroll. The spellbook must be within 5 feet of you when you make the scroll.

The chosen spell must be of 1st or 2nd level and must have a casting time of 1 action. Once in the scroll, the spell’s power is enhanced, counting as one level higher than normal. You can cast the spell from the scroll by reading it as an action. The scroll is unintelligible to anyone else, and the spell vanishes from the scroll when you cast it or when you finish your next long rest.

You are also adept at crafting spell scrolls, which are described in chapter 7 of the Dungeon Master’s Guide. The gold and time you must spend to make such a scroll are halved if you use your Wizardly Quill.",6,Wizard,Order Of Scribes (UA),False,,,wizard_features.json
Manifest Mind,"At 10th level, you are now able to conjure forth the mind of your Awakened Spellbook. As a bonus action while the book is on your person, you can cause the mind to manifest as a Tiny spectral construct, hovering in an unoccupied space of your choice within 60 feet of you. This presence is intangible and doesn’t occupy its space, and it sheds dim light in a 10-foot radius. It looks like a ghostly tome, a cascade of text, or a scholar from the past (your choice). The spectral mind has a number of hit points equal to your wizard level plus your Intelligence modifier, and it uses your Armor Class and saving throw modifiers.

While manifested, the spectral mind can hear and see, and it has darkvision with a range of 60 feet. As an action, you can hear and see using the its senses, instead of your own, until your concentration ends (as if concentrating on a spell).

Whenever you cast a wizard spell on your turn, you can cast it as if you were in the spectral mind’s space, instead of your own, using its senses. You can do so a number of times per day equal to your proficiency bonus, and you regain all expended uses when you finish a long rest.

As a bonus action, you can cause the spectral mind to hover up to 30 feet to an unoccupied space that you or it can see. It can pass through creatures but not objects. The spectral mind stops manifesting if it is ever more than 300 feet away from you, if it drops to 0 hit points, if you die, or if you dismiss it as a bonus action.",10,Wizard,Order Of Scribes (UA),False,,,wizard_features.json
One with the Word,"At 14th level, your connection to your Awakened Spellbook has become so profound that your soul has become entwined with it. While you are holding the book and its spectral mind is manifest, you can take an action to cause the two of you to teleport, swapping places. You can teleport in this way a number of times equal to your proficiency bonus, and you regain all expended uses when you finish a long rest.

Moreover, if you die but at least one spell remains in your Awakened Spellbook, you can return to life 1 minute later within 5 feet of the book. You revive with 1 hit point. Then roll 3d6. The book loses spells of your choice that have a combined spell level equal to that roll or higher. For example, if the roll’s total is 9, spells vanish from the book that have a combined level of at least 9, which could mean one 9th-level spell, three 3rd-level spells, or some other combination.

Thereafter, you are incapable of casting the lost spells, even if you find them on a scroll or in another spellbook. The only way to restore your ability to cast one of the lost spells is through the wish spell, which can restore one spell to the book per casting.",14,Wizard,Order Of Scribes (UA),False,,,wizard_features.json
Psionic Focus,"At 2nd level, you have learned to channel psionic energy through a special object: a psionic focus. You gain the object with this feature. While your psionic focus is on your person, you gain the following benefits:

• The object is a spellcasting focus for you.

• When you roll psychic or force damage for any of your wizard spells, you can reroll any of those damage dice that rolls a 1, but you must use the new roll.

• If your psionic focus is lost, you can magically recreate it by meditating for 1 hour during a short or long rest, at the end of which the focus appears in your hand.

Every member of the Psionics tradition has a story about how their psionic focus came into their life. Consider how you found yours and what form it takes. The event that brought your psionic focus to you probably holds personal significance. Did your master give it to you upon the completion of your apprenticeship? Was it awarded to you when you graduated from your academy of wizardry? Did it call to you in a jeweler's shop? Was it associated with the moment when your psionic powers first manifested? One morning, did you wake up with it humming under your pillow? The form your psionic focus takes is also yours to define, likely being a reflection of how your magic came into being, a symbol of your own psyche, or an item you use to focus your thoughts. It is a handheld object that has special meaning to you, but that can't be a weapon or magic item. Perhaps it's a childhood memento, the skull of an alien creature, a crystal that makes you feel a certain way, a coin that only lands on its edge, a firescarred planchette, or any other enigmatic personal relic.

However the object arrived, and whatever form it takes, your psionic focus is now yours, and you decide how to handle it. Will you mount it on a wand or staff? Would you prefer to wear it on a necklace or circlet? Have you embedded it into the cover of your spellbook? Wherever you put it, you can now channel your magic through it, and it is a sign of your membership in the revered tradition of psionic wizardry.",2,Wizard,Psionics (UA),False,,,wizard_features.json
Psionic Devotion,"Starting at 2nd level, your study of psionics begins to unleash your mind's potential. When you gain this feature, choose one of the following cantrips: Friends, Mage Hand, or Message. You learn that cantrip if you don't already know it, and it doesn't count against the number of wizard cantrips you know.

While your psionic focus is on your person, you can cast the chosen cantrip as a bonus action, requiring no components, and with the modification listed below.

Friends. When the spell ends, the target doesn't become hostile to you.

Mage Hand. You can make the hand invisible when you cast the spell, and controlling the spell is a bonus action for you.

Message. You don't need to point toward the target or whisper your message out loud.",2,Wizard,Psionics (UA),False,,,wizard_features.json
Thought Form,"At 6th level, while you are carrying your psionic focus, you can use a bonus action to magically transform your body into pure psionic energy. The transformation lasts for 10 minutes, until you use a bonus action to assume your normal form, or until you are incapacitated or die.

While in thought form, you are a figure of luminous psychic energy, with your psionic focus hovering within. Your form can appear as anything you wish, but it is obviously magical, is the same size as you, and sheds dim light in a 5-foot radius. Any other equipment you are wearing or carrying transforms with you and melds into your thought form. You also gain the following benefits.

Psionic Spellcasting. When you cast a spell while in thought form, you can cast the spell psionically. If you do so, the spell doesn't require verbal, somatic, or material components that lack a gold cost.

Psychic Resilience. You gain resistance to psychic damage and to bludgeoning, piercing, and slashing damage from nonmagical attacks.

You can transform using this feature a number of times equal to your Intelligence modifier (minimum of once), and you regain all expended uses when you finish a long rest.",6,Wizard,Psionics (UA),False,,,wizard_features.json
Empowered Psionics,"At 10th level, when you deal psychic or force damage with a wizard spell, you can add your Intelligence modifier to the damage against one of the spell's targets.",10,Wizard,Psionics (UA),False,,,wizard_features.json
Mental Discipline,"Starting at 10th level, your mind's power expands to greater heights. When you gain this feature, choose one of the following spells: Dominate Person, Scrying, or Telekinesis. You can add the spell to your spellbook, and you can cast it without components. You can also cast the chosen spell once without expending a spell slot. After you do so, you regain the ability to cast the spell without a slot when you finish a long rest.",10,Wizard,Psionics (UA),False,,,wizard_features.json
Thought Travel,"Starting at 14th level, while using your Thought Form, you have a flying speed equal to your walking speed and can hover, and you can move through other creatures and objects as if they were difficult terrain.

You take 1d10 force damage if you end your turn inside an object. If you return to your normal form while inside an object, you are shunted to the nearest unoccupied space, and you take 1d10 force damage for every 5 feet traveled.",14,Wizard,Psionics (UA),False,,,wizard_features.json
Bonus Proficiencies,"Beginning when you select this arcane tradition at 2nd level, you gain proficiency with sidearms and hacking tools.",2,Wizard,Technomancy (UA),False,,,wizard_features.json
Technological Savant,"Also at 2nd level, you trade out your spellbook for a specially attuned storage device of your choosing, capable of recording magical data. The computing power of this device must be equal to or greater than a tablet computer. Only one storage device can be attuned to you at any given time. Spells can be copied into this device at half the cost of copying spells into a spellbook.",2,Wizard,Technomancy (UA),False,,,wizard_features.json
Program Spell,"At 6th level, you can insert a spell within an electronic device of your choosing, so that by touching a key or flicking a switch using an action, the spell activates. All variables of the spell are set at the time of casting. The computing power of this device must be equal to or greater than a mobile phone.

A programmed spell remains placed in its device for 48 hours, and is gone once it is discharged. You can use this feature to place a programmed spell in only one device at a time, and a device can hold only one programmed spell. Only you can activate the programmed spell in the device. If the device is destroyed, the programmed spell is lost.

A concentration spell placed in a device cannot be activated while you are concentrating on another spell. Once you use this feature, you can’t use it again until you finish a long rest.",6,Wizard,Technomancy (UA),False,1,,wizard_features.json
Online Casting,"At 10th level, you can cast spells through networked electronic devices, including cameras, mobile phones, and computers. For example, if a creature is under the observation of a security camera and you can see the video feed from that camera on a computer, you can cast a spell into the computer and out through the security camera to target that creature.

If the spell requires the caster to be seen, the target must see you or a live image of you. If the spell requires the caster to be heard, the target must be able to hear you or a live audio transmission of you. The spell’s range is determined using the distance from you to your device, and then from the target to its device. You must be able to see or otherwise determine the location of the target. This feature can be used to cast only spells that target specific creatures. Spells that affect an area are not subject to online casting.

This feature can be used a number of times per day equal to your Intelligence modifier (minimum of once).",10,Wizard,Technomancy (UA),False,,,wizard_features.json
Chained Device,"By 14th level, you have learned to imprint vestiges of your consciousness on electronic devices with significant computing power. When you cast a concentration spell, you can use a device whose computing power is equal to or greater than a tablet computer to maintain concentration of the spell on your behalf. The device must be held or worn by you to maintain this effect. If the device is destroyed, taken from you, dropped, or turned off, the concentration ends. Once you use this feature, you can’t use it again until you finish a long rest.",14,Wizard,Technomancy (UA),False,1,,wizard_features.json
Divine Inspiration,"When you choose this tradition at 2nd level, choose a cleric domain from your chosen deity’s list of eligible domains. The Knowledge and Light domains are especially appropriate choices for a theurgist.",2,Wizard,Theurgy (UA),False,,,wizard_features.json
Arcane Initiate,"Beginning when you select this tradition at 2nd level, whenever you gain a wizard level, you can replace one of the wizard spells you add to your spellbook with a cleric domain spell for your chosen domain. The spell must be of a level for which you have spell slots.

If you add all of your domain spells to your spellbook, you can subsequently add any spell from the cleric spell list instead. The spell must still be of a level for which you have spell slots.

Any cleric spell you gain from this feature is considered a wizard spell for you, but other wizards can’t copy cleric spells from your spellbook into their own spellbooks.",2,Wizard,Theurgy (UA),False,,,wizard_features.json
Channel Arcana,"At 2nd level, you gain the ability to channel arcane energy directly from your deity, using that energy to fuel magical effects. You start with two such effects: Divine Arcana and the Channel Divinity option granted at 2nd level by your chosen domain. You employ that Channel Divinity option by using your Channel Arcana ability.

When you use your Channel Arcana, you choose which effect to create. You must then finish a short or long rest to use your Channel Arcana again.

Some Channel Arcana effects require saving throws. When you use such an effect, the save DC equals your wizard spell save DC.

Beginning at 6th level, you can use your Channel Arcana twice between rests, and beginning at 18th level, you can use it three times between rests. When you finish a short or long rest, you regain your expended uses.

If you gain additional Channel Divinity options from your domain, you can employ them by using your Channel Arcana feature.",2,Wizard,Theurgy (UA),False,3,,wizard_features.json
Channel Arcana: Divine Arcana,"As a bonus action, you speak a prayer to control the flow of magic around you. The next spell you cast gains a +2 bonus to any attack roll you make for it or to its saving throw DC, as appropriate.",3,Wizard,Theurgy (UA),False,,,wizard_features.json
Arcane Acolyte,"At 6th level, you gain your chosen domain’s 1st-level benefits. However, you do not gain any weapon or armor proficiencies from the domain.",6,Wizard,Theurgy (UA),False,,,wizard_features.json
Arcane Priest,"At 10th level, you gain your chosen domain’s 6th-level benefits. Your faith and your understanding of magic allow you to delve into your god’s secrets.",10,Wizard,Theurgy (UA),False,,,wizard_features.json
Arcane High Priest,"At 14th level, you gain your chosen domain’s 17th-level benefits. Your academic nature and understanding of magic and doctrine allow you to master this ability sooner than a cleric of your domain.",14,Wizard,Theurgy (UA),False,,,wizard_features.json
Ability Score Improvement,"When you reach 4th level, 8th, 12th, 16th, and 19th level, you can increase one ability score of your choice by 2, or you can increase two ability scores of your choice by 1. As normal, you can't increase an ability score above 20 using this feature.",4,Artificer,,False,,,shared.json
Ability Score Improvement,"When you reach 4th level, 8th, 12th, 16th, and 19th level, you can increase one ability score of your choice by 2, or you can increase two ability scores of your choice by 1. As normal, you can't increase an ability score above 20 using this feature.",4,Barbarian,,False,,,shared.json
Ability Score Improvement,"When you reach 4th level, 8th, 12th, 16th, and 19th level, you can increase one ability score of your choice by 2, or you can increase two ability scores of your choice by 1. As normal, you can't increase an ability score above 20 using this feature.",4,Bard,,False,,,shared.json
Ability Score Improvement,"When you reach 4th level, 8th, 12th, 16th, and 19th level, you can increase one ability score of your choice by 2, or you can increase two ability scores of your choice by 1. As normal, you can't increase an ability score above 20 using this feature.",4,Blood Hunter,,False,,,shared.json
Ability Score Improvement,"When you reach 4th level, 8th, 12th, 16th, and 19th level, you can increase one ability score of your choice by 2, or you can increase two ability scores of your choice by 1. As normal, you can't increase an ability score above 20 using this feature.",4,Cleric,,False,,,shared.json
Ability Score Improvement,"When you reach 4th level, 8th, 12th, 16th, and 19th level, you can increase one ability score of your choice by 2, or you can increase two ability scores of your choice by 1. As normal, you can't increase an ability score above 20 using this feature.",4,Druid,,False,,,shared.json
Ability Score Improvement,"When you reach 4th level, 8th, 12th, 16th, and 19th level, you can increase one ability score of your choice by 2, or you can increase two ability scores of your choice by 1. As normal, you can't increase an ability score above 20 using this feature.",4,Fighter,,False,,,shared.json
Ability Score Improvement,"When you reach 4th level, 8th, 12th, 16th, and 19th level, you can increase one ability score of your choice by 2, or you can increase two ability scores of your choice by 1. As normal, you can't increase an ability score above 20 using this feature.",4,Monk,,False,,,shared.json
Ability Score Improvement,"When you reach 4th level, 8th, 12th, 16th, and 19th level, you can increase one ability score of your choice by 2, or you can increase two ability scores of your choice by 1. As normal, you can't increase an ability score above 20 using this feature.",4,Mystic,,False,,,shared.json
Ability Score Improvement,"When you reach 4th level, 8th, 12th, 16th, and 19th level, you can increase one ability score of your choice by 2, or you can increase two ability scores of your choice by 1. As normal, you can't increase an ability score above 20 using this feature.",4,Paladin,,False,,,shared.json
Ability Score Improvement,"When you reach 4th level, 8th, 12th, 16th, and 19th level, you can increase one ability score of your choice by 2, or you can increase two ability scores of your choice by 1. As normal, you can't increase an ability score above 20 using this feature.",4,Ranger,,False,,,shared.json
Ability Score Improvement,"When you reach 4th level, 8th, 12th, 16th, and 19th level, you can increase one ability score of your choice by 2, or you can increase two ability scores of your choice by 1. As normal, you can't increase an ability score above 20 using this feature.",4,Rogue,,False,,,shared.json
Ability Score Improvement,"When you reach 4th level, 8th, 12th, 16th, and 19th level, you can increase one ability score of your choice by 2, or you can increase two ability scores of your choice by 1. As normal, you can't increase an ability score above 20 using this feature.",4,Sorcerer,,False,,,shared.json
Ability Score Improvement,"When you reach 4th level, 8th, 12th, 16th, and 19th level, you can increase one ability score of your choice by 2, or you can increase two ability scores of your choice by 1. As normal, you can't increase an ability score above 20 using this feature.",4,Warlock,,False,,,shared.json
Ability Score Improvement,"When you reach 4th level, 8th, 12th, 16th, and 19th level, you can increase one ability score of your choice by 2, or you can increase two ability scores of your choice by 1. As normal, you can't increase an ability score above 20 using this feature.",4,Wizard,,False,,,shared.json
Ancient Companion,"You learn to call on the spirits of the ancient dead and house them temporarily in the remnants of old statues, so they may remain longer on this plane to bolster your studies and aid you in battle.

Whenever you finish a short or long rest, you can call forth and bond with one such spirit, who comes to inhabit a Medium, freestanding statue within 10 feet of you to serve as your ancient companion. See this creature’s game statistics in the Ancient Companion stat block, which uses your proficiency bonus (PB) in several places. When you bond with your ancient companion, choose the type of spirit you bond with: Healer, Sage, or Warrior. Your choice of spirit determines certain traits in its stat block. The statue determines the spirit’s appearance.

The ancient companion is friendly to you and your companions and obeys your commands. In combat, the companion shares your initiative count, but it takes its turn immediately after yours. It can move and use its reaction on its own, but the only action it takes on its turn is the Dodge action, unless you take a bonus action on your turn to command it to take another action. That action can be one in its stat block or some other action. If you are incapacitated, the companion can take any action of its choice, not just Dodge.

As an action, you can touch the ancient companion and expend a spell slot of 1st-level or higher. The ancient companion regains a number of hit points equal to 10 times the level of spell slot expended.

The companion perishes when it drops to 0 hit points, when you bond with a new ancient companion at the end of a short or long rest, or when you die. When the companion perishes, the spirit within returns to its plane of origin, and the statue becomes an inert object.",1,Bard,Mage of Lorehold (UA),False,,"Unearthed Arcana 79 - Mages of Strixhaven Classes: Bard, Warlock, Wizard",shared.json
Ancient Companion,"You learn to call on the spirits of the ancient dead and house them temporarily in the remnants of old statues, so they may remain longer on this plane to bolster your studies and aid you in battle.

Whenever you finish a short or long rest, you can call forth and bond with one such spirit, who comes to inhabit a Medium, freestanding statue within 10 feet of you to serve as your ancient companion. See this creature’s game statistics in the Ancient Companion stat block, which uses your proficiency bonus (PB) in several places. When you bond with your ancient companion, choose the type of spirit you bond with: Healer, Sage, or Warrior. Your choice of spirit determines certain traits in its stat block. The statue determines the spirit’s appearance.

The ancient companion is friendly to you and your companions and obeys your commands. In combat, the companion shares your initiative count, but it takes its turn immediately after yours. It can move and use its reaction on its own, but the only action it takes on its turn is the Dodge action, unless you take a bonus action on your turn to command it to take another action. That action can be one in its stat block or some other action. If you are incapacitated, the companion can take any action of its choice, not just Dodge.

As an action, you can touch the ancient companion and expend a spell slot of 1st-level or higher. The ancient companion regains a number of hit points equal to 10 times the level of spell slot expended.

The companion perishes when it drops to 0 hit points, when you bond with a new ancient companion at the end of a short or long rest, or when you die. When the companion perishes, the spirit within returns to its plane of origin, and the statue becomes an inert object.",1,Warlock,Mage of Lorehold (UA),False,,"Unearthed Arcana 79 - Mages of Strixhaven Classes: Bard, Warlock, Wizard",shared.json
Ancient Companion,"You learn to call on the spirits of the ancient dead and house them temporarily in the remnants of old statues, so they may remain longer on this plane to bolster your studies and aid you in battle.

Whenever you finish a short or long rest, you can call forth and bond with one such spirit, who comes to inhabit a Medium, freestanding statue within 10 feet of you to serve as your ancient companion. See this creature’s game statistics in the Ancient Companion stat block, which uses your proficiency bonus (PB) in several places. When you bond with your ancient companion, choose the type of spirit you bond with: Healer, Sage, or Warrior. Your choice of spirit determines certain traits in its stat block. The statue determines the spirit’s appearance.

The ancient companion is friendly to you and your companions and obeys your commands. In combat, the companion shares your initiative count, but it takes its turn immediately after yours. It can move and use its reaction on its own, but the only action it takes on its turn is the Dodge action, unless you take a bonus action on your turn to command it to take another action. That action can be one in its stat block or some other action. If you are incapacitated, the companion can take any action of its choice, not just Dodge.

As an action, you can touch the ancient companion and expend a spell slot of 1st-level or higher. The ancient companion regains a number of hit points equal to 10 times the level of spell slot expended.

The companion perishes when it drops to 0 hit points, when you bond with a new ancient companion at the end of a short or long rest, or when you die. When the companion perishes, the spirit within returns to its plane of origin, and the statue becomes an inert object.",1,Wizard,Mage of Lorehold (UA),False,,"Unearthed Arcana 79 - Mages of Strixhaven Classes: Bard, Warlock, Wizard",shared.json
Cantrip Versatility,"Whenever you reach a level in this class that grants the Ability Score Improvement feature, you can replace one cantrip you learned from this class's Spellcasting feature with another cantrip from the cleric spell list.",4,Cleric,,False,,,shared.json
Cantrip Versatility,"Whenever you reach a level in this class that grants the Ability Score Improvement feature, you can replace one cantrip you learned from this class's Spellcasting feature with another cantrip from the cleric spell list.",4,Druid,,False,,,shared.json
Creative Skills,"You gain proficiency in two of the following skills of your choice: Acrobatics, Athletics, Nature, or Performance.",1,Druid,Mage of Prismari (UA),False,,"Unearthed Arcana 79 - Mages of Strixhaven Classes: Druid, Sorcerer, Wizard",shared.json
Creative Skills,"You gain proficiency in two of the following skills of your choice: Acrobatics, Athletics, Nature, or Performance.",1,Sorcerer,Mage of Prismari (UA),False,,"Unearthed Arcana 79 - Mages of Strixhaven Classes: Druid, Sorcerer, Wizard",shared.json
Creative Skills,"You gain proficiency in two of the following skills of your choice: Acrobatics, Athletics, Nature, or Performance.",1,Wizard,Mage of Prismari (UA),False,,"Unearthed Arcana 79 - Mages of Strixhaven Classes: Druid, Sorcerer, Wizard",shared.json
Eloquent Apprentice,"You learn one cantrip of your choice, either Sacred Flame or Vicious Mockery. It doesn’t count against the number of cantrips you know, and it is added to your class spell list if it isn’t there already.

Additionally, you gain proficiency in your choice of two of the following skills: Deception, Intimidation, Performance, Persuasion, or Insight.",1,Bard,Mage of Silverquill (UA),False,,"Unearthed Arcana 79 - Mages of Strixhaven Classes: Bard, Warlock, or Wizard",shared.json
Eloquent Apprentice,"You learn one cantrip of your choice, either Sacred Flame or Vicious Mockery. It doesn’t count against the number of cantrips you know, and it is added to your class spell list if it isn’t there already.

Additionally, you gain proficiency in your choice of two of the following skills: Deception, Intimidation, Performance, Persuasion, or Insight.",1,Warlock,Mage of Silverquill (UA),False,,"Unearthed Arcana 79 - Mages of Strixhaven Classes: Bard, Warlock, or Wizard",shared.json
Eloquent Apprentice,"You learn one cantrip of your choice, either Sacred Flame or Vicious Mockery. It doesn’t count against the number of cantrips you know, and it is added to your class spell list if it isn’t there already.

Additionally, you gain proficiency in your choice of two of the following skills: Deception, Intimidation, Performance, Persuasion, or Insight.",1,Wizard,Mage of Silverquill (UA),False,,"Unearthed Arcana 79 - Mages of Strixhaven Classes: Bard, Warlock, or Wizard",shared.json
Essence Tap,"As a bonus action, you can draw on a reservoir of life essence to empower yourself for 1 minute, or until you use this feature again. For the duration, you gain one of the following benefits of your choice:

Overgrowth. When you choose this benefit, and as a bonus action on subsequent turns while the benefit lasts, you can expend and roll one Hit Die. You regain a number of hit points equal to the number rolled plus your spellcasting ability modifier.

Withering Strike. When you deal damage, you can change the damage type to necrotic, and you ignore resistance to necrotic damage.

You can use this feature a number of times equal to your proficiency bonus, and you regain all expended uses when you finish a long rest.",1,Druid,Mage Of Witherbloom (UA),False,,"Unearthed Arcana 79 - Mages of Strixhaven Classes: Druid, Warlock",shared.json
Essence Tap,"As a bonus action, you can draw on a reservoir of life essence to empower yourself for 1 minute, or until you use this feature again. For the duration, you gain one of the following benefits of your choice:

Overgrowth. When you choose this benefit, and as a bonus action on subsequent turns while the benefit lasts, you can expend and roll one Hit Die. You regain a number of hit points equal to the number rolled plus your spellcasting ability modifier.

Withering Strike. When you deal damage, you can change the damage type to necrotic, and you ignore resistance to necrotic damage.

You can use this feature a number of times equal to your proficiency bonus, and you regain all expended uses when you finish a long rest.",1,Warlock,Mage Of Witherbloom (UA),False,,"Unearthed Arcana 79 - Mages of Strixhaven Classes: Druid, Warlock",shared.json
Extra Attack,"Starting at 5th level, you can attack twice, rather than once, whenever you take the Attack action on your turn.",5,Artificer,Armorer,False,,Tasha's Cauldron of Everything,shared.json
Extra Attack,"Starting at 5th level, you can attack twice, rather than once, whenever you take the Attack action on your turn.",5,Artificer,Armorer (UA),False,,Tasha's Cauldron of Everything,shared.json
Extra Attack,"Starting at 5th level, you can attack twice, rather than once, whenever you take the Attack action on your turn.",5,Artificer,Battle Smith,False,,Tasha's Cauldron of Everything,shared.json
Extra Attack,"Starting at 5th level, you can attack twice, rather than once, whenever you take the Attack action on your turn.",5,Barbarian,,False,,Tasha's Cauldron of Everything,shared.json
Extra Attack,"Starting at 5th level, you can attack twice, rather than once, whenever you take the Attack action on your turn.",5,Bard,College of Swords,False,,Tasha's Cauldron of Everything,shared.json
Extra Attack,"Starting at 5th level, you can attack twice, rather than once, whenever you take the Attack action on your turn.",5,Bard,College of Valor,False,,Tasha's Cauldron of Everything,shared.json
Extra Attack,"Starting at 5th level, you can attack twice, rather than once, whenever you take the Attack action on your turn.",5,Blood Hunter,,False,,Tasha's Cauldron of Everything,shared.json
Extra Attack,"Starting at 5th level, you can attack twice, rather than once, whenever you take the Attack action on your turn.",5,Monk,,False,,Tasha's Cauldron of Everything,shared.json
Extra Attack,"Starting at 5th level, you can attack twice, rather than once, whenever you take the Attack action on your turn.",5,Paladin,,False,,Tasha's Cauldron of Everything,shared.json
Extra Attack,"Starting at 5th level, you can attack twice, rather than once, whenever you take the Attack action on your turn.",5,Ranger,,False,,Tasha's Cauldron of Everything,shared.json
Extra Attack,"Starting at 5th level, you can attack twice, rather than once, whenever you take the Attack action on your turn.",5,Ranger,Fey Wanderer (UA),False,,Tasha's Cauldron of Everything,shared.json
Extra Attack,"Starting at 5th level, you can attack twice, rather than once, whenever you take the Attack action on your turn.",5,Sorcerer,Favored Soul (UA),False,,Tasha's Cauldron of Everything,shared.json
Favored Medium,"You have honed your forms of elemental expression to best suit your ideas. Choose one of the following damage types: cold, fire, or lightning. You gain resistance to that damage type.

Additionally, when you cast a spell using a spell slot that deals the chosen damage type, you emit a spectacular aura of artistry, which extends 5 feet from you in every direction (but not through total cover) and lasts until the end of your next turn. While the aura is active, each creature of your choice has resistance to your chosen damage type while within the aura, as you shape your favored elemental medium around them.

You can change your choice of damage type whenever you finish a long rest.",6,Druid,Mage of Prismari (UA),False,,"Unearthed Arcana 79 - Mages of Strixhaven Classes: Druid, Sorcerer, Wizard",shared.json
Favored Medium,"You have honed your forms of elemental expression to best suit your ideas. Choose one of the following damage types: cold, fire, or lightning. You gain resistance to that damage type.

Additionally, when you cast a spell using a spell slot that deals the chosen damage type, you emit a spectacular aura of artistry, which extends 5 feet from you in every direction (but not through total cover) and lasts until the end of your next turn. While the aura is active, each creature of your choice has resistance to your chosen damage type while within the aura, as you shape your favored elemental medium around them.

You can change your choice of damage type whenever you finish a long rest.",6,Sorcerer,Mage of Prismari (UA),False,,"Unearthed Arcana 79 - Mages of Strixhaven Classes: Druid, Sorcerer, Wizard",shared.json
Favored Medium,"You have honed your forms of elemental expression to best suit your ideas. Choose one of the following damage types: cold, fire, or lightning. You gain resistance to that damage type.

Additionally, when you cast a spell using a spell slot that deals the chosen damage type, you emit a spectacular aura of artistry, which extends 5 feet from you in every direction (but not through total cover) and lasts until the end of your next turn. While the aura is active, each creature of your choice has resistance to your chosen damage type while within the aura, as you shape your favored elemental medium around them.

You can change your choice of damage type whenever you finish a long rest.",6,Wizard,Mage of Prismari (UA),False,,"Unearthed Arcana 79 - Mages of Strixhaven Classes: Druid, Sorcerer, Wizard",shared.json
Focused Expression,"Honing your talents, you skillfully infuse your motions with even more potent expressions of elemental might. Once per turn when you deal damage to at least one target, you gain an additional effect determined by the damage type chosen for your Favored Medium feature:

Cold. One of the targets of your choice takes an additional 1d6 cold damage and must make a Constitution saving throw against your spell save DC. On a failed save, the target’s speed is reduced by 10 feet until the end of its next turn, as ice mires it. A target can be affected by the ice only once per round.

Fire. One of the targets of your choice takes an additional 1d6 fire damage. Fortifying flames then dance around one creature of your choice within 30 feet of you. The chosen creature gains 1d6 temporary hit points.

Lightning. One of the targets of your choice takes an additional 1d6 lightning damage and must make a Dexterity saving throw against your spell save DC. On a failed save, the target is unable to take reactions until the end of its next turn, as residual lightning shocks its form.",10,Druid,Mage of Prismari (UA),False,,"Unearthed Arcana 79 - Mages of Strixhaven Classes: Druid, Sorcerer, Wizard",shared.json
Focused Expression,"Honing your talents, you skillfully infuse your motions with even more potent expressions of elemental might. Once per turn when you deal damage to at least one target, you gain an additional effect determined by the damage type chosen for your Favored Medium feature:

Cold. One of the targets of your choice takes an additional 1d6 cold damage and must make a Constitution saving throw against your spell save DC. On a failed save, the target’s speed is reduced by 10 feet until the end of its next turn, as ice mires it. A target can be affected by the ice only once per round.

Fire. One of the targets of your choice takes an additional 1d6 fire damage. Fortifying flames then dance around one creature of your choice within 30 feet of you. The chosen creature gains 1d6 temporary hit points.

Lightning. One of the targets of your choice takes an additional 1d6 lightning damage and must make a Dexterity saving throw against your spell save DC. On a failed save, the target is unable to take reactions until the end of its next turn, as residual lightning shocks its form.",10,Sorcerer,Mage of Prismari (UA),False,,"Unearthed Arcana 79 - Mages of Strixhaven Classes: Druid, Sorcerer, Wizard",shared.json
Focused Expression,"Honing your talents, you skillfully infuse your motions with even more potent expressions of elemental might. Once per turn when you deal damage to at least one target, you gain an additional effect determined by the damage type chosen for your Favored Medium feature:

Cold. One of the targets of your choice takes an additional 1d6 cold damage and must make a Constitution saving throw against your spell save DC. On a failed save, the target’s speed is reduced by 10 feet until the end of its next turn, as ice mires it. A target can be affected by the ice only once per round.

Fire. One of the targets of your choice takes an additional 1d6 fire damage. Fortifying flames then dance around one creature of your choice within 30 feet of you. The chosen creature gains 1d6 temporary hit points.

Lightning. One of the targets of your choice takes an additional 1d6 lightning damage and must make a Dexterity saving throw against your spell save DC. On a failed save, the target is unable to take reactions until the end of its next turn, as residual lightning shocks its form.",10,Wizard,Mage of Prismari (UA),False,,"Unearthed Arcana 79 - Mages of Strixhaven Classes: Druid, Sorcerer, Wizard",shared.json
Functions of Probability,"By iterating on the mathematical patterns of reality, you can nudge chance to tilt around a creature. When you cast a spell using a spell slot that targets at least one creature, you can choose that creature or another creature within 30 feet of it (including yourself) and add one of the following effects:

Diminishing Function. The chosen creature must succeed on a Wisdom saving throw against your spell save DC, or the creature must roll a d6 and subtract the number rolled from the next attack roll it takes before the start of your next turn.

Supplemental Function. Once before the start of your next turn, the chosen creature can roll a d6 and add the number rolled to an attack roll or a saving throw of its choice. The creature can roll the d6 after rolling the d20 but must decide before any effects of the roll occur.",1,Sorcerer,Mage of Quandrix (UA),False,,"Unearthed Arcana 79 - Mages of Strixhaven Classes: Sorcerer, Wizard",shared.json
Functions of Probability,"By iterating on the mathematical patterns of reality, you can nudge chance to tilt around a creature. When you cast a spell using a spell slot that targets at least one creature, you can choose that creature or another creature within 30 feet of it (including yourself) and add one of the following effects:

Diminishing Function. The chosen creature must succeed on a Wisdom saving throw against your spell save DC, or the creature must roll a d6 and subtract the number rolled from the next attack roll it takes before the start of your next turn.

Supplemental Function. Once before the start of your next turn, the chosen creature can roll a d6 and add the number rolled to an attack roll or a saving throw of its choice. The creature can roll the d6 after rolling the d20 but must decide before any effects of the roll occur.",1,Wizard,Mage of Quandrix (UA),False,,"Unearthed Arcana 79 - Mages of Strixhaven Classes: Sorcerer, Wizard",shared.json
Harness Divine Power,"At 2nd level, you can expend a use of your Channel Divinity to fuel your spells. As a bonus action, you touch your holy symbol, utter a prayer, and regain one expended spell slot, the level of which can be no higher than half your proficiency bonus (rounded up). The number of times you can use this feature is based on the level you've reached in this class: 2nd level, once; 6th level, twice; and 18th level, thrice. You regain all expended uses when you finish a long rest.",2,Cleric,,False,,,shared.json
Harness Divine Power,"At 2nd level, you can expend a use of your Channel Divinity to fuel your spells. As a bonus action, you touch your holy symbol, utter a prayer, and regain one expended spell slot, the level of which can be no higher than half your proficiency bonus (rounded up). The number of times you can use this feature is based on the level you've reached in this class: 2nd level, once; 6th level, twice; and 18th level, thrice. You regain all expended uses when you finish a long rest.",2,Paladin,,False,,,shared.json
History’s Whims,"Through steeping yourself in the chaotic whims of history, you learn how to briefly channel the wild nature of time itself. As a bonus action, you can enter a state of chronal chaos. When you enter this state, and at the start of each of your subsequent turns while in this state, you gain one of the following benefits of your choice:

• Luck. You receive brief flashes of the future, steeling yourself against oncoming assaults. Whenever you make a saving throw against an effect that deals damage, you can roll a d6 and add the number rolled to the total.

• Resistance. You rewind time, knitting together injuries as they occur. You have resistance to bludgeoning, piercing, and slashing damage.

• Swiftness. Time stutters, slowing others but hurtling you forward. Your movement speed increases by 15 feet, and you do not provoke opportunity attacks.

The benefit lasts until the start of your next turn. You cannot choose the same benefit two rounds in a row.

The state lasts for 1 minute and ends early if you’re incapacitated. Once you use this feature, you can’t use it again until you finish a long rest, unless you expend a spell slot of 4th level or higher to use it again.",14,Bard,Mage of Lorehold (UA),False,1,"Unearthed Arcana 79 - Mages of Strixhaven Classes: Bard, Warlock, Wizard",shared.json
History’s Whims,"Through steeping yourself in the chaotic whims of history, you learn how to briefly channel the wild nature of time itself. As a bonus action, you can enter a state of chronal chaos. When you enter this state, and at the start of each of your subsequent turns while in this state, you gain one of the following benefits of your choice:

• Luck. You receive brief flashes of the future, steeling yourself against oncoming assaults. Whenever you make a saving throw against an effect that deals damage, you can roll a d6 and add the number rolled to the total.

• Resistance. You rewind time, knitting together injuries as they occur. You have resistance to bludgeoning, piercing, and slashing damage.

• Swiftness. Time stutters, slowing others but hurtling you forward. Your movement speed increases by 15 feet, and you do not provoke opportunity attacks.

The benefit lasts until the start of your next turn. You cannot choose the same benefit two rounds in a row.

The state lasts for 1 minute and ends early if you’re incapacitated. Once you use this feature, you can’t use it again until you finish a long rest, unless you expend a spell slot of 4th level or higher to use it again.",14,Warlock,Mage of Lorehold (UA),False,1,"Unearthed Arcana 79 - Mages of Strixhaven Classes: Bard, Warlock, Wizard",shared.json
History’s Whims,"Through steeping yourself in the chaotic whims of history, you learn how to briefly channel the wild nature of time itself. As a bonus action, you can enter a state of chronal chaos. When you enter this state, and at the start of each of your subsequent turns while in this state, you gain one of the following benefits of your choice:

• Luck. You receive brief flashes of the future, steeling yourself against oncoming assaults. Whenever you make a saving throw against an effect that deals damage, you can roll a d6 and add the number rolled to the total.

• Resistance. You rewind time, knitting together injuries as they occur. You have resistance to bludgeoning, piercing, and slashing damage.

• Swiftness. Time stutters, slowing others but hurtling you forward. Your movement speed increases by 15 feet, and you do not provoke opportunity attacks.

The benefit lasts until the start of your next turn. You cannot choose the same benefit two rounds in a row.

The state lasts for 1 minute and ends early if you’re incapacitated. Once you use this feature, you can’t use it again until you finish a long rest, unless you expend a spell slot of 4th level or higher to use it again.",14,Wizard,Mage of Lorehold (UA),False,1,"Unearthed Arcana 79 - Mages of Strixhaven Classes: Bard, Warlock, Wizard",shared.json
Impeccable Physicality,"Your relentless dedication and training have instilled an outstanding sense of precision and grace in your art. You gain proficiency in Dexterity saving throws if you do not already have it. Additionally, when you make a Dexterity saving throw, you can treat a d20 roll of a 9 or lower as a 10.",14,Druid,Mage of Prismari (UA),False,,"Unearthed Arcana 79 - Mages of Strixhaven Classes: Druid, Sorcerer, Wizard",shared.json
Impeccable Physicality,"Your relentless dedication and training have instilled an outstanding sense of precision and grace in your art. You gain proficiency in Dexterity saving throws if you do not already have it. Additionally, when you make a Dexterity saving throw, you can treat a d20 roll of a 9 or lower as a 10.",14,Sorcerer,Mage of Prismari (UA),False,,"Unearthed Arcana 79 - Mages of Strixhaven Classes: Druid, Sorcerer, Wizard",shared.json
Impeccable Physicality,"Your relentless dedication and training have instilled an outstanding sense of precision and grace in your art. You gain proficiency in Dexterity saving throws if you do not already have it. Additionally, when you make a Dexterity saving throw, you can treat a d20 roll of a 9 or lower as a 10.",14,Wizard,Mage of Prismari (UA),False,,"Unearthed Arcana 79 - Mages of Strixhaven Classes: Druid, Sorcerer, Wizard",shared.json
Infusion of Eloquence,"When you cast a spell that deals damage, you can invoke additional words of power to change the spell’s damage type to your choice of psychic or radiant. Any creature damaged by the spell takes extra damage equal to your proficiency bonus and has its emotions swayed with despair or adoration, based on the damage type dealt:

Psychic. The creature is frightened of you until the start of your next turn. Radiant. The creature is charmed by you until the start of your next turn.

You can use this feature a number of times equal to your proficiency bonus, and you regain all expended uses when you finish a long rest.",10,Bard,Mage of Silverquill (UA),False,,"Unearthed Arcana 79 - Mages of Strixhaven Classes: Bard, Warlock, or Wizard",shared.json
Infusion of Eloquence,"When you cast a spell that deals damage, you can invoke additional words of power to change the spell’s damage type to your choice of psychic or radiant. Any creature damaged by the spell takes extra damage equal to your proficiency bonus and has its emotions swayed with despair or adoration, based on the damage type dealt:

Psychic. The creature is frightened of you until the start of your next turn. Radiant. The creature is charmed by you until the start of your next turn.

You can use this feature a number of times equal to your proficiency bonus, and you regain all expended uses when you finish a long rest.",10,Warlock,Mage of Silverquill (UA),False,,"Unearthed Arcana 79 - Mages of Strixhaven Classes: Bard, Warlock, or Wizard",shared.json
Infusion of Eloquence,"When you cast a spell that deals damage, you can invoke additional words of power to change the spell’s damage type to your choice of psychic or radiant. Any creature damaged by the spell takes extra damage equal to your proficiency bonus and has its emotions swayed with despair or adoration, based on the damage type dealt:

Psychic. The creature is frightened of you until the start of your next turn. Radiant. The creature is charmed by you until the start of your next turn.

You can use this feature a number of times equal to your proficiency bonus, and you regain all expended uses when you finish a long rest.",10,Wizard,Mage of Silverquill (UA),False,,"Unearthed Arcana 79 - Mages of Strixhaven Classes: Bard, Warlock, or Wizard",shared.json
Inky Shroud,"You learn the Darkness spell, and it is added to your class spell list if it isn’t there already. If you are a wizard, you add it to your spellbook, if it’s not there already.

You can cast the spell without expending a spell slot, and you can’t do so again until you finish a long rest. When you cast the spell in this way, you can see normally through the darkness created, and when a creature you can see starts its turn in the darkness, you can deal 2d10 psychic damage to that creature.

You can also cast the spell normally, without the additional effects, by using spell slots you have of 2nd level or higher.",6,Bard,Mage of Silverquill (UA),False,,"Unearthed Arcana 79 - Mages of Strixhaven Classes: Bard, Warlock, or Wizard",shared.json
Inky Shroud,"You learn the Darkness spell, and it is added to your class spell list if it isn’t there already. If you are a wizard, you add it to your spellbook, if it’s not there already.

You can cast the spell without expending a spell slot, and you can’t do so again until you finish a long rest. When you cast the spell in this way, you can see normally through the darkness created, and when a creature you can see starts its turn in the darkness, you can deal 2d10 psychic damage to that creature.

You can also cast the spell normally, without the additional effects, by using spell slots you have of 2nd level or higher.",6,Warlock,Mage of Silverquill (UA),False,,"Unearthed Arcana 79 - Mages of Strixhaven Classes: Bard, Warlock, or Wizard",shared.json
Inky Shroud,"You learn the Darkness spell, and it is added to your class spell list if it isn’t there already. If you are a wizard, you add it to your spellbook, if it’s not there already.

You can cast the spell without expending a spell slot, and you can’t do so again until you finish a long rest. When you cast the spell in this way, you can see normally through the darkness created, and when a creature you can see starts its turn in the darkness, you can deal 2d10 psychic damage to that creature.

You can also cast the spell normally, without the additional effects, by using spell slots you have of 2nd level or higher.",6,Wizard,Mage of Silverquill (UA),False,,"Unearthed Arcana 79 - Mages of Strixhaven Classes: Bard, Warlock, or Wizard",shared.json
Kinetic Artistry,"You can Dash as a bonus action. When you take this bonus action, choose one of the following additional effects:

Boreal Sweep. Icy water swirls around you. Until the end of your turn, you can move across the surface of water as if it were harmless solid ground. Additionally, when you leave a space within 5 feet of a creature, you can force that creature to make a Strength saving throw against your spell save DC. On a failed save, the creature is knocked prone. A creature can be affected by the water only once each turn.

Scorching Whirl. Flames wreath your steps. Once before the end of your turn, you can force each creature within 5 feet of you to make a Dexterity saving throw against your spell save DC. On a failure, a creature takes fire damage equal to 1d4 + your spellcasting modifier.

Thunderlight Jaunt. You take on a nimble lightning form. Until the end of your turn, you can move through the space of other creatures, and you do not provoke opportunity attacks. If you end your turn inside a creature’s space, you are pushed into the nearest unoccupied space.

You can use a bonus action in this way a number of times equal to your proficiency bonus, and you regain all expended uses when you finish a long rest.",1,Druid,Mage of Prismari (UA),False,,"Unearthed Arcana 79 - Mages of Strixhaven Classes: Druid, Sorcerer, Wizard",shared.json
Kinetic Artistry,"You can Dash as a bonus action. When you take this bonus action, choose one of the following additional effects:

Boreal Sweep. Icy water swirls around you. Until the end of your turn, you can move across the surface of water as if it were harmless solid ground. Additionally, when you leave a space within 5 feet of a creature, you can force that creature to make a Strength saving throw against your spell save DC. On a failed save, the creature is knocked prone. A creature can be affected by the water only once each turn.

Scorching Whirl. Flames wreath your steps. Once before the end of your turn, you can force each creature within 5 feet of you to make a Dexterity saving throw against your spell save DC. On a failure, a creature takes fire damage equal to 1d4 + your spellcasting modifier.

Thunderlight Jaunt. You take on a nimble lightning form. Until the end of your turn, you can move through the space of other creatures, and you do not provoke opportunity attacks. If you end your turn inside a creature’s space, you are pushed into the nearest unoccupied space.

You can use a bonus action in this way a number of times equal to your proficiency bonus, and you regain all expended uses when you finish a long rest.",1,Sorcerer,Mage of Prismari (UA),False,,"Unearthed Arcana 79 - Mages of Strixhaven Classes: Druid, Sorcerer, Wizard",shared.json
Kinetic Artistry,"You can Dash as a bonus action. When you take this bonus action, choose one of the following additional effects:

Boreal Sweep. Icy water swirls around you. Until the end of your turn, you can move across the surface of water as if it were harmless solid ground. Additionally, when you leave a space within 5 feet of a creature, you can force that creature to make a Strength saving throw against your spell save DC. On a failed save, the creature is knocked prone. A creature can be affected by the water only once each turn.

Scorching Whirl. Flames wreath your steps. Once before the end of your turn, you can force each creature within 5 feet of you to make a Dexterity saving throw against your spell save DC. On a failure, a creature takes fire damage equal to 1d4 + your spellcasting modifier.

Thunderlight Jaunt. You take on a nimble lightning form. Until the end of your turn, you can move through the space of other creatures, and you do not provoke opportunity attacks. If you end your turn inside a creature’s space, you are pushed into the nearest unoccupied space.

You can use a bonus action in this way a number of times equal to your proficiency bonus, and you regain all expended uses when you finish a long rest.",1,Wizard,Mage of Prismari (UA),False,,"Unearthed Arcana 79 - Mages of Strixhaven Classes: Druid, Sorcerer, Wizard",shared.json
Land's Stride,"Starting at 6th level, moving through nonmagical difficult terrain costs you no extra movement. You can also pass through nonmagical plants without being slowed by them and without taking damage from them if they have thorns, spines, or a similar hazard.

In addition, you have advantage on saving throws against plants that are magically created or manipulated to impede movement, such as those created by the Entangle spell.",6,Druid,Circle of the Land,False,,Player's Handbook,shared.json
Land's Stride,"Starting at 6th level, moving through nonmagical difficult terrain costs you no extra movement. You can also pass through nonmagical plants without being slowed by them and without taking damage from them if they have thorns, spines, or a similar hazard.

In addition, you have advantage on saving throws against plants that are magically created or manipulated to impede movement, such as those created by the Entangle spell.",6,Ranger,,False,,Player's Handbook,shared.json
Lessons of the Past,"Through your studies, you learn how to better listen and take to heart the teachings of history. When you bond with your ancient companion, you gain the following additional benefits depending on the type of spirit you chose:

• Healer. Your hit point maximum increases by an amount equal to your level in this class, and you gain the same number of hit points. When you regain hit points from a spell, you regain an additional 1d8 hit points.

• Sage. You have advantage on ability checks using the Arcana, History, Nature, and Religion skills. Additionally, once per turn, when you deal damage to a creature with a spell of 1st-level or higher, you can deal an additional 1d8 force damage to that creature.

• Warrior. If you use your action to cast a cantrip, you can make one weapon attack as part of that action. If that weapon attack hits, the target takes an additional 1d8 radiant damage.

When you bond with a new ancient companion of a different type, you immediately lose the benefits of your previous companion and gain the benefits from the new companion’s type.",6,Bard,Mage of Lorehold (UA),False,,"Unearthed Arcana 79 - Mages of Strixhaven Classes: Bard, Warlock, Wizard",shared.json
Lessons of the Past,"Through your studies, you learn how to better listen and take to heart the teachings of history. When you bond with your ancient companion, you gain the following additional benefits depending on the type of spirit you chose:

• Healer. Your hit point maximum increases by an amount equal to your level in this class, and you gain the same number of hit points. When you regain hit points from a spell, you regain an additional 1d8 hit points.

• Sage. You have advantage on ability checks using the Arcana, History, Nature, and Religion skills. Additionally, once per turn, when you deal damage to a creature with a spell of 1st-level or higher, you can deal an additional 1d8 force damage to that creature.

• Warrior. If you use your action to cast a cantrip, you can make one weapon attack as part of that action. If that weapon attack hits, the target takes an additional 1d8 radiant damage.

When you bond with a new ancient companion of a different type, you immediately lose the benefits of your previous companion and gain the benefits from the new companion’s type.",6,Warlock,Mage of Lorehold (UA),False,,"Unearthed Arcana 79 - Mages of Strixhaven Classes: Bard, Warlock, Wizard",shared.json
Lessons of the Past,"Through your studies, you learn how to better listen and take to heart the teachings of history. When you bond with your ancient companion, you gain the following additional benefits depending on the type of spirit you chose:

• Healer. Your hit point maximum increases by an amount equal to your level in this class, and you gain the same number of hit points. When you regain hit points from a spell, you regain an additional 1d8 hit points.

• Sage. You have advantage on ability checks using the Arcana, History, Nature, and Religion skills. Additionally, once per turn, when you deal damage to a creature with a spell of 1st-level or higher, you can deal an additional 1d8 force damage to that creature.

• Warrior. If you use your action to cast a cantrip, you can make one weapon attack as part of that action. If that weapon attack hits, the target takes an additional 1d8 radiant damage.

When you bond with a new ancient companion of a different type, you immediately lose the benefits of your previous companion and gain the benefits from the new companion’s type.",6,Wizard,Mage of Lorehold (UA),False,,"Unearthed Arcana 79 - Mages of Strixhaven Classes: Bard, Warlock, Wizard",shared.json
Lorehold Spells,"You learn the cantrip Sacred Flame and the 1st level spell Comprehend Languages. You learn additional spells when you reach certain levels in this class, as shown on the Lorehold Spells table.

Each of these spells counts as a class spell for you, but it doesn’t count against the number of spells you know. If you are a wizard, you can add these spells to your spellbook upon learning them, without expending any gold, and prepare them as normal.",1,Bard,Mage of Lorehold (UA),False,,"Unearthed Arcana 79 - Mages of Strixhaven Classes: Bard, Warlock, Wizard",shared.json
Lorehold Spells,"You learn the cantrip Sacred Flame and the 1st level spell Comprehend Languages. You learn additional spells when you reach certain levels in this class, as shown on the Lorehold Spells table.

Each of these spells counts as a class spell for you, but it doesn’t count against the number of spells you know. If you are a wizard, you can add these spells to your spellbook upon learning them, without expending any gold, and prepare them as normal.",1,Warlock,Mage of Lorehold (UA),False,,"Unearthed Arcana 79 - Mages of Strixhaven Classes: Bard, Warlock, Wizard",shared.json
Lorehold Spells,"You learn the cantrip Sacred Flame and the 1st level spell Comprehend Languages. You learn additional spells when you reach certain levels in this class, as shown on the Lorehold Spells table.

Each of these spells counts as a class spell for you, but it doesn’t count against the number of spells you know. If you are a wizard, you can add these spells to your spellbook upon learning them, without expending any gold, and prepare them as normal.",1,Wizard,Mage of Lorehold (UA),False,,"Unearthed Arcana 79 - Mages of Strixhaven Classes: Bard, Warlock, Wizard",shared.json
Natural Explorer,"At 3rd level, you are particularly familiar with one type of natural environment and are adept at traveling and surviving in such regions. Choose one type of favored terrain: arctic, coast, desert, forest, grassland, mountain, swamp, or the Underdark. When you make an Intelligence or Wisdom check related to your favored terrain, your proficiency bonus is doubled if you are using a skill that you’re proficient in.

While traveling for an hour or more in your favored terrain, you gain the following benefits:

• Difficult terrain doesn’t slow your group’s travel.

• Your group can’t become lost except by magical means.

• Even when you are engaged in another activity while traveling (such as foraging, navigating, or tracking), you remain alert to danger.

• If you are traveling alone, you can move stealthily at a normal pace.

• When you forage, you find twice as much food as you normally would.

While tracking other creatures, you also learn their exact number, their sizes, and how long ago they passed through the area.

You choose additional favored terrain types at 7th and 15th level.",3,Fighter,Scout,False,,Unearthed Arcana 12 - Kits of Old,shared.json
Natural Explorer,"At 3rd level, you are particularly familiar with one type of natural environment and are adept at traveling and surviving in such regions. Choose one type of favored terrain: arctic, coast, desert, forest, grassland, mountain, swamp, or the Underdark. When you make an Intelligence or Wisdom check related to your favored terrain, your proficiency bonus is doubled if you are using a skill that you’re proficient in.

While traveling for an hour or more in your favored terrain, you gain the following benefits:

• Difficult terrain doesn’t slow your group’s travel.

• Your group can’t become lost except by magical means.

• Even when you are engaged in another activity while traveling (such as foraging, navigating, or tracking), you remain alert to danger.

• If you are traveling alone, you can move stealthily at a normal pace.

• When you forage, you find twice as much food as you normally would.

While tracking other creatures, you also learn their exact number, their sizes, and how long ago they passed through the area.

You choose additional favored terrain types at 7th and 15th level.",3,Ranger,,False,,Unearthed Arcana 12 - Kits of Old,shared.json
Null Equation,"Through careful calculations, you beset your enemies with abstract equations that reduce their might. Once per turn, immediately after dealing damage to a creature, you can force the creature to make a Constitution saving throw against your spell save DC. On a failure, the creature has disadvantage on Strength and Dexterity saving throws, and its weapon attacks deal only half damage. These effects last until the start of your next turn.

You can use this feature a number of times equal to your proficiency bonus, and you regain all expended uses when you finish a long rest.",10,Sorcerer,Mage of Quandrix (UA),False,,"Unearthed Arcana 79 - Mages of Strixhaven Classes: Sorcerer, Wizard",shared.json
Null Equation,"Through careful calculations, you beset your enemies with abstract equations that reduce their might. Once per turn, immediately after dealing damage to a creature, you can force the creature to make a Constitution saving throw against your spell save DC. On a failure, the creature has disadvantage on Strength and Dexterity saving throws, and its weapon attacks deal only half damage. These effects last until the start of your next turn.

You can use this feature a number of times equal to your proficiency bonus, and you regain all expended uses when you finish a long rest.",10,Wizard,Mage of Quandrix (UA),False,,"Unearthed Arcana 79 - Mages of Strixhaven Classes: Sorcerer, Wizard",shared.json
Psi Replenishment,"Starting at 3rd level, as a bonus action, you can calm your mind for a moment and restore your Psionic Talent die to its starting size. You then can’t use Psi Replenishment again until you finish a long rest.",3,Fighter,Psi Knight,False,,Unearthed Arcana 71 - Psionic Options Revisited,shared.json
Psi Replenishment,"Starting at 3rd level, as a bonus action, you can calm your mind for a moment and restore your Psionic Talent die to its starting size. You then can’t use Psi Replenishment again until you finish a long rest.",3,Sorcerer,Psionic Soul,False,,Unearthed Arcana 71 - Psionic Options Revisited,shared.json
Quandrix Spells,"You learn the cantrip Guidance and the 1st-level spell Guiding Bolt. You learn additional spells when you reach certain levels in this class, as shown on the Quandrix Spells table.

Each of these spells counts as a class spell for you, but it doesn’t count against the number of spells you know. If you are a wizard, you can add these spells to your spellbook upon learning them, without expending any gold, and prepare them as normal.

Quandrix Spells",1,Sorcerer,Mage of Quandrix (UA),False,,"Unearthed Arcana 79 - Mages of Strixhaven Classes: Sorcerer, Wizard",shared.json
Quandrix Spells,"You learn the cantrip Guidance and the 1st-level spell Guiding Bolt. You learn additional spells when you reach certain levels in this class, as shown on the Quandrix Spells table.

Each of these spells counts as a class spell for you, but it doesn’t count against the number of spells you know. If you are a wizard, you can add these spells to your spellbook upon learning them, without expending any gold, and prepare them as normal.

Quandrix Spells",1,Wizard,Mage of Quandrix (UA),False,,"Unearthed Arcana 79 - Mages of Strixhaven Classes: Sorcerer, Wizard",shared.json
Quantum Tunneling,"Your mathematical expertise extends to altering the foundational equations of your very being. You gain resistance to bludgeoning, piercing, and slashing damage.

Additionally, you can move through other creatures and objects as if they were difficult terrain, but you take 1d10 force damage for every 5 feet you move while inside another creature or object. If you end your turn inside a creature or an object, you are shunted into the nearest unoccupied space you last occupied.",14,Sorcerer,Mage of Quandrix (UA),False,,"Unearthed Arcana 79 - Mages of Strixhaven Classes: Sorcerer, Wizard",shared.json
Quantum Tunneling,"Your mathematical expertise extends to altering the foundational equations of your very being. You gain resistance to bludgeoning, piercing, and slashing damage.

Additionally, you can move through other creatures and objects as if they were difficult terrain, but you take 1d10 force damage for every 5 feet you move while inside another creature or object. If you end your turn inside a creature or an object, you are shunted into the nearest unoccupied space you last occupied.",14,Wizard,Mage of Quandrix (UA),False,,"Unearthed Arcana 79 - Mages of Strixhaven Classes: Sorcerer, Wizard",shared.json
Silvery Barbs,"You can invoke words laced with magic to demoralize your foes and turn their misfortune into a boon to bolster your allies. Immediately after a creature you can see within 60 feet of you succeeds on an attack roll, an ability check, or a saving throw, you can use your reaction to demoralize the creature. Unless the creature is immune to being charmed, it rerolls the d20 and must use the lower roll. If the attack roll, ability check, or saving throw then fails, you can choose a different creature you can see within 60 feet of you (you can choose yourself). That creature is empowered, and can reroll one attack roll, ability check, or saving throw it makes within 1 minute and use the higher result. A creature can be empowered by only one use of this feature at a time.

Once a creature fails an attack roll, an ability check, or a saving throw because of a reroll forced by this feature, you can’t use the feature again until you finish a long rest, unless you expend a spell slot to use it again.",1,Bard,Mage of Silverquill (UA),False,,"Unearthed Arcana 79 - Mages of Strixhaven Classes: Bard, Warlock, or Wizard",shared.json
Silvery Barbs,"You can invoke words laced with magic to demoralize your foes and turn their misfortune into a boon to bolster your allies. Immediately after a creature you can see within 60 feet of you succeeds on an attack roll, an ability check, or a saving throw, you can use your reaction to demoralize the creature. Unless the creature is immune to being charmed, it rerolls the d20 and must use the lower roll. If the attack roll, ability check, or saving throw then fails, you can choose a different creature you can see within 60 feet of you (you can choose yourself). That creature is empowered, and can reroll one attack roll, ability check, or saving throw it makes within 1 minute and use the higher result. A creature can be empowered by only one use of this feature at a time.

Once a creature fails an attack roll, an ability check, or a saving throw because of a reroll forced by this feature, you can’t use the feature again until you finish a long rest, unless you expend a spell slot to use it again.",1,Warlock,Mage of Silverquill (UA),False,,"Unearthed Arcana 79 - Mages of Strixhaven Classes: Bard, Warlock, or Wizard",shared.json
Silvery Barbs,"You can invoke words laced with magic to demoralize your foes and turn their misfortune into a boon to bolster your allies. Immediately after a creature you can see within 60 feet of you succeeds on an attack roll, an ability check, or a saving throw, you can use your reaction to demoralize the creature. Unless the creature is immune to being charmed, it rerolls the d20 and must use the lower roll. If the attack roll, ability check, or saving throw then fails, you can choose a different creature you can see within 60 feet of you (you can choose yourself). That creature is empowered, and can reroll one attack roll, ability check, or saving throw it makes within 1 minute and use the higher result. A creature can be empowered by only one use of this feature at a time.

Once a creature fails an attack roll, an ability check, or a saving throw because of a reroll forced by this feature, you can’t use the feature again until you finish a long rest, unless you expend a spell slot to use it again.",1,Wizard,Mage of Silverquill (UA),False,,"Unearthed Arcana 79 - Mages of Strixhaven Classes: Bard, Warlock, or Wizard",shared.json
Spellcasting,"Spellcasting:
When you reach 3rd level, you augment your martial prowess with the ability to cast spells.

Cantrips

You learn two cantrips of your choice from the wizard spell list. You learn an additional wizard cantrip of your choice at 10th level.

Spell Slots

The Eldritch Knight Spellcasting table shows how many spell slots you have to cast your wizard spells of 1st level and higher. To cast one of these spells, you must expend a slot of the spell's level or higher. You regain all expended spell slots when you finish a long rest.

For example, if you know the 1st-level spell Shield and have a 1st-level and a 2nd-level spell slot available, you can cast Shield using either slot.

Spells Known of 1st Level and Higher

You know three 1st-level wizard spells of your choice, two of which you must choose from the abjuration and evocation spells on the wizard spell list.

The Spells Known column of the Eldritch Knight Spellcasting table shows when you learn more wizard spells of 1st level or higher. Each of these spells must be an abjuration or evocation spell of your choice, and must be of a level for which you have spell slots. For instance, when you reach 7th level in this class, you can learn one new spell of 1st or 2nd level.

The spells you learn at 8th, 14th, and 20th level can come from any school of magic.

Whenever you gain a level in this class, you can replace one of the wizard spells you know with another spell of your choice from the wizard spell list. The new spell must be of a level for which you have spell slots, and it must be an abjuration or evocation spell, unless you're replacing the spell you gained at 3rd, 8th, 14th, or 20th level from any school of magic.

Spellcasting Ability

Intelligence is your spellcasting ability for your wizard spells, since you learn your spells through study and memorization. You use your Intelligence whenever a spell refers to your spellcasting ability. In addition, you use your Intelligence modifier when setting the saving throw DC for a wizard spell you cast and when making an attack roll with one.

Spell save DC = 8 + your proficiency bonus + your Intelligence modifier

Spell attack modifier = your proficiency bonus + your Intelligence modifier",3,Fighter,Eldritch Knight,False,,,shared.json
Spellcasting,"Spellcasting:
When you reach 3rd level, you augment your martial prowess with the ability to cast spells.

Cantrips

You learn two cantrips of your choice from the wizard spell list. You learn an additional wizard cantrip of your choice at 10th level.

Spell Slots

The Eldritch Knight Spellcasting table shows how many spell slots you have to cast your wizard spells of 1st level and higher. To cast one of these spells, you must expend a slot of the spell's level or higher. You regain all expended spell slots when you finish a long rest.

For example, if you know the 1st-level spell Shield and have a 1st-level and a 2nd-level spell slot available, you can cast Shield using either slot.

Spells Known of 1st Level and Higher

You know three 1st-level wizard spells of your choice, two of which you must choose from the abjuration and evocation spells on the wizard spell list.

The Spells Known column of the Eldritch Knight Spellcasting table shows when you learn more wizard spells of 1st level or higher. Each of these spells must be an abjuration or evocation spell of your choice, and must be of a level for which you have spell slots. For instance, when you reach 7th level in this class, you can learn one new spell of 1st or 2nd level.

The spells you learn at 8th, 14th, and 20th level can come from any school of magic.

Whenever you gain a level in this class, you can replace one of the wizard spells you know with another spell of your choice from the wizard spell list. The new spell must be of a level for which you have spell slots, and it must be an abjuration or evocation spell, unless you're replacing the spell you gained at 3rd, 8th, 14th, or 20th level from any school of magic.

Spellcasting Ability

Intelligence is your spellcasting ability for your wizard spells, since you learn your spells through study and memorization. You use your Intelligence whenever a spell refers to your spellcasting ability. In addition, you use your Intelligence modifier when setting the saving throw DC for a wizard spell you cast and when making an attack roll with one.

Spell save DC = 8 + your proficiency bonus + your Intelligence modifier

Spell attack modifier = your proficiency bonus + your Intelligence modifier",3,Rogue,Arcane Trickster,False,,,shared.json
Using This Subclass,"Upon selecting the Mage of Lorehold subclass, you gain two features: Lorehold Spells and Ancient Companion.

In this subclass’s features, any reference to your class refers to the class from which you gained the subclass. If you’re a bard, the College of Lorehold counts as your college; if you’re a warlock, the magic of the college serves as your patron; and if you’re a wizard, the college represents your arcane tradition.

When you subsequently reach a level in your class that gives you a subclass feature, you gain one feature of your choice from the options presented here. Each feature has a class level prerequisite, as noted beneath its name. You must meet that prerequisite to gain the feature.",3,Bard,Mage of Lorehold (UA),False,,"Unearthed Arcana 79 - Mages of Strixhaven Classes: Bard, Warlock, Wizard",shared.json
Using This Subclass,"Upon selecting the Mage of Lorehold subclass, you gain two features: Lorehold Spells and Ancient Companion.

In this subclass’s features, any reference to your class refers to the class from which you gained the subclass. If you’re a bard, the College of Lorehold counts as your college; if you’re a warlock, the magic of the college serves as your patron; and if you’re a wizard, the college represents your arcane tradition.

When you subsequently reach a level in your class that gives you a subclass feature, you gain one feature of your choice from the options presented here. Each feature has a class level prerequisite, as noted beneath its name. You must meet that prerequisite to gain the feature.",3,Warlock,Mage of Lorehold (UA),False,,"Unearthed Arcana 79 - Mages of Strixhaven Classes: Bard, Warlock, Wizard",shared.json
Using This Subclass,"Upon selecting the Mage of Lorehold subclass, you gain two features: Lorehold Spells and Ancient Companion.

In this subclass’s features, any reference to your class refers to the class from which you gained the subclass. If you’re a bard, the College of Lorehold counts as your college; if you’re a warlock, the magic of the college serves as your patron; and if you’re a wizard, the college represents your arcane tradition.

When you subsequently reach a level in your class that gives you a subclass feature, you gain one feature of your choice from the options presented here. Each feature has a class level prerequisite, as noted beneath its name. You must meet that prerequisite to gain the feature.",3,Wizard,Mage of Lorehold (UA),False,,"Unearthed Arcana 79 - Mages of Strixhaven Classes: Bard, Warlock, Wizard",shared.json
Using This Subclass,"Upon selecting the Mage of Silverquill subclass, you gain two features: Eloquent Apprentice and Silvery Barbs.

In this subclass’s features, any reference to your class refers to the class from which you gained the subclass. If you’re a bard, the College of Silverquill counts as your college, if you’re a warlock, the college counts as your patron, and if you’re a wizard, the college counts as your tradition.

When you subsequently reach a level in your class that gives you a subclass feature, you gain one feature of your choice from the options presented here. Each feature has a class level prerequisite, as noted beneath its name. You must meet that prerequisite to gain the feature.",3,Bard,Mage of Silverquill (UA),False,,"Unearthed Arcana 79 - Mages of Strixhaven Classes: Bard, Warlock, or Wizard",shared.json
Using This Subclass,"Upon selecting the Mage of Silverquill subclass, you gain two features: Eloquent Apprentice and Silvery Barbs.

In this subclass’s features, any reference to your class refers to the class from which you gained the subclass. If you’re a bard, the College of Silverquill counts as your college, if you’re a warlock, the college counts as your patron, and if you’re a wizard, the college counts as your tradition.

When you subsequently reach a level in your class that gives you a subclass feature, you gain one feature of your choice from the options presented here. Each feature has a class level prerequisite, as noted beneath its name. You must meet that prerequisite to gain the feature.",3,Warlock,Mage of Silverquill (UA),False,,"Unearthed Arcana 79 - Mages of Strixhaven Classes: Bard, Warlock, or Wizard",shared.json
Using This Subclass,"Upon selecting the Mage of Silverquill subclass, you gain two features: Eloquent Apprentice and Silvery Barbs.

In this subclass’s features, any reference to your class refers to the class from which you gained the subclass. If you’re a bard, the College of Silverquill counts as your college, if you’re a warlock, the college counts as your patron, and if you’re a wizard, the college counts as your tradition.

When you subsequently reach a level in your class that gives you a subclass feature, you gain one feature of your choice from the options presented here. Each feature has a class level prerequisite, as noted beneath its name. You must meet that prerequisite to gain the feature.",3,Wizard,Mage of Silverquill (UA),False,,"Unearthed Arcana 79 - Mages of Strixhaven Classes: Bard, Warlock, or Wizard",shared.json
Using This Subclass,"Upon selecting the Mage of Prismari subclass, you gain two features: Creative Skills and Kinetic Artistry.

In this subclass’s features, any reference to your class refers to the class from which you gained the subclass. If you’re a druid, the College of Prismari counts as your circle; if you’re a sorcerer, the magic of the college is the origin of your sorcery; and if you’re a wizard, the college represents your arcane tradition.

When you subsequently reach a level in your class that gives you a subclass feature, you gain one feature of your choice from the options presented here. Each feature has a class level prerequisite, as noted beneath its name. You must meet that prerequisite to gain the feature.",3,Druid,Mage of Prismari (UA),False,,"Unearthed Arcana 79 - Mages of Strixhaven Classes: Druid, Sorcerer, Wizard",shared.json
Using This Subclass,"Upon selecting the Mage of Prismari subclass, you gain two features: Creative Skills and Kinetic Artistry.

In this subclass’s features, any reference to your class refers to the class from which you gained the subclass. If you’re a druid, the College of Prismari counts as your circle; if you’re a sorcerer, the magic of the college is the origin of your sorcery; and if you’re a wizard, the college represents your arcane tradition.

When you subsequently reach a level in your class that gives you a subclass feature, you gain one feature of your choice from the options presented here. Each feature has a class level prerequisite, as noted beneath its name. You must meet that prerequisite to gain the feature.",3,Sorcerer,Mage of Prismari (UA),False,,"Unearthed Arcana 79 - Mages of Strixhaven Classes: Druid, Sorcerer, Wizard",shared.json
Using This Subclass,"Upon selecting the Mage of Prismari subclass, you gain two features: Creative Skills and Kinetic Artistry.

In this subclass’s features, any reference to your class refers to the class from which you gained the subclass. If you’re a druid, the College of Prismari counts as your circle; if you’re a sorcerer, the magic of the college is the origin of your sorcery; and if you’re a wizard, the college represents your arcane tradition.

When you subsequently reach a level in your class that gives you a subclass feature, you gain one feature of your choice from the options presented here. Each feature has a class level prerequisite, as noted beneath its name. You must meet that prerequisite to gain the feature.",3,Wizard,Mage of Prismari (UA),False,,"Unearthed Arcana 79 - Mages of Strixhaven Classes: Druid, Sorcerer, Wizard",shared.json
Using This Subclass,"Upon selecting the Mage of Witherbloom subclass, you gain two features: Witherbloom Spells and Essence Tap.

In this subclass’s features, any reference to your class refers to the class from which you gained the subclass. If you’re a druid, the College of Witherbloom counts as your circle, and if you’re a warlock, the college counts as your patron.

When you subsequently reach a level in your class that gives you a subclass feature, you gain one feature of your choice from the options presented here. Each feature has a class level prerequisite, as noted beneath its name. You must meet that prerequisite to gain the feature.",3,Druid,Mage Of Witherbloom (UA),False,,"Unearthed Arcana 79 - Mages of Strixhaven Classes: Druid, Warlock",shared.json
Using This Subclass,"Upon selecting the Mage of Witherbloom subclass, you gain two features: Witherbloom Spells and Essence Tap.

In this subclass’s features, any reference to your class refers to the class from which you gained the subclass. If you’re a druid, the College of Witherbloom counts as your circle, and if you’re a warlock, the college counts as your patron.

When you subsequently reach a level in your class that gives you a subclass feature, you gain one feature of your choice from the options presented here. Each feature has a class level prerequisite, as noted beneath its name. You must meet that prerequisite to gain the feature.",3,Warlock,Mage Of Witherbloom (UA),False,,"Unearthed Arcana 79 - Mages of Strixhaven Classes: Druid, Warlock",shared.json
Using This Subclass,"Upon selecting the Mage of Quandrix subclass, you gain two features: Quandrix Spells and Functions of Probability.

In this subclass’s features, any reference to your class refers to the class from which you gained the subclass. If you’re a sorcerer, the magic of Quandrix is part of your sorcerous origin, and if you’re a wizard, the college represents your arcane tradition.

When you subsequently reach a level in your class that gives you a subclass feature, you gain one feature of your choice from the options presented here. Each feature has a class level prerequisite, as noted beneath its name. You must meet that prerequisite to gain the feature.",3,Sorcerer,Mage of Quandrix (UA),False,,"Unearthed Arcana 79 - Mages of Strixhaven Classes: Sorcerer, Wizard",shared.json
Using This Subclass,"Upon selecting the Mage of Quandrix subclass, you gain two features: Quandrix Spells and Functions of Probability.

In this subclass’s features, any reference to your class refers to the class from which you gained the subclass. If you’re a sorcerer, the magic of Quandrix is part of your sorcerous origin, and if you’re a wizard, the college represents your arcane tradition.

When you subsequently reach a level in your class that gives you a subclass feature, you gain one feature of your choice from the options presented here. Each feature has a class level prerequisite, as noted beneath its name. You must meet that prerequisite to gain the feature.",3,Wizard,Mage of Quandrix (UA),False,,"Unearthed Arcana 79 - Mages of Strixhaven Classes: Sorcerer, Wizard",shared.json
Velocity Shift,"You learn to manipulate kinetic formulas and alter the velocity of another creature. When a creature you can see starts its turn or moves to a space within 30 feet of you, you can use your reaction to force the creature to make a Charisma saving throw against your spell save DC, which it can choose to fail. On a failure, the creature is teleported to an unoccupied space of your choice that you can see within 30 feet of you.

You can use your reaction in this way a number of times equal to your proficiency bonus, and you regain all expended uses when you finish a long rest.",6,Sorcerer,Mage of Quandrix (UA),False,,"Unearthed Arcana 79 - Mages of Strixhaven Classes: Sorcerer, Wizard",shared.json
Velocity Shift,"You learn to manipulate kinetic formulas and alter the velocity of another creature. When a creature you can see starts its turn or moves to a space within 30 feet of you, you can use your reaction to force the creature to make a Charisma saving throw against your spell save DC, which it can choose to fail. On a failure, the creature is teleported to an unoccupied space of your choice that you can see within 30 feet of you.

You can use your reaction in this way a number of times equal to your proficiency bonus, and you regain all expended uses when you finish a long rest.",6,Wizard,Mage of Quandrix (UA),False,,"Unearthed Arcana 79 - Mages of Strixhaven Classes: Sorcerer, Wizard",shared.json
War Echoes,"By pulling from the magic of the past, you can cause your opponent’s old wounds to resonate anew. Once per turn, when a creature you can see hits a target with an attack roll, you can use your reaction to force the target to make a Wisdom saving throw against your spell save DC. On a failure, the target becomes vulnerable to one of the damage types dealt by the attack. This vulnerability lasts until the end of the target’s next turn and affects the damage dealt by the triggering attack.

You can use your reaction in this way a number of times equal to your proficiency bonus, and you regain all expended uses when you finish a long rest.",10,Bard,Mage of Lorehold (UA),False,,"Unearthed Arcana 79 - Mages of Strixhaven Classes: Bard, Warlock, Wizard",shared.json
War Echoes,"By pulling from the magic of the past, you can cause your opponent’s old wounds to resonate anew. Once per turn, when a creature you can see hits a target with an attack roll, you can use your reaction to force the target to make a Wisdom saving throw against your spell save DC. On a failure, the target becomes vulnerable to one of the damage types dealt by the attack. This vulnerability lasts until the end of the target’s next turn and affects the damage dealt by the triggering attack.

You can use your reaction in this way a number of times equal to your proficiency bonus, and you regain all expended uses when you finish a long rest.",10,Warlock,Mage of Lorehold (UA),False,,"Unearthed Arcana 79 - Mages of Strixhaven Classes: Bard, Warlock, Wizard",shared.json
War Echoes,"By pulling from the magic of the past, you can cause your opponent’s old wounds to resonate anew. Once per turn, when a creature you can see hits a target with an attack roll, you can use your reaction to force the target to make a Wisdom saving throw against your spell save DC. On a failure, the target becomes vulnerable to one of the damage types dealt by the attack. This vulnerability lasts until the end of the target’s next turn and affects the damage dealt by the triggering attack.

You can use your reaction in this way a number of times equal to your proficiency bonus, and you regain all expended uses when you finish a long rest.",10,Wizard,Mage of Lorehold (UA),False,,"Unearthed Arcana 79 - Mages of Strixhaven Classes: Bard, Warlock, Wizard",shared.json
Witherbloom Adept,"Your connection to the flow of life force deepens. Once per turn when you deal necrotic damage or restore hit points using a spell, one target of the spell takes additional damage or regains additional hit points equal to your proficiency bonus.",10,Druid,Mage Of Witherbloom (UA),False,,"Unearthed Arcana 79 - Mages of Strixhaven Classes: Druid, Warlock",shared.json
Witherbloom Adept,"Your connection to the flow of life force deepens. Once per turn when you deal necrotic damage or restore hit points using a spell, one target of the spell takes additional damage or regains additional hit points equal to your proficiency bonus.",10,Warlock,Mage Of Witherbloom (UA),False,,"Unearthed Arcana 79 - Mages of Strixhaven Classes: Druid, Warlock",shared.json
Witherbloom Brew,"You gain proficiency with herbalism kits if you don’t already have it.

When you finish a long rest, you can use an herbalism kit and a pot or cauldron to create magical brews. You create a number of brews equal to your proficiency bonus. Each brew requires its own flask. A brew retains its magical potency for 24 hours or until it is used. For each brew, choose one of the following effects:

Fortifying. When you create this brew, choose a damage type from the following list: cold, fire, necrotic, poison, or radiant. A creature can drink this brew or administer it to another creature as an action. The recipient gains resistance to the chosen damage type for 1 hour.

Quickening. A creature can drink this brew or administer it to another creature as an action. The recipient regains 2d6 hit points, and one disease or condition from the following list affecting the recipient ends (brew user’s choice): charmed, frightened, paralyzed, poisoned, stunned.

Toxifying. As an action, a creature can apply this brew to a simple or martial weapon. The next time the weapon or a piece of ammunition fired by it hits a creature within 1 hour, the target takes 2d6 poison damage and must succeed on a Constitution saving throw against your spell save DC or be poisoned for 1 minute.",6,Druid,Mage Of Witherbloom (UA),False,,"Unearthed Arcana 79 - Mages of Strixhaven Classes: Druid, Warlock",shared.json
Witherbloom Brew,"You gain proficiency with herbalism kits if you don’t already have it.

When you finish a long rest, you can use an herbalism kit and a pot or cauldron to create magical brews. You create a number of brews equal to your proficiency bonus. Each brew requires its own flask. A brew retains its magical potency for 24 hours or until it is used. For each brew, choose one of the following effects:

Fortifying. When you create this brew, choose a damage type from the following list: cold, fire, necrotic, poison, or radiant. A creature can drink this brew or administer it to another creature as an action. The recipient gains resistance to the chosen damage type for 1 hour.

Quickening. A creature can drink this brew or administer it to another creature as an action. The recipient regains 2d6 hit points, and one disease or condition from the following list affecting the recipient ends (brew user’s choice): charmed, frightened, paralyzed, poisoned, stunned.

Toxifying. As an action, a creature can apply this brew to a simple or martial weapon. The next time the weapon or a piece of ammunition fired by it hits a creature within 1 hour, the target takes 2d6 poison damage and must succeed on a Constitution saving throw against your spell save DC or be poisoned for 1 minute.",6,Warlock,Mage Of Witherbloom (UA),False,,"Unearthed Arcana 79 - Mages of Strixhaven Classes: Druid, Warlock",shared.json
Witherbloom Spells,"You learn the cantrip Spare the Dying and the 1st level spells Cure Wounds and Inflict Wounds. You learn additional spells when you reach certain levels in this class, as shown on the Witherbloom Spells table.

Each of these spells count as a class spell for you, but it doesn’t count against the number of spells you know. If you are a druid, you always have the spells prepared, and they don’t count against the number of spells you can prepare each day.

Witherbloom Spells",1,Druid,Mage Of Witherbloom (UA),False,,"Unearthed Arcana 79 - Mages of Strixhaven Classes: Druid, Warlock",shared.json
Witherbloom Spells,"You learn the cantrip Spare the Dying and the 1st level spells Cure Wounds and Inflict Wounds. You learn additional spells when you reach certain levels in this class, as shown on the Witherbloom Spells table.

Each of these spells count as a class spell for you, but it doesn’t count against the number of spells you know. If you are a druid, you always have the spells prepared, and they don’t count against the number of spells you can prepare each day.

Witherbloom Spells",1,Warlock,Mage Of Witherbloom (UA),False,,"Unearthed Arcana 79 - Mages of Strixhaven Classes: Druid, Warlock",shared.json
Withering Vortex,"When you cast a spell using a spell slot that deals necrotic damage to any number of creatures that aren’t Undead or Constructs, choose one of the creatures that took damage. You drain an amount of life energy equal to half the damage dealt to the chosen creature. One creature other than yourself that you can see within 30 feet of you regains a number of hit points equal to the life energy drained.

You can use this feature a number of times equal to your proficiency bonus, and you regain all expended uses when you finish a long rest.",14,Druid,Mage Of Witherbloom (UA),False,,"Unearthed Arcana 79 - Mages of Strixhaven Classes: Druid, Warlock",shared.json
Withering Vortex,"When you cast a spell using a spell slot that deals necrotic damage to any number of creatures that aren’t Undead or Constructs, choose one of the creatures that took damage. You drain an amount of life energy equal to half the damage dealt to the chosen creature. One creature other than yourself that you can see within 30 feet of you regains a number of hit points equal to the life energy drained.

You can use this feature a number of times equal to your proficiency bonus, and you regain all expended uses when you finish a long rest.",14,Warlock,Mage Of Witherbloom (UA),False,,"Unearthed Arcana 79 - Mages of Strixhaven Classes: Druid, Warlock",shared.json
Word of Power,"You can invoke a word of power that is the pinnacle of your magical study. You gain the following options:

Deadly Despair. When the target of your Silvery Barbs fails an attack roll, an ability check, or a saving throw because of the reroll, you can invoke a word of despair to give the target vulnerability to one damage type of your choice until the start of your next turn.

Selfless Invocation. When a creature you can see within 60 feet of you takes damage, you can invoke a word of power using your reaction to grant the creature resistance to that damage, and you take an amount of psychic damage equal to the damage that creature takes.",14,Bard,Mage of Silverquill (UA),False,,"Unearthed Arcana 79 - Mages of Strixhaven Classes: Bard, Warlock, or Wizard",shared.json
Word of Power,"You can invoke a word of power that is the pinnacle of your magical study. You gain the following options:

Deadly Despair. When the target of your Silvery Barbs fails an attack roll, an ability check, or a saving throw because of the reroll, you can invoke a word of despair to give the target vulnerability to one damage type of your choice until the start of your next turn.

Selfless Invocation. When a creature you can see within 60 feet of you takes damage, you can invoke a word of power using your reaction to grant the creature resistance to that damage, and you take an amount of psychic damage equal to the damage that creature takes.",14,Warlock,Mage of Silverquill (UA),False,,"Unearthed Arcana 79 - Mages of Strixhaven Classes: Bard, Warlock, or Wizard",shared.json
Word of Power,"You can invoke a word of power that is the pinnacle of your magical study. You gain the following options:

Deadly Despair. When the target of your Silvery Barbs fails an attack roll, an ability check, or a saving throw because of the reroll, you can invoke a word of despair to give the target vulnerability to one damage type of your choice until the start of your next turn.

Selfless Invocation. When a creature you can see within 60 feet of you takes damage, you can invoke a word of power using your reaction to grant the creature resistance to that damage, and you take an amount of psychic damage equal to the damage that creature takes.",14,Wizard,Mage of Silverquill (UA),False,,"Unearthed Arcana 79 - Mages of Strixhaven Classes: Bard, Warlock, or Wizard",shared.json
